rally,ball_round,time,frame_num,roundscore_A,roundscore_B,player,server,type,aroundhead,backhand,landing_height,landing_area,landing_x,landing_y,lose_reason,getpoint_player,player_location_area,player_location_x,player_location_y,opponent_location_area,opponent_location_x,opponent_location_y,set,match_id,rally_id
1,1,00:09:47,17620,1,0,2,1,short service,0.0,1,2.0,7,-0.676829268292683,-0.3460416666666666,,,8,184.3,626.2,8,123.6,274.7,1,27,2201
1,2,00:09:48,17650,1,0,16,2,net shot,0.0,0,2.0,7,0.0536585365853659,0.2050520833333333,,,7,134.1,367.79,8,184.3,630.01,1,27,2201
1,3,00:09:49,17673,1,0,2,2,net shot,0.0,1,2.0,7,0.5926829268292683,-0.14484375,,,7,196.7,524.88,8,169.2,345.62,1,27,2201
1,4,00:09:49,17696,1,0,16,2,lob,0.0,1,1.0,6,-1.0060975609756098,1.360625,,,7,208.2,426.03,7,194.8,559.82,1,27,2201
1,5,00:09:51,17733,1,0,2,2,clear,0.0,1,1.0,8,0.6292682926829267,-1.2991666666666666,,,8,115.4,733.29,8,161.8,324.86,1,27,2201
1,6,00:09:52,17770,1,0,16,2,smash,0.0,0,2.0,5,1.270731707317073,1.0287499999999998,,,8,207.3,213.67,8,203.9,684.66,1,27,2201
1,7,00:09:52,17784,1,0,2,2,defensive shot,0.0,0,2.0,7,0.8073170731707315,-0.3199479166666667,,,8,228.3,695.26,8,218.7,224.2,1,27,2201
1,8,00:09:53,17811,1,0,16,2,net shot,0.0,1,2.0,7,-0.6865853658536585,0.329739583333333,,,8,219.4,363.85,8,219.3,679.65,1,27,2201
1,9,00:09:54,17836,1,0,2,3,lob,0.0,1,2.0,10,1.0378048780487807,-1.706614583333333,opponent's ball landed,2.0,7,140.5,541.7,8,192.7,325.5,1,27,2201
