rally,ball_round,time,frame_num,roundscore_A,roundscore_B,player,server,type,aroundhead,backhand,landing_height,landing_area,landing_x,landing_y,lose_reason,getpoint_player,player_location_area,player_location_x,player_location_y,opponent_location_area,opponent_location_x,opponent_location_y,set,match_id,rally_id
28,1,00:22:54,41238,16,12,16,1,long service,0.0,0,1.0,3,1.445121951219512,1.5422916666666666,,,8,158.8,281.82,8,214.2,693.38,1,27,2226
28,2,00:22:56,41298,16,12,2,2,drop,0.0,0,2.0,1,-0.901219512195122,-0.4618229166666667,,,3,279.4,767.45,8,166.9,285.14,1,27,2226
28,3,00:22:57,41323,16,12,16,2,net shot,0.0,0,2.0,2,-1.0963414634146342,0.2801562499999998,,,8,107.6,355.9,8,201.3,698.31,1,27,2226
28,4,00:22:58,41350,16,12,2,2,lob,0.0,1,1.0,4,1.2353658536585368,-1.4566666666666668,,,7,109.6,554.21,8,144.0,339.27,1,27,2226
28,5,00:22:59,41387,16,12,16,2,clear,1.0,0,1.0,6,-0.9134146341463416,1.3942708333333336,,,8,196.9,209.98,8,186.6,641.33,1,27,2226
28,6,00:23:00,41427,16,12,2,3,drop,1.0,0,2.0,6,1.5341463414634149,-0.7719791666666668,opponent's ball landed,2.0,8,127.2,747.53,8,173.6,236.65,1,27,2226
