rally,ball_round,time,frame_num,roundscore_A,roundscore_B,player,server,type,aroundhead,backhand,landing_height,landing_area,landing_x,landing_y,lose_reason,getpoint_player,player_location_area,player_location_x,player_location_y,opponent_location_area,opponent_location_x,opponent_location_y,set,match_id,rally_id
3,1,00:32:40,58821,3,0,2,1,short service,0.0,1,2.0,7,0.6707317073170732,0.4863020833333333,,,8,171.5,331.01,8,230.7,683.28,2,27,2239
3,2,00:32:41,58842,3,0,16,2,lob,0.0,0,1.0,8,0.897560975609756,-1.3684375,,,8,211.2,597.24,8,170.9,336.9,2,27,2239
3,3,00:32:42,58877,3,0,2,2,drop,0.0,0,2.0,8,0.8256097560975608,0.8434375000000003,,,8,201.9,223.81,8,206.1,649.01,2,27,2239
3,4,00:32:43,58894,3,0,16,2,net shot,0.0,0,2.0,8,0.0536585365853659,-0.6009895833333333,,,8,223.3,658.37,8,210.3,224.01,2,27,2239
3,5,00:32:43,58916,3,0,2,2,push/rush,0.0,1,1.0,8,0.746341463414634,0.9786979166666664,,,8,144.8,324.51,8,195.1,652.53,2,27,2239
3,6,00:32:44,58935,3,0,16,2,smash,0.0,0,2.0,6,1.0780487804878045,-1.03546875,,,8,184.7,652.39,8,148.8,309.51,2,27,2239
3,7,00:32:44,58947,3,0,2,2,defensive shot,0.0,1,1.0,5,1.304878048780488,1.1389062499999998,,,8,172.5,294.64,8,215.9,683.09,2,27,2239
3,8,00:32:45,58969,3,0,16,2,smash,0.0,0,2.0,6,1.5195121951219517,-1.2371875,,,8,236.4,697.06,8,191.7,295.05,2,27,2239
3,9,00:32:46,58983,3,0,2,3,defensive shot,0.0,1,2.0,6,-0.9743902439024392,0.7925520833333332,opponent's ball landed,2.0,8,188.7,276.13,5,277.3,724.01,2,27,2239
