rally,ball_round,time,frame_num,roundscore_A,roundscore_B,player,server,type,aroundhead,backhand,landing_height,landing_area,landing_x,landing_y,lose_reason,getpoint_player,player_location_area,player_location_x,player_location_y,opponent_location_area,opponent_location_x,opponent_location_y,set,match_id,rally_id
19,1,00:41:31,74746,10,9,34,1,short service,0.0,1,2.0,8,-0.2682926829268293,0.6938541666666668,,,7,186.4,372.81,8,121.2,684.08,2,56,4753
19,2,00:41:33,74808,10,9,1,2,lob,0.0,0,1.0,4,1.204878048780488,-1.5153125,,,8,138.3,603.62,8,165.6,349.06,2,56,4753
19,3,00:41:34,74847,10,9,34,2,clear,0.0,1,1.0,3,1.2219512195121949,1.5982291666666668,,,9,241.7,197.22,8,191.0,680.18,2,56,4753
19,4,00:41:35,74876,10,9,1,2,drop,0.0,0,2.0,1,-1.14390243902439,-0.4672916666666668,,,9,243.7,764.98,8,195.2,259.68,2,56,4753
19,5,00:41:36,74901,10,9,34,2,net shot,0.0,0,2.0,2,-1.0853658536585369,0.6150000000000002,,,8,105.8,355.91,8,223.8,737.38,2,56,4753
19,6,00:41:37,74933,10,9,1,2,net shot,0.0,1,1.0,1,-1.221951219512195,-0.1540104166666666,,,6,102.6,602.46,8,132.4,359.78,2,56,4753
19,7,00:41:38,74960,10,9,34,2,net shot,0.0,0,2.0,2,-1.119512195121951,0.2588541666666669,,,1,81.4,424.65,8,135.6,625.69,2,56,4753
19,8,00:41:39,74988,10,9,1,2,lob,0.0,1,1.0,2,1.1182926829268292,-0.1153645833333332,,,2,101.1,544.5,1,94.3,413.27,2,56,4753
19,9,00:41:41,75059,10,9,34,3,smash,0.0,0,2.0,8,0.6597560975609755,1.1826562500000002,opponent's ball landed,34.0,2,271.3,427.48,7,228.5,509.03,2,56,4753
