rally,ball_round,time,frame_num,roundscore_A,roundscore_B,player,server,type,aroundhead,backhand,landing_height,landing_area,landing_x,landing_y,lose_reason,getpoint_player,player_location_area,player_location_x,player_location_y,opponent_location_area,opponent_location_x,opponent_location_y,set,match_id,rally_id
32,1,00:51:39,92974,18,14,34,1,short service,0.0,1,2.0,7,-0.3256097560975608,0.6398437500000002,,,7,184.4,369.23,8,126.5,681.24,2,56,4766
32,2,00:51:39,92993,18,14,1,2,push/rush,0.0,0,1.0,3,-1.3158536585365854,-1.4424479166666666,,,8,127.7,599.06,8,169.1,354.62,2,56,4766
32,3,00:51:40,93024,18,14,34,2,drive,0.0,0,1.0,6,-1.075609756097561,0.9468749999999998,,,5,89.0,206.89,8,156.4,643.62,2,56,4766
32,4,00:51:41,93037,18,14,1,2,defensive shot,0.0,1,2.0,1,-0.9670731707317072,-0.4574999999999998,,,8,153.9,646.71,5,90.1,211.55,2,56,4766
32,5,00:51:42,93061,18,14,34,2,push/rush,0.0,0,1.0,6,-1.3719512195121952,1.4494791666666664,,,7,127.5,372.33,8,155.8,656.85,2,56,4766
32,6,00:51:42,93089,18,14,1,2,smash,1.0,0,2.0,5,-1.4329268292682926,-1.1447916666666669,,,8,125.6,725.19,8,131.0,308.49,2,56,4766
32,7,00:51:43,93103,18,14,34,2,defensive shot,0.0,0,2.0,2,-1.1609756097560977,0.5590104166666668,,,8,112.3,258.71,4,98.1,761.0,2,56,4766
32,8,00:51:44,93131,18,14,1,2,lob,0.0,1,1.0,8,0.774390243902439,-1.2255208333333334,,,6,94.6,599.03,5,98.8,271.33,2,56,4766
32,9,00:51:45,93156,18,14,34,3,smash,1.0,0,2.0,5,1.0975609756097562,1.4951562500000002,opponent's ball landed,34.0,8,189.8,278.64,8,153.1,637.37,2,56,4766
