rally,ball_round,time,frame_num,roundscore_A,roundscore_B,player,server,type,aroundhead,backhand,landing_height,landing_area,landing_x,landing_y,lose_reason,getpoint_player,player_location_area,player_location_x,player_location_y,opponent_location_area,opponent_location_x,opponent_location_y,set,match_id,rally_id
4,1,00:09:10,16503,4,0,34,1,short service,0.0,1,1.0,7,0.4487804878048781,-0.4987499999999999,,,8,166.4,615.9,8,223.5,268.53,1,56,4706
4,2,00:09:10,16525,4,0,1,2,net shot,0.0,0,2.0,2,-1.4134146341463416,0.4297395833333333,,,7,223.5,369.55,8,193.4,613.71,1,56,4706
4,3,00:09:11,16554,4,0,34,2,push/rush,0.0,1,1.0,3,-1.079268292682927,-1.542239583333333,,,2,97.4,587.45,8,200.5,303.23,1,56,4706
4,4,00:09:12,16583,4,0,1,2,smash,0.0,0,2.0,6,-1.0878048780487806,1.1602083333333333,,,8,147.3,209.99,8,154.7,621.36,1,56,4706
4,5,00:09:13,16596,4,0,34,2,defensive shot,0.0,1,1.0,8,-0.8451219512195122,-0.5313020833333333,,,8,175.5,683.98,8,113.6,211.86,1,56,4706
4,6,00:09:14,16621,4,0,1,3,drive,0.0,0,2.0,7,0.0951219512195123,0.0552604166666667,touched the net,34.0,8,131.5,354.29,8,170.2,694.19,1,56,4706
