rally,ball_round,time,frame_num,roundscore_A,roundscore_B,player,server,type,aroundhead,backhand,landing_height,landing_area,landing_x,landing_y,lose_reason,getpoint_player,player_location_area,player_location_x,player_location_y,opponent_location_area,opponent_location_x,opponent_location_y,set,match_id,rally_id
27,1,00:23:36,42492,17,10,1,1,short service,0.0,1,2.0,7,-0.6280487804878049,0.6638541666666669,,,8,179.5,328.47,8,111.0,676.5,1,56,4729
27,2,00:23:38,42555,17,10,34,2,push/rush,0.0,1,1.0,3,-1.123170731707317,-1.391822916666667,,,7,164.4,589.87,8,164.1,292.76,1,56,4729
27,3,00:23:39,42578,17,10,1,2,drop,0.0,0,2.0,7,0.5670731707317073,0.5540104166666667,,,8,135.1,241.54,8,177.3,627.84,1,56,4729
27,4,00:23:40,42604,17,10,34,2,net shot,0.0,0,1.0,7,0.0890243902439025,-0.35515625,,,8,203.9,603.66,8,130.6,263.21,1,56,4729
27,5,00:23:41,42630,17,10,1,2,net shot,0.0,0,1.0,7,0.0951219512195123,0.1818750000000001,,,7,192.4,392.06,7,200.8,569.7,1,56,4729
27,6,00:23:41,42646,17,10,34,3,push/rush,0.0,1,2.0,7,0.028048780487805,0.1005208333333333,touched the net,34.0,7,221.1,513.11,7,185.0,392.01,1,56,4729
