rally,ball_round,time,frame_num,roundscore_A,roundscore_B,player,server,type,aroundhead,backhand,landing_height,landing_area,landing_x,landing_y,lose_reason,getpoint_player,player_location_area,player_location_x,player_location_y,opponent_location_area,opponent_location_x,opponent_location_y,set,match_id,rally_id
34,1,00:53:14,95837,20,14,34,1,short service,0.0,1,2.0,7,-0.2097560975609754,0.6640625,,,8,184.4,362.04,8,120.2,684.08,2,56,4768
34,2,00:53:15,95859,20,14,1,2,net shot,0.0,0,2.0,7,-0.1390243902439025,-0.1348437499999999,,,8,137.9,604.75,8,169.0,345.38,2,56,4768
34,3,00:53:16,95885,20,14,34,2,lob,0.0,0,1.0,3,1.324390243902439,1.5785937500000002,,,7,168.6,428.44,8,162.2,617.0,2,56,4768
34,4,00:53:17,95920,20,14,1,2,smash,0.0,0,2.0,5,-1.2426829268292685,-0.9445833333333334,,,9,229.8,779.25,8,180.9,343.62,2,56,4768
34,5,00:53:18,95941,20,14,34,2,defensive shot,0.0,0,2.0,6,-1.3853658536585365,0.9147395833333332,,,8,108.5,283.96,9,243.9,768.01,2,56,4768
34,6,00:53:18,95969,20,14,1,3,lob,0.0,1,2.0,10,1.6524390243902438,-1.5125520833333332,out,34.0,6,99.6,656.9,8,124.3,290.3,2,56,4768
