rally,ball_round,time,frame_num,roundscore_A,roundscore_B,player,server,type,aroundhead,backhand,landing_height,landing_area,landing_x,landing_y,lose_reason,getpoint_player,player_location_area,player_location_x,player_location_y,opponent_location_area,opponent_location_x,opponent_location_y,set,match_id,rally_id
16,1,00:16:38,29969,12,4,1,1,short service,0.0,1,2.0,7,0.6890243902439024,0.6282291666666667,,,8,165.3,328.33,8,229.7,675.36,1,56,4718
16,2,00:16:39,29992,12,4,34,2,lob,0.0,1,1.0,4,0.9597560975609756,-1.5041666666666669,,,7,243.4,591.12,8,181.7,318.83,1,56,4718
16,3,00:16:40,30023,12,4,1,2,smash,1.0,0,2.0,5,1.19390243902439,0.9567708333333336,,,8,213.5,220.07,8,212.9,667.66,1,56,4718
16,4,00:16:41,30038,12,4,34,2,defensive shot,0.0,0,2.0,7,-0.5,-0.4468229166666668,,,8,233.1,692.22,9,226.1,192.26,1,56,4718
16,5,00:16:42,30071,12,4,1,2,net shot,0.0,0,2.0,7,-0.1560975609756099,0.3708854166666668,,,7,147.4,374.27,8,186.8,640.49,1,56,4718
16,6,00:16:43,30096,12,4,34,2,lob,0.0,0,1.0,3,-1.1,-1.54234375,,,7,147.8,559.77,8,163.7,363.67,1,56,4718
16,7,00:16:44,30145,12,4,1,2,clear,0.0,0,1.0,4,-1.275609756097561,1.7019791666666666,,,9,107.1,178.54,8,169.4,638.42,1,56,4718
16,8,00:16:46,30194,12,4,34,3,smash,1.0,0,2.0,6,1.4024390243902438,-1.0963541666666667,opponent's ball landed,34.0,4,92.3,776.22,8,127.9,252.41,1,56,4718
