rally,ball_round,time,frame_num,roundscore_A,roundscore_B,player,server,type,aroundhead,backhand,landing_height,landing_area,landing_x,landing_y,lose_reason,getpoint_player,player_location_area,player_location_x,player_location_y,opponent_location_area,opponent_location_x,opponent_location_y,set,match_id,rally_id
3,1,00:09:26,16986,3,0,24,1,short service,0.0,1,2.0,7,-0.2585365853658535,0.5795833333333332,,,8,183.3,337.94,8,128.5,685.11,1,30,2438
3,2,00:09:26,17007,3,0,13,2,net shot,0.0,0,2.0,1,-1.0402439024390244,-0.3973958333333334,,,8,129.6,602.1,8,168.8,340.53,1,30,2438
3,3,00:09:27,17031,3,0,24,2,net shot,0.0,1,2.0,2,-0.8951219512195122,0.3366145833333333,,,7,113.7,374.3,8,152.5,653.7,1,30,2438
3,4,00:09:28,17059,3,0,13,2,net shot,0.0,1,2.0,1,-1.0048780487804878,-0.1319791666666665,,,2,101.0,571.49,7,137.1,385.54,1,30,2438
3,5,00:09:29,17083,3,0,24,3,push/rush,0.0,1,2.0,10,1.6317073170731708,1.5619270833333332,out,13.0,1,103.2,415.28,8,144.1,610.81,1,30,2438
