rally,ball_round,time,frame_num,roundscore_A,roundscore_B,player,server,type,aroundhead,backhand,landing_height,landing_area,landing_x,landing_y,lose_reason,getpoint_player,player_location_area,player_location_x,player_location_y,opponent_location_area,opponent_location_x,opponent_location_y,set,match_id,rally_id
21,1,00:18:04,32534,15,6,24,1,short service,0.0,1,2.0,7,0.3878048780487806,0.5283333333333337,,,8,168.3,342.94,8,212.5,685.83,1,30,2456
21,2,00:18:05,32556,15,6,13,2,push/rush,0.0,0,1.0,4,1.0414634146341462,-1.40609375,,,8,188.2,597.87,8,169.3,330.85,1,30,2456
21,3,00:18:06,32587,15,6,24,2,clear,0.0,0,1.0,5,1.4219512195121955,1.4641666666666666,,,8,217.9,222.34,8,202.1,651.48,1,30,2456
21,4,00:18:07,32621,15,6,13,3,drive,0.0,0,2.0,10,1.7365853658536583,-1.4830729166666667,out,13.0,3,268.5,774.46,8,205.3,265.02,1,30,2456
