rally,ball_round,time,frame_num,roundscore_A,roundscore_B,player,server,type,aroundhead,backhand,landing_height,landing_area,landing_x,landing_y,lose_reason,getpoint_player,player_location_area,player_location_x,player_location_y,opponent_location_area,opponent_location_x,opponent_location_y,set,match_id,rally_id
33,1,00:26:26,47584,20,13,24,1,short service,0.0,1,2.0,7,-0.2036585365853657,0.5215104166666666,,,8,184.9,328.22,8,121.9,683.57,1,30,2468
33,2,00:26:26,47607,20,13,13,2,net shot,0.0,0,2.0,1,-0.995121951219512,-0.4573958333333333,,,8,126.2,596.76,8,167.6,321.1,1,30,2468
33,3,00:26:27,47631,20,13,24,2,push/rush,0.0,1,1.0,8,-0.8195121951219513,1.3251562499999998,,,7,107.0,376.7,8,143.5,626.56,1,30,2468
33,4,00:26:28,47659,20,13,13,3,smash,1.0,0,2.0,6,1.3768292682926826,-1.0170312499999998,opponent's ball landed,13.0,8,125.3,721.25,8,153.7,331.05,1,30,2468
