rally,ball_round,time,frame_num,roundscore_A,roundscore_B,player,server,type,aroundhead,backhand,landing_height,landing_area,landing_x,landing_y,lose_reason,getpoint_player,player_location_area,player_location_x,player_location_y,opponent_location_area,opponent_location_x,opponent_location_y,set,match_id,rally_id
15,1,00:15:14,27448,10,5,13,1,short service,0.0,1,2.0,8,-0.3073170731707316,-0.5582291666666667,,,8,182.5,651.7,8,116.0,296.89,1,30,2450
15,2,00:15:15,27471,10,5,24,2,net shot,0.0,1,2.0,7,0.3402439024390244,0.4306770833333336,,,8,159.8,357.33,8,187.0,648.29,1,30,2450
15,3,00:15:16,27496,10,5,13,2,net shot,0.0,0,2.0,1,-1.1780487804878048,-0.2332291666666665,,,7,178.6,579.84,8,159.8,357.33,1,30,2450
15,4,00:15:17,27522,10,5,24,2,net shot,0.0,1,1.0,4,-1.2060975609756095,1.54421875,,,1,103.4,406.36,8,163.5,626.34,1,30,2450
15,5,00:15:18,27562,10,5,13,2,smash,1.0,0,2.0,5,-1.4353658536585363,-1.082760416666667,,,9,127.2,765.86,8,157.9,316.3,1,30,2450
15,6,00:15:19,27581,10,5,24,2,defensive shot,0.0,1,2.0,2,-1.0963414634146342,0.3678645833333333,,,8,162.0,291.25,9,133.6,771.55,1,30,2450
15,7,00:15:20,27611,10,5,13,3,push/rush,0.0,1,2.0,10,1.746341463414634,-1.6777604166666666,out,13.0,2,99.6,571.51,8,154.6,311.4,1,30,2450
