rally,ball_round,time,frame_num,roundscore_A,roundscore_B,player,server,type,aroundhead,backhand,landing_height,landing_area,landing_x,landing_y,lose_reason,getpoint_player,player_location_area,player_location_x,player_location_y,opponent_location_area,opponent_location_x,opponent_location_y,set,match_id,rally_id
13,1,00:44:01,79249,12,1,13,1,short service,0.0,1,2.0,7,-0.3463414634146342,0.5511979166666668,,,8,180.0,337.98,8,142.8,678.5,2,30,2490
13,2,00:44:02,79261,12,1,24,2,push/rush,0.0,1,1.0,9,-0.7890243902439025,-1.46859375,,,8,130.7,607.42,8,167.2,345.35,2,30,2490
13,3,00:44:03,79295,12,1,13,2,drop,0.0,0,2.0,2,-0.924390243902439,0.6492187499999998,,,9,109.9,193.46,8,150.2,702.37,2,30,2490
13,4,00:44:03,79318,12,1,24,2,net shot,0.0,0,2.0,7,-0.028048780487805,-0.30859375,,,8,123.7,647.29,8,140.4,220.64,2,30,2490
13,5,00:44:04,79344,12,1,13,2,net shot,0.0,0,2.0,7,0.1268292682926829,0.3112499999999999,,,7,187.1,405.34,8,158.3,648.6,2,30,2490
13,6,00:44:05,79365,12,1,24,2,net shot,0.0,0,1.0,2,0.952439024390244,-0.2904166666666666,,,7,201.0,579.59,8,182.6,364.11,2,30,2490
13,7,00:44:06,79388,12,1,13,3,push/rush,0.0,1,2.0,3,1.5536585365853657,1.6438541666666666,opponent's ball landed,13.0,7,215.7,422.76,7,174.8,589.0,2,30,2490
