rally,ball_round,time,frame_num,roundscore_A,roundscore_B,player,server,type,aroundhead,backhand,landing_height,landing_area,landing_x,landing_y,lose_reason,getpoint_player,player_location_area,player_location_x,player_location_y,opponent_location_area,opponent_location_x,opponent_location_y,set,match_id,rally_id
32,1,00:49:28,89066,15,17,4,1,short service,0.0,1,2.0,2,-1.1012195121951218,0.5747395833333334,,,8,188.0,323.59,8,128.4,634.91,2,58,4911
32,2,00:49:29,89088,15,17,34,2,net shot,0.0,1,2.0,1,-0.8926829268292683,-0.3066145833333333,,,7,137.2,588.88,8,182.2,289.79,2,58,4911
32,3,00:49:30,89116,15,17,4,2,push/rush,0.0,0,1.0,9,-0.6426829268292683,1.5507291666666667,,,7,127.4,381.68,7,134.4,575.22,2,58,4911
32,4,00:49:31,89158,15,17,34,2,drop,0.0,1,2.0,8,-0.6914634146341464,-0.6203125000000002,,,8,140.6,740.65,8,165.1,309.55,2,58,4911
32,5,00:49:32,89180,15,17,4,2,net shot,0.0,0,1.0,7,-0.1792682926829266,0.3018750000000001,,,8,158.9,299.93,8,160.7,682.31,2,58,4911
32,6,00:49:33,89205,15,17,34,2,net shot,0.0,1,2.0,7,0.246341463414634,-0.3235416666666666,,,8,164.3,600.45,8,171.2,289.95,2,58,4911
32,7,00:49:34,89227,15,17,4,2,net shot,0.0,1,2.0,7,-0.0756097560975608,0.2724479166666664,,,7,185.5,398.51,7,188.5,564.32,2,58,4911
32,8,00:49:35,89254,15,17,34,2,lob,0.0,1,1.0,9,-0.5024390243902438,-1.5802083333333332,,,7,163.7,580.14,8,184.9,330.72,2,58,4911
32,9,00:49:36,89295,15,17,4,3,smash,0.0,0,2.0,7,0.7158536585365852,-0.0332291666666666,touched the net,4.0,9,152.3,180.15,8,176.1,662.64,2,58,4911
