rally,ball_round,time,frame_num,roundscore_A,roundscore_B,player,server,type,aroundhead,backhand,landing_height,landing_area,landing_x,landing_y,lose_reason,getpoint_player,player_location_area,player_location_x,player_location_y,opponent_location_area,opponent_location_x,opponent_location_y,set,match_id,rally_id
22,1,01:02:59,113390,10,12,5,1,short service,0.0,1,2.0,7,-0.3499999999999998,-0.5065104166666666,,,8,180.1,628.29,8,131.7,286.0,3,19,1589
22,2,01:03:00,113413,10,12,10,2,lob,0.0,1,1.0,6,-1.0353658536585366,1.33390625,,,7,130.1,369.69,8,172.4,612.08,3,19,1589
22,3,01:03:01,113444,10,12,5,2,drop,1.0,0,2.0,8,0.6536585365853658,-0.7166145833333332,,,8,143.8,728.3,8,152.9,276.14,3,19,1589
22,4,01:03:02,113466,10,12,10,2,net shot,0.0,1,2.0,7,0.7560975609756098,0.4036979166666666,,,8,189.9,322.28,8,133.3,716.08,3,19,1589
22,5,01:03:03,113491,10,12,5,2,net shot,0.0,0,2.0,7,0.3890243902439025,-0.5167708333333335,,,7,218.6,581.73,8,201.4,300.87,3,19,1589
22,6,01:03:03,113510,10,12,10,2,lob,0.0,1,1.0,8,-0.6695121951219513,1.3849999999999998,,,7,183.9,387.21,8,195.2,610.72,3,19,1589
22,7,01:03:04,113543,10,12,5,2,smash,1.0,0,2.0,5,-1.0048780487804878,-0.995,,,8,157.2,724.78,8,160.9,278.66,3,19,1589
22,8,01:03:05,113560,10,12,10,2,defensive shot,0.0,0,2.0,2,-1.0890243902439023,0.6343229166666665,,,8,118.5,278.53,8,156.2,727.18,3,19,1589
22,9,01:03:06,113588,10,12,5,3,lob,0.0,1,2.0,10,-0.7182926829268294,-1.8479166666666669,out,10.0,8,106.6,605.71,8,154.1,305.54,3,19,1589
