rally,ball_round,time,frame_num,roundscore_A,roundscore_B,player,server,type,aroundhead,backhand,landing_height,landing_area,landing_x,landing_y,lose_reason,getpoint_player,player_location_area,player_location_x,player_location_y,opponent_location_area,opponent_location_x,opponent_location_y,set,match_id,rally_id
38,1,00:26:04,46935,18,20,10,1,short service,0.0,1,2.0,7,-0.2804878048780488,-0.3940104166666665,,,8,185.1,623.96,8,128.1,285.99,1,19,1533
38,2,00:26:05,46956,18,20,5,2,net shot,0.0,0,2.0,7,0.4646341463414633,0.4548958333333335,,,7,141.8,378.44,8,193.5,648.29,1,19,1533
38,3,00:26:05,46973,18,20,10,2,net shot,0.0,0,2.0,1,-0.9134146341463416,-0.4172916666666666,,,8,208.1,625.55,7,145.7,374.12,1,19,1533
38,4,00:26:06,46992,18,20,5,2,net shot,0.0,0,2.0,7,0.0390243902439023,0.3046875,,,7,125.9,384.84,8,193.3,625.47,1,19,1533
38,5,00:26:07,47013,18,20,10,2,net shot,0.0,0,2.0,1,-0.9634146341463414,-0.2542708333333333,,,7,167.1,570.34,8,144.8,363.13,1,19,1533
38,6,00:26:07,47032,18,20,5,2,net shot,0.0,0,2.0,2,-0.9926829268292684,0.3203645833333333,,,7,111.0,405.89,8,161.2,606.03,1,19,1533
38,7,00:26:08,47059,18,20,10,3,lob,0.0,1,2.0,10,1.3634146341463416,-1.750989583333333,out,10.0,7,124.7,585.9,8,148.2,365.36,1,19,1533
