rally,ball_round,time,frame_num,roundscore_A,roundscore_B,player,server,type,aroundhead,backhand,landing_height,landing_area,landing_x,landing_y,lose_reason,getpoint_player,player_location_area,player_location_x,player_location_y,opponent_location_area,opponent_location_x,opponent_location_y,set,match_id,rally_id
19,1,00:40:22,72668,11,8,10,1,short service,0.0,1,2.0,7,0.4914634146341465,0.5645312499999999,,,8,171.8,336.15,8,223.3,666.36,2,19,1554
19,2,00:40:23,72691,11,8,5,2,lob,0.0,0,1.0,4,1.35,-1.5512500000000002,,,8,195.9,604.72,8,171.1,329.22,2,19,1554
19,3,00:40:24,72724,11,8,10,2,smash,1.0,0,2.0,5,1.3524390243902435,1.1168750000000005,,,8,198.3,224.51,8,210.9,675.67,2,19,1554
19,4,00:40:24,72742,11,8,5,2,defensive shot,0.0,0,2.0,7,0.1073170731707318,-0.3933854166666665,,,8,248.7,690.34,9,223.8,197.3,2,19,1554
19,5,00:40:25,72769,11,8,10,2,net shot,0.0,1,2.0,7,-0.5658536585365854,0.3832291666666669,,,8,154.2,358.73,8,186.5,646.85,2,19,1554
19,6,00:40:26,72792,11,8,5,3,lob,0.0,1,2.0,10,1.8146341463414637,-1.7348958333333335,out,10.0,7,140.2,573.38,8,155.9,338.4,2,19,1554
