rally,ball_round,time,frame_num,roundscore_A,roundscore_B,player,server,type,aroundhead,backhand,landing_height,landing_area,landing_x,landing_y,lose_reason,getpoint_player,player_location_area,player_location_x,player_location_y,opponent_location_area,opponent_location_x,opponent_location_y,set,match_id,rally_id
22,1,00:18:26,33204,10,12,5,1,short service,0.0,1,2.0,7,-0.0548780487804878,0.4793749999999998,,,8,184.2,336.2,8,119.1,695.93,1,19,1517
22,2,00:18:27,33224,10,12,10,2,net shot,0.0,0,2.0,7,-0.2426829268292683,-0.2530208333333332,,,8,132.8,607.37,8,173.9,361.03,1,19,1517
22,3,00:18:28,33244,10,12,5,2,net shot,0.0,0,2.0,7,0.1841463414634145,0.3229166666666667,,,7,151.4,391.35,8,154.7,616.43,1,19,1517
22,4,00:18:28,33268,10,12,10,2,lob,0.0,0,1.0,3,-0.975609756097561,-1.4063020833333333,,,7,197.8,590.97,7,158.6,387.11,1,19,1517
22,5,00:18:30,33308,10,12,5,3,smash,0.0,0,2.0,6,-0.9109756097560976,1.124375,opponent's ball landed,10.0,8,118.7,224.3,8,189.5,700.21,1,19,1517
