rally,ball_round,time,frame_num,roundscore_A,roundscore_B,player,server,type,aroundhead,backhand,landing_height,landing_area,landing_x,landing_y,lose_reason,getpoint_player,player_location_area,player_location_x,player_location_y,opponent_location_area,opponent_location_x,opponent_location_y,set,match_id,rally_id
8,1,00:10:18,18563,4,4,10,1,short service,0.0,1,2.0,1,-0.9085365853658536,-0.4395833333333332,,,8,185.6,629.77,8,130.4,312.63,1,19,1503
8,2,00:10:19,18582,4,4,5,2,net shot,0.0,0,2.0,1,1.3560975609756096,0.4569270833333334,,,8,123.0,360.84,8,195.0,655.25,1,19,1503
8,3,00:10:20,18606,4,4,10,2,lob,0.0,0,1.0,9,-0.3439024390243901,-1.5229687499999998,,,5,263.0,620.02,8,165.7,349.8,1,19,1503
8,4,00:10:21,18649,4,4,5,2,smash,0.0,0,2.0,6,-1.2853658536585366,1.15046875,,,9,140.5,168.85,8,201.7,662.15,1,19,1503
8,5,00:10:22,18664,4,4,10,2,defensive shot,0.0,1,1.0,1,-1.2195121951219512,-0.3626041666666666,,,8,193.9,683.48,8,108.7,216.2,1,19,1503
8,6,00:10:23,18690,4,4,5,3,push/rush,0.0,0,2.0,8,-0.4914634146341465,1.4102083333333333,opponent's ball landed,10.0,1,91.6,378.25,6,97.3,677.6,1,19,1503
