rally,ball_round,time,frame_num,roundscore_A,roundscore_B,player,server,type,aroundhead,backhand,landing_height,landing_area,landing_x,landing_y,lose_reason,getpoint_player,player_location_area,player_location_x,player_location_y,opponent_location_area,opponent_location_x,opponent_location_y,set,match_id,rally_id
23,1,01:03:18,113948,11,12,10,1,short service,0.0,1,2.0,7,0.5219512195121953,0.4550520833333333,,,8,169.0,329.21,8,222.1,671.73,3,19,1590
23,2,01:03:19,113972,11,12,5,2,net shot,0.0,0,2.0,1,-1.2170731707317073,-0.4401041666666667,,,8,198.2,601.7,8,166.9,319.85,3,19,1590
23,3,01:03:19,113998,11,12,10,2,net shot,0.0,0,2.0,2,-1.14390243902439,0.2477604166666669,,,1,102.6,371.77,8,155.7,639.62,3,19,1590
23,4,01:03:21,114031,11,12,5,2,lob,0.0,1,1.0,6,1.2634146341463417,-1.3608854166666664,,,2,102.7,560.3,8,148.4,340.66,3,19,1590
23,5,01:03:22,114079,11,12,10,2,smash,1.0,0,2.0,8,0.626829268292683,0.9958333333333336,,,4,268.8,180.56,8,212.4,662.21,3,19,1590
23,6,01:03:23,114092,11,12,5,3,defensive shot,0.0,0,2.0,10,-1.5621951219512191,-0.3851562499999999,out,10.0,8,234.7,690.25,4,263.1,186.2,3,19,1590
