rally,ball_round,time,frame_num,roundscore_A,roundscore_B,player,server,type,aroundhead,backhand,landing_height,landing_area,landing_x,landing_y,lose_reason,getpoint_player,player_location_area,player_location_x,player_location_y,opponent_location_area,opponent_location_x,opponent_location_y,set,match_id,rally_id
39,1,00:26:53,48396,19,20,5,1,short service,0.0,1,2.0,1,1.3134146341463413,0.3874479166666666,,,8,167.6,333.84,8,217.2,675.71,1,19,1534
39,2,00:26:53,48418,19,20,10,2,net shot,0.0,0,2.0,7,-0.6890243902439024,-0.20109375,,,7,234.1,589.63,8,174.5,322.22,1,19,1534
39,3,00:26:54,48441,19,20,5,2,net shot,0.0,0,2.0,7,0.0170731707317073,0.2775520833333331,,,7,123.4,386.97,8,185.8,606.17,1,19,1534
39,4,00:26:55,48462,19,20,10,2,net shot,0.0,0,2.0,7,-0.028048780487805,-0.1273958333333332,,,7,152.3,575.04,7,152.0,389.22,1,19,1534
39,5,00:26:56,48487,19,20,5,2,lob,0.0,1,1.0,8,0.5097560975609757,1.3383854166666669,,,7,149.3,456.07,7,167.1,568.73,1,19,1534
39,6,00:26:58,48552,19,20,10,2,smash,0.0,0,2.0,8,-0.7048780487804878,-0.9686979166666668,,,8,219.6,728.81,8,154.7,298.3,1,19,1534
39,7,00:26:58,48566,19,20,5,2,defensive shot,0.0,0,1.0,8,-0.7951219512195122,1.0972916666666663,,,8,138.2,260.94,8,226.8,713.0,1,19,1534
39,8,00:26:59,48589,19,20,10,3,smash,1.0,0,2.0,6,0.996341463414634,-1.1384895833333333,opponent's ball landed,10.0,8,162.7,684.59,8,123.4,293.34,1,19,1534
