rally,ball_round,time,frame_num,roundscore_A,roundscore_B,player,server,type,aroundhead,backhand,landing_height,landing_area,landing_x,landing_y,lose_reason,getpoint_player,player_location_area,player_location_x,player_location_y,opponent_location_area,opponent_location_x,opponent_location_y,set,match_id,rally_id
25,1,01:04:13,115596,13,12,10,1,short service,0.0,1,2.0,7,0.2865853658536585,0.6214062499999997,,,8,169.7,333.84,8,223.9,665.01,3,19,1592
25,2,01:04:14,115623,13,12,5,2,net shot,0.0,1,2.0,2,1.1914634146341463,-0.4812499999999999,,,8,206.0,601.75,8,167.0,338.43,3,19,1592
25,3,01:04:14,115645,13,12,10,2,net shot,0.0,1,2.0,1,1.0158536585365856,0.5740104166666669,,,8,238.3,361.27,8,207.8,637.08,3,19,1592
25,4,01:04:15,115665,13,12,5,3,lob,0.0,0,2.0,10,-1.2585365853658537,-1.690625,out,10.0,8,226.2,615.37,8,197.3,338.54,3,19,1592
