rally,ball_round,time,frame_num,roundscore_A,roundscore_B,player,server,type,aroundhead,backhand,landing_height,landing_area,landing_x,landing_y,lose_reason,getpoint_player,player_location_area,player_location_x,player_location_y,opponent_location_area,opponent_location_x,opponent_location_y,set,match_id,rally_id
1,1,00:06:05,10956,0,1,5,1,short service,0.0,1,2.0,7,0.5085365853658536,0.4464062500000001,,,8,164.1,326.86,8,216.3,684.93,1,19,1496
1,2,00:06:05,10975,0,1,10,2,push/rush,0.0,0,1.0,3,-0.9573170731707316,-1.40625,,,7,209.2,587.93,8,169.0,340.73,1,19,1496
1,3,00:06:07,11010,0,1,5,2,drop,0.0,0,2.0,6,-0.9353658536585366,0.7300520833333332,,,9,112.0,188.67,8,183.1,664.75,1,19,1496
1,4,00:06:07,11029,0,1,10,2,net shot,0.0,1,2.0,2,1.170731707317073,-0.3584895833333332,,,8,116.8,652.0,8,122.8,234.95,1,19,1496
1,5,00:06:08,11057,0,1,5,2,net shot,0.0,1,2.0,7,0.1353658536585365,0.2413541666666668,,,7,236.9,376.64,8,175.2,682.05,1,19,1496
1,6,00:06:09,11083,0,1,10,3,push/rush,0.0,0,2.0,10,-0.4707317073170731,-1.783958333333333,out,10.0,7,158.9,555.7,7,185.3,369.9,1,19,1496
