rally,ball_round,time,frame_num,roundscore_A,roundscore_B,player,server,type,aroundhead,backhand,landing_height,landing_area,landing_x,landing_y,lose_reason,getpoint_player,player_location_area,player_location_x,player_location_y,opponent_location_area,opponent_location_x,opponent_location_y,set,match_id,rally_id
5,1,00:32:27,58428,3,2,10,1,short service,0.0,1,2.0,7,0.401219512195122,0.5643229166666668,,,8,171.1,329.22,8,223.7,670.4,2,19,1540
5,2,00:32:28,58451,3,2,5,2,net shot,0.0,0,2.0,7,-0.1060975609756096,-0.1480729166666667,,,8,198.3,597.13,8,169.6,319.86,2,19,1540
5,3,00:32:29,58470,3,2,10,2,lob,0.0,1,1.0,4,-1.0378048780487803,1.534375,,,7,139.8,380.6,8,185.2,615.13,2,19,1540
5,4,00:32:30,58508,3,2,5,2,drop,1.0,1,1.0,7,-0.6682926829268292,-0.3072916666666667,,,4,99.0,773.86,8,130.4,312.63,2,19,1540
5,5,00:32:30,58522,3,2,10,3,push/rush,0.0,0,2.0,5,1.364634146341463,1.4156249999999997,opponent's ball landed,10.0,7,128.2,371.87,8,136.8,728.25,2,19,1540
