rally,ball_round,time,frame_num,player,pos,type,lose_reason,getpoint_player,ball,top,bottom
19,9,00:41:41,75059,34,bottom,smash,opponent's ball landed,34.0,"[879, 416]","[[926.4179077148438, 323.3257141113281], [930.69970703125, 317.5601501464844], [922.1360473632812, 317.5601501464844], [939.263427734375, 319.00152587890625], [920.7086791992188, 323.3257141113281], [947.8271484375, 343.50518798828125], [916.4268188476562, 350.712158203125], [967.8092651367188, 353.5949401855469], [909.2904052734375, 383.8641662597656], [987.791259765625, 366.5674743652344], [924.9905395507812, 406.9264831542969], [943.5452880859375, 391.0711364746094], [919.2814331054688, 393.9539489746094], [967.8092651367188, 409.80926513671875], [903.5811767578125, 419.89898681640625], [994.927734375, 447.28546142578125], [876.4627075195312, 466.0235900878906], [935.6952209472656, 456.65452575683594]]","[[898.2672119140625, 633.4898681640625], [876.7680053710938, 632.0568237304688], [898.2672119140625, 630.623779296875], [876.7680053710938, 634.9229125976562], [898.2672119140625, 633.4898681640625], [865.3017578125, 666.4502563476562], [918.3331909179688, 662.1510620117188], [865.3017578125, 712.30810546875], [936.9658203125, 706.5758666992188], [866.7349853515625, 752.4337768554688], [925.4995727539062, 729.5048217773438], [888.2343139648438, 740.96923828125], [925.4995727539062, 738.1032104492188], [845.2357788085938, 745.2684326171875], [964.1982421875, 761.0321044921875], [836.6361083984375, 805.4569091796875], [994.2971801757812, 808.3230590820312], [915.4666442871094, 806.8899841308594]]"
