rally,ball_round,time,frame_num,roundscore_A,roundscore_B,player,server,type,aroundhead,backhand,landing_height,landing_area,landing_x,landing_y,lose_reason,getpoint_player,player_location_area,player_location_x,player_location_y,opponent_location_area,opponent_location_x,opponent_location_y,set,match_id,rally_id
28,1,01:08:52,123965,14,14,15,1,short service,0.0,0,2.0,7,0.3073170731707316,0.5907812499999997,,,8,162.0,313.26,8,203.1,697.75,3,49,4238
28,2,01:08:53,123990,14,14,3,2,net shot,0.0,1,2.0,7,-0.0902439024390244,-0.2094791666666668,,,8,173.4,595.64,8,177.9,340.67,3,49,4238
28,3,01:08:53,124015,14,14,15,2,lob,0.0,1,1.0,8,0.7170731707317075,1.41734375,,,7,177.2,414.56,8,167.5,607.8,3,49,4238
28,4,01:08:55,124060,14,14,3,2,smash,1.0,0,2.0,6,0.946341463414634,-0.9857291666666668,,,9,217.9,762.16,8,183.6,323.59,3,49,4238
28,5,01:08:55,124074,14,14,15,2,defensive shot,0.0,0,2.0,7,-0.397560975609756,0.4174999999999998,,,8,192.3,282.33,9,195.0,767.98,3,49,4238
28,6,01:08:56,124101,14,14,3,3,push/rush,0.0,0,2.0,3,-1.3743902439024391,-1.5413541666666666,opponent's ball landed,15.0,8,156.0,607.71,8,171.2,323.44,3,49,4238
