rally,ball_round,time,frame_num,roundscore_A,roundscore_B,player,server,type,aroundhead,backhand,landing_height,landing_area,landing_x,landing_y,lose_reason,getpoint_player,player_location_area,player_location_x,player_location_y,opponent_location_area,opponent_location_x,opponent_location_y,set,match_id,rally_id
39,1,01:19:21,142850,20,19,15,1,short service,0.0,0,2.0,1,1.090243902439024,0.4392187500000002,,,8,159.6,320.79,8,209.1,695.7,3,49,4249
39,2,01:19:22,142872,20,19,3,2,net shot,0.0,1,2.0,7,0.1365853658536584,-0.2189583333333334,,,7,222.1,591.89,8,191.1,318.69,3,49,4249
39,3,01:19:23,142898,20,19,15,2,lob,0.0,1,1.0,8,0.5939024390243901,1.4266145833333332,,,7,174.9,391.09,8,191.0,611.96,3,49,4249
39,4,01:19:24,142936,20,19,3,2,smash,1.0,0,2.0,8,-0.3146341463414635,-0.8549479166666666,,,8,204.9,748.06,8,187.0,305.92,3,49,4249
39,5,01:19:25,142950,20,19,15,2,defensive shot,0.0,1,2.0,7,0.6609756097560974,0.5695312500000002,,,8,198.7,308.64,9,193.6,767.13,3,49,4249
39,6,01:19:25,142978,20,19,3,2,net shot,0.0,1,2.0,7,0.1451219512195122,-0.1768749999999999,,,8,194.2,602.63,8,177.0,323.51,3,49,4249
39,7,01:19:26,143004,20,19,15,2,lob,0.0,0,1.0,3,1.074390243902439,1.5650520833333337,,,7,142.1,384.12,8,177.2,622.28,3,49,4249
39,8,01:19:28,143045,20,19,3,2,clear,1.0,0,1.0,4,1.2036585365853658,-1.4084895833333333,,,9,206.0,768.04,8,204.3,318.86,3,49,4249
39,9,01:19:29,143077,20,19,15,3,drop,0.0,0,2.0,10,-1.5841463414634147,1.0783854166666664,out,15.0,8,228.1,226.35,8,186.9,714.95,3,49,4249
