rally,ball_round,time,frame_num,roundscore_A,roundscore_B,player,server,type,aroundhead,backhand,landing_height,landing_area,landing_x,landing_y,lose_reason,getpoint_player,player_location_area,player_location_x,player_location_y,opponent_location_area,opponent_location_x,opponent_location_y,set,match_id,rally_id
30,1,00:45:18,81542,21,9,3,1,short service,0.0,1,2.0,2,1.4024390243902438,-0.43421875,,,8,162.9,645.84,8,223.8,308.97,2,49,4210
30,2,00:45:19,81573,21,9,15,2,net shot,0.0,0,2.0,1,1.4573170731707317,0.3256770833333332,,,7,245.8,369.62,8,183.0,645.99,2,49,4210
30,3,00:45:20,81602,21,9,3,2,net shot,0.0,1,2.0,7,-0.676829268292683,-0.1806770833333333,,,1,258.6,564.88,8,228.7,364.84,2,49,4210
30,4,00:45:21,81633,21,9,15,2,net shot,0.0,1,2.0,2,-1.2682926829268293,0.2979166666666669,,,7,146.6,424.52,8,198.5,598.59,2,49,4210
30,5,00:45:22,81660,21,9,3,2,lob,0.0,0,1.0,9,-0.7268292682926829,-1.520260416666667,,,2,94.8,540.48,7,127.3,383.94,2,49,4210
30,6,00:45:23,81719,21,9,15,2,smash,1.0,0,2.0,5,1.2146341463414636,0.9913541666666668,,,9,117.8,184.77,8,145.4,651.71,2,49,4210
30,7,00:45:24,81738,21,9,3,2,defensive shot,0.0,1,1.0,2,1.326829268292683,-0.2453645833333334,,,8,155.5,680.32,9,107.2,194.08,2,49,4210
30,8,00:45:25,81772,21,9,15,3,push/rush,0.0,0,2.0,9,-0.0707317073170733,1.605885416666667,opponent's ball landed,15.0,2,257.6,427.77,8,202.7,678.43,2,49,4210
