rally,ball_round,time,frame_num,roundscore_A,roundscore_B,player,server,type,aroundhead,backhand,landing_height,landing_area,landing_x,landing_y,lose_reason,getpoint_player,player_location_area,player_location_x,player_location_y,opponent_location_area,opponent_location_x,opponent_location_y,set,match_id,rally_id
10,1,00:11:36,20889,5,5,15,1,short service,0.0,0,2.0,8,0.3451219512195123,-0.5336979166666668,,,8,153.4,682.49,8,214.2,295.89,1,49,4153
10,2,00:11:36,20907,5,5,3,2,push/rush,0.0,1,1.0,4,-0.996341463414634,1.5516666666666663,,,8,219.4,357.78,8,167.4,672.64,1,49,4153
10,3,00:11:38,20944,5,5,15,2,drop,0.0,0,2.0,1,-1.1756097560975611,-0.4125520833333332,,,9,123.3,781.61,8,182.8,331.0,1,49,4153
10,4,00:11:39,20973,5,5,3,2,net shot,0.0,1,2.0,2,-1.3853658536585365,0.2631249999999999,,,1,91.9,387.94,8,139.4,721.54,1,49,4153
10,5,00:11:40,21004,5,5,15,2,lob,0.0,0,1.0,3,-0.9304878048780488,-1.5047916666666663,,,2,89.1,560.43,7,118.9,386.05,1,49,4153
10,6,00:11:42,21067,5,5,3,2,smash,1.0,0,2.0,8,0.1987804878048782,1.0424479166666665,,,9,106.1,190.93,8,151.9,685.74,1,49,4153
10,7,00:11:42,21082,5,5,15,2,defensive shot,0.0,1,2.0,1,-0.8987804878048781,-0.3997916666666666,,,8,148.4,694.26,8,119.5,250.94,1,49,4153
10,8,00:11:43,21113,5,5,3,2,net shot,0.0,1,2.0,2,-1.0085365853658537,0.2209375000000001,,,7,110.0,381.52,8,148.7,688.95,1,49,4153
10,9,00:11:44,21139,5,5,15,3,net shot,0.0,0,2.0,10,1.6536585365853662,-0.1285937499999999,out,15.0,2,103.0,551.44,7,129.0,416.1,1,49,4153
