rally,ball_round,time,frame_num,roundscore_A,roundscore_B,player,server,type,aroundhead,backhand,landing_height,landing_area,landing_x,landing_y,lose_reason,getpoint_player,player_location_area,player_location_x,player_location_y,opponent_location_area,opponent_location_x,opponent_location_y,set,match_id,rally_id
27,1,00:43:57,79135,19,8,15,1,short service,0.0,0,2.0,7,0.3097560975609756,0.5607291666666665,,,8,165.3,315.84,8,215.8,690.45,2,49,4207
27,2,00:43:58,79157,19,8,3,2,lob,0.0,1,1.0,4,1.4012195121951216,-1.4398958333333336,,,8,166.8,602.42,8,172.1,323.45,2,49,4207
27,3,00:43:59,79199,19,8,15,2,drop,0.0,0,2.0,2,-1.0499999999999998,0.4149999999999997,,,8,250.4,214.68,8,191.7,679.46,2,49,4207
27,4,00:44:01,79230,19,8,3,2,push/rush,0.0,0,1.0,5,-1.318292682926829,-1.3440104166666669,,,8,131.4,600.78,8,194.2,336.03,2,49,4207
27,5,00:44:02,79262,19,8,15,2,drop,0.0,1,2.0,2,-1.2621951219512195,0.3979687499999998,,,5,73.1,235.89,8,143.4,657.59,2,49,4207
27,6,00:44:03,79293,19,8,3,2,push/rush,0.0,0,1.0,4,1.0963414634146338,-1.3768229166666668,,,6,101.0,601.89,8,140.8,254.07,2,49,4207
27,7,00:44:04,79326,19,8,15,2,smash,0.0,0,2.0,8,-0.224390243902439,0.9312499999999998,,,8,234.7,220.48,8,158.4,669.19,2,49,4207
27,8,00:44:04,79342,19,8,3,2,defensive shot,0.0,0,2.0,7,0.3756097560975611,-0.4048958333333334,,,8,164.0,694.36,8,220.0,274.58,2,49,4207
27,9,00:44:05,79364,19,8,15,3,net shot,0.0,0,2.0,2,-1.2707317073170732,0.2893749999999997,opponent's ball landed,15.0,7,154.3,401.65,8,168.4,699.61,2,49,4207
