rally,ball_round,time,frame_num,roundscore_A,roundscore_B,player,server,type,aroundhead,backhand,landing_height,landing_area,landing_x,landing_y,lose_reason,getpoint_player,player_location_area,player_location_x,player_location_y,opponent_location_area,opponent_location_x,opponent_location_y,set,match_id,rally_id
24,1,00:20:18,36558,12,12,3,1,short service,0.0,1,2.0,2,-1.0317073170731708,0.5784895833333336,,,8,181.9,338.3,8,124.2,693.05,1,49,4167
24,2,00:20:19,36586,12,12,15,2,push/rush,0.0,0,1.0,4,1.0987804878048784,-1.3929166666666666,,,8,115.8,619.23,8,173.9,350.17,1,49,4167
24,3,00:20:20,36615,12,12,3,2,drive,0.0,0,1.0,8,0.1987804878048782,1.0424479166666665,,,8,232.2,235.24,8,166.5,685.84,1,49,4167
24,4,00:20:21,36630,12,12,15,2,defensive shot,0.0,1,2.0,1,-1.352439024390244,-0.3015104166666666,,,8,160.2,709.79,8,225.3,271.92,1,49,4167
24,5,00:20:21,36656,12,12,3,2,lob,0.0,1,1.0,4,-1.4121951219512194,1.6701562499999998,,,1,91.5,392.31,8,142.8,678.04,1,49,4167
24,6,00:20:23,36702,12,12,15,3,clear,0.0,0,2.0,10,1.2560975609756098,-1.82484375,out,15.0,4,73.3,790.88,8,167.9,320.9,1,49,4167
