rally,ball_round,time,frame_num,roundscore_A,roundscore_B,player,server,type,aroundhead,backhand,landing_height,landing_area,landing_x,landing_y,lose_reason,getpoint_player,player_location_area,player_location_x,player_location_y,opponent_location_area,opponent_location_x,opponent_location_y,set,match_id,rally_id
17,1,00:14:39,26379,12,5,5,1,short service,0.0,1,2.0,7,-0.4109756097560974,-0.3628645833333334,,,8,185.7,632.08,8,125.6,288.64,1,14,1119
17,2,00:14:39,26397,12,5,17,2,lob,0.0,1,1.0,8,0.7707317073170731,1.3320833333333333,,,8,151.0,359.22,8,187.2,624.38,1,14,1119
17,3,00:14:40,26422,12,5,5,2,smash,0.0,0,2.0,6,0.9829268292682928,-1.0477604166666667,,,8,202.0,726.15,8,198.0,281.65,1,14,1119
17,4,00:14:41,26433,12,5,17,2,defensive shot,0.0,0,2.0,7,0.3719512195121951,0.3195312500000001,,,8,232.1,273.87,5,252.9,736.33,1,14,1119
17,5,00:14:41,26459,12,5,5,2,net shot,0.0,0,2.0,7,0.0146341463414632,0.0151562500000001,,,7,198.9,580.77,8,200.6,295.66,1,14,1119
17,6,00:14:42,26485,12,5,17,2,lob,0.0,1,1.0,3,1.0817073170731706,1.5739062500000005,,,7,189.8,415.36,7,190.2,584.78,1,14,1119
17,7,00:14:44,26529,12,5,5,3,smash,0.0,0,2.0,7,0.902439024390244,0.1263541666666666,touched the net,5.0,9,229.6,770.85,8,204.4,264.78,1,14,1119
