rally,ball_round,time,frame_num,roundscore_A,roundscore_B,player,server,type,aroundhead,backhand,landing_height,landing_area,landing_x,landing_y,lose_reason,getpoint_player,player_location_area,player_location_x,player_location_y,opponent_location_area,opponent_location_x,opponent_location_y,set,match_id,rally_id
9,1,00:38:49,69873,9,0,5,1,short service,0.0,1,2.0,7,0.376829268292683,0.5179166666666669,,,8,168.7,317.01,8,216.1,651.15,2,14,1149
9,2,00:38:49,69879,9,0,17,2,net shot,0.0,1,2.0,1,-0.8853658536585365,-0.33984375,,,8,187.1,630.16,8,165.9,316.96,2,14,1149
9,3,00:38:50,69904,9,0,5,2,lob,0.0,0,1.0,9,-0.7841463414634146,1.51546875,,,8,116.9,353.44,8,164.2,630.06,2,14,1149
9,4,00:38:51,69944,9,0,17,2,drop,0.0,0,2.0,6,1.3926829268292682,-0.5494791666666666,,,9,113.2,775.84,8,147.3,332.79,2,14,1149
9,5,00:38:52,69970,9,0,5,2,lob,0.0,1,1.0,4,-1.001219512195122,1.5241145833333334,,,6,257.3,334.72,8,168.9,710.61,2,14,1149
9,6,00:38:53,70007,9,0,17,2,drive,0.0,0,2.0,5,-1.174390243902439,-1.036875,,,9,106.0,761.26,8,167.5,289.46,2,14,1149
9,7,00:38:54,70028,9,0,5,2,drive,0.0,0,1.0,6,-1.0353658536585366,1.0439062499999998,,,8,105.0,282.63,8,122.6,727.82,2,14,1149
9,8,00:38:54,70042,9,0,17,3,drive,0.0,0,2.0,7,-0.352439024390244,0.0851041666666665,touched the net,5.0,6,103.9,687.5,5,100.9,307.57,2,14,1149
