rally,ball_round,time,frame_num,roundscore_A,roundscore_B,player,server,type,aroundhead,backhand,landing_height,landing_area,landing_x,landing_y,lose_reason,getpoint_player,player_location_area,player_location_x,player_location_y,opponent_location_area,opponent_location_x,opponent_location_y,set,match_id,rally_id
28,1,00:50:16,90497,20,8,17,1,short service,0.0,1,2.0,7,-0.1560975609756099,-0.36125,,,8,184.8,626.3,8,137.7,271.97,2,14,1168
28,2,00:50:17,90513,20,8,5,2,net shot,0.0,0,2.0,7,-0.0024390243902437,0.3852604166666668,,,8,156.2,343.58,8,173.6,654.73,2,14,1168
28,3,00:50:17,90537,20,8,17,2,lob,0.0,1,1.0,9,-0.8512195121951219,-1.4352083333333334,,,7,148.9,588.55,7,162.5,367.18,2,14,1168
28,4,00:50:19,90574,20,8,5,2,clear,0.0,0,1.0,6,-0.8682926829268293,1.3405208333333334,,,9,115.3,188.6,8,147.2,673.11,2,14,1168
28,5,00:50:20,90605,20,8,17,2,smash,0.0,0,2.0,6,1.0426829268292683,-1.0323958333333334,,,8,116.8,738.0,8,143.6,280.58,2,14,1168
28,6,00:50:20,90619,20,8,5,2,defensive shot,0.0,1,2.0,1,1.396341463414634,0.357083333333333,,,8,129.2,274.64,4,88.4,785.46,2,14,1168
28,7,00:50:21,90653,20,8,17,2,lob,0.0,1,1.0,9,0.8670731707317072,-1.4497916666666668,,,5,261.5,607.21,8,232.6,334.29,2,14,1168
28,8,00:50:23,90703,20,8,5,3,smash,1.0,0,2.0,5,1.451219512195122,1.480625,opponent's ball landed,5.0,9,211.8,193.96,8,211.4,654.87,2,14,1168
