rally,ball_round,time,frame_num,roundscore_A,roundscore_B,player,server,type,aroundhead,backhand,landing_height,landing_area,landing_x,landing_y,lose_reason,getpoint_player,player_location_area,player_location_x,player_location_y,opponent_location_area,opponent_location_x,opponent_location_y,set,match_id,rally_id
32,1,00:25:36,46101,20,12,17,1,short service,0.0,1,2.0,7,0.4243902439024392,0.3756770833333333,,,8,172.2,346.49,8,217.5,667.83,1,14,1134
32,2,00:25:37,46122,20,12,5,2,lob,0.0,0,1.0,5,-0.9792682926829268,-1.3411979166666663,,,7,196.5,582.79,8,180.4,317.22,1,14,1134
32,3,00:25:38,46155,20,12,17,2,smash,0.0,0,2.0,6,-1.3573170731707316,1.0722395833333334,,,8,121.7,228.07,8,183.8,645.39,1,14,1134
32,4,00:25:38,46168,20,12,5,2,defensive shot,0.0,1,1.0,7,0.1365853658536584,-0.3334374999999999,,,8,187.9,652.91,8,111.1,206.84,1,14,1134
32,5,00:25:39,46197,20,12,17,2,net shot,0.0,0,2.0,2,-1.1134146341463411,0.3363020833333336,,,8,166.6,333.13,6,98.8,694.65,1,14,1134
32,6,00:25:40,46222,20,12,5,2,lob,0.0,1,1.0,3,-1.1695121951219514,-1.502916666666667,,,7,119.8,582.27,8,158.9,340.98,1,14,1134
32,7,00:25:41,46254,20,12,17,2,drop,0.0,0,2.0,1,1.1719512195121955,0.3338541666666668,,,8,124.5,225.16,8,163.0,602.67,1,14,1134
32,8,00:25:42,46281,20,12,5,2,net shot,0.0,0,2.0,2,1.253658536585366,-0.0268229166666665,,,1,256.9,583.2,8,150.7,216.78,1,14,1134
32,9,00:25:43,46309,20,12,17,3,lob,0.0,0,2.0,10,1.7865853658536586,1.6888020833333333,out,5.0,2,259.0,411.43,8,219.2,616.77,1,14,1134
