rally,ball_round,time,frame_num,roundscore_A,roundscore_B,player,server,type,aroundhead,backhand,landing_height,landing_area,landing_x,landing_y,lose_reason,getpoint_player,player_location_area,player_location_x,player_location_y,opponent_location_area,opponent_location_x,opponent_location_y,set,match_id,rally_id
13,1,00:41:32,74780,11,2,17,1,short service,0.0,1,2.0,7,0.651219512195122,-0.2916666666666667,,,8,165.6,635.81,8,215.3,290.39,2,14,1153
13,2,00:41:33,74792,11,2,5,2,lob,0.0,0,1.0,5,1.0512195121951218,1.4892708333333335,,,7,224.7,410.94,8,178.2,654.75,2,14,1153
13,3,00:41:34,74829,11,2,17,2,drop,1.0,0,2.0,1,-1.0158536585365854,-0.5258333333333333,,,8,242.3,751.3,8,185.9,325.43,2,14,1153
13,4,00:41:35,74854,11,2,5,2,net shot,0.0,0,2.0,2,-1.14390243902439,0.2451041666666663,,,8,106.2,361.09,8,196.7,727.86,2,14,1153
13,5,00:41:36,74882,11,2,17,2,net shot,0.0,0,2.0,1,-1.2682926829268293,-0.1260937499999999,,,6,94.6,600.27,8,131.4,361.5,2,14,1153
13,6,00:41:36,74908,11,2,5,2,lob,0.0,0,1.0,5,1.4902439024390242,1.402760416666667,,,1,87.0,426.14,7,130.0,582.34,2,14,1153
13,7,00:41:38,74966,11,2,17,3,smash,1.0,0,2.0,6,1.5268292682926827,-1.285625,opponent's ball landed,5.0,5,284.3,729.59,8,175.4,289.61,2,14,1153
