rally,ball_round,time,frame_num,roundscore_A,roundscore_B,player,server,type,aroundhead,backhand,landing_height,landing_area,landing_x,landing_y,lose_reason,getpoint_player,player_location_area,player_location_x,player_location_y,opponent_location_area,opponent_location_x,opponent_location_y,set,match_id,rally_id
7,1,00:08:33,15413,5,2,17,1,short service,0.0,1,2.0,7,0.1780487804878048,0.3524479166666664,,,8,171.6,341.2,8,218.5,664.16,1,14,1109
7,2,00:08:34,15432,5,2,5,2,net shot,0.0,0,2.0,7,-0.0939024390243901,-0.0581770833333334,,,7,185.0,572.48,8,170.5,335.86,1,14,1109
7,3,00:08:35,15457,5,2,17,2,lob,0.0,1,1.0,4,-0.953658536585366,1.6419791666666663,,,7,178.7,422.53,8,179.2,606.73,1,14,1109
7,4,00:08:36,15489,5,2,5,3,smash,1.0,0,2.0,8,0.9134146341463416,-1.3071354166666669,opponent's ball landed,5.0,8,168.5,714.09,8,160.2,297.66,1,14,1109
