rally,ball_round,time,frame_num,roundscore_A,roundscore_B,player,server,type,aroundhead,backhand,landing_height,landing_area,landing_x,landing_y,lose_reason,getpoint_player,player_location_area,player_location_x,player_location_y,opponent_location_area,opponent_location_x,opponent_location_y,set,match_id,rally_id
9,1,00:36:08,65051,5,4,14,1,long service,0.0,0,1.0,4,1.130487804878049,-1.5296875,,,8,170.9,614.84,8,232.9,244.16,2,10,835
9,2,00:36:10,65113,5,4,2,2,clear,0.0,0,1.0,3,1.398780487804878,1.5661979166666669,,,4,257.4,177.03,8,193.0,657.09,2,10,835
9,3,00:36:11,65151,5,4,14,2,clear,0.0,0,1.0,4,1.145121951219512,-1.458125,,,5,267.9,755.23,8,195.3,276.51,2,10,835
9,4,00:36:12,65182,5,4,2,2,clear,1.0,0,1.0,3,1.3621951219512194,1.6154687499999998,,,8,229.7,250.62,8,208.5,689.84,2,10,835
9,5,00:36:14,65231,5,4,14,2,drop,0.0,0,2.0,6,1.180487804878049,-0.7054166666666667,,,3,271.7,783.57,8,179.1,283.05,2,10,835
9,6,00:36:14,65249,5,4,2,2,net shot,0.0,1,2.0,2,-1.2658536585365854,0.2908854166666668,,,8,180.8,298.2,8,231.9,755.73,2,10,835
9,7,00:36:16,65280,5,4,14,2,lob,0.0,1,1.0,9,-0.7243902439024391,-1.491458333333333,,,7,107.7,570.56,8,174.9,310.3,2,10,835
9,8,00:36:17,65331,5,4,2,3,drop,0.0,0,2.0,5,1.5024390243902437,0.6851041666666665,opponent's ball landed,14.0,9,132.2,162.83,8,159.4,665.09,2,10,835
