rally,ball_round,time,frame_num,roundscore_A,roundscore_B,player,server,type,aroundhead,backhand,landing_height,landing_area,landing_x,landing_y,lose_reason,getpoint_player,player_location_area,player_location_x,player_location_y,opponent_location_area,opponent_location_x,opponent_location_y,set,match_id,rally_id
21,1,00:44:02,79260,13,8,14,1,short service,0.0,1,2.0,7,-0.2719512195121952,-0.1028645833333333,,,8,186.8,620.54,8,134.7,299.26,2,10,847
21,2,00:44:02,79284,13,8,2,2,net shot,0.0,0,2.0,7,0.1878048780487805,0.2074999999999998,,,7,156.9,384.52,8,182.9,628.49,2,10,847
21,3,00:44:03,79312,13,8,14,2,net shot,0.0,1,2.0,7,0.528048780487805,-0.1491666666666666,,,7,194.3,525.1,8,170.3,350.98,2,10,847
21,4,00:44:05,79354,13,8,2,2,lob,0.0,1,1.0,8,-0.3914634146341462,1.0810416666666665,,,7,186.0,402.7,7,187.1,588.09,2,10,847
21,5,00:44:07,79410,13,8,14,3,smash,0.0,0,2.0,6,1.1890243902439024,-1.2669270833333333,opponent's ball landed,14.0,8,142.7,681.85,8,155.4,239.61,2,10,847
