rally,ball_round,time,frame_num,roundscore_A,roundscore_B,player,server,type,aroundhead,backhand,landing_height,landing_area,landing_x,landing_y,lose_reason,getpoint_player,player_location_area,player_location_x,player_location_y,opponent_location_area,opponent_location_x,opponent_location_y,set,match_id,rally_id
27,1,00:22:09,39879,14,13,21,1,short service,0.0,1,2.0,7,0.6548780487804877,0.5158854166666664,,,8,162.6,345.76,8,209.4,683.78,1,26,2149
27,2,00:22:10,39900,14,13,0,2,push/rush,0.0,0,1.0,5,-1.0390243902439025,-1.364270833333333,,,8,202.6,606.32,8,166.2,348.71,1,26,2149
27,3,00:22:11,39932,14,13,21,2,drop,0.0,0,1.0,6,-0.9585365853658536,0.83921875,,,8,115.3,205.59,8,170.1,664.01,1,26,2149
27,4,00:22:11,39947,14,13,0,2,net shot,0.0,1,2.0,1,-1.1780487804878048,-0.29359375,,,8,167.4,671.07,8,121.7,272.14,1,26,2149
27,5,00:22:12,39971,14,13,21,2,lob,0.0,0,1.0,8,0.7085365853658536,1.3133333333333332,,,1,90.0,386.63,8,155.7,667.39,1,26,2149
27,6,00:22:13,40004,14,13,0,2,smash,0.0,0,2.0,6,1.180487804878049,-1.0160416666666665,,,8,197.4,745.68,8,138.5,336.58,1,26,2149
27,7,00:22:13,40019,14,13,21,3,defensive shot,0.0,1,2.0,2,1.065853658536585,-0.0383333333333334,not pass over the net,21.0,8,145.3,291.48,9,217.7,762.61,1,26,2149
