rally,ball_round,time,frame_num,roundscore_A,roundscore_B,player,server,type,aroundhead,backhand,landing_height,landing_area,landing_x,landing_y,lose_reason,getpoint_player,player_location_area,player_location_x,player_location_y,opponent_location_area,opponent_location_x,opponent_location_y,set,match_id,rally_id
5,1,00:08:46,15783,2,3,21,1,short service,0.0,1,2.0,7,0.6951219512195121,0.5487500000000001,,,8,159.9,319.21,8,215.4,685.57,1,26,2127
5,2,00:08:46,15807,2,3,0,2,push/rush,0.0,0,1.0,6,1.3317073170731706,-1.3609375,,,8,202.3,596.41,8,165.5,334.15,1,26,2127
5,3,00:08:47,15833,2,3,21,2,drop,0.0,1,2.0,7,0.873170731707317,0.3376562500000002,,,8,240.7,251.93,8,196.3,631.29,1,26,2127
5,4,00:08:48,15860,2,3,0,2,drop,0.0,0,2.0,7,0.5085365853658536,-0.2403645833333332,,,7,219.9,586.57,8,191.5,307.74,1,26,2127
5,5,00:08:49,15888,2,3,21,2,lob,0.0,1,1.0,9,0.0707317073170733,1.6146354166666663,,,7,188.4,420.37,8,193.8,602.26,1,26,2127
5,6,00:08:51,15951,2,3,0,2,smash,0.0,0,2.0,6,1.0134146341463417,-1.0174479166666668,,,9,157.1,775.32,8,158.9,336.96,1,26,2127
5,7,00:08:52,15968,2,3,21,2,defensive shot,0.0,1,2.0,1,0.9621951219512196,0.5718749999999998,,,8,158.9,294.84,8,173.9,742.34,1,26,2127
5,8,00:08:53,15997,2,3,0,2,push/rush,0.0,0,1.0,6,1.045121951219512,-1.3635416666666669,,,8,222.8,631.62,8,181.7,316.62,1,26,2127
5,9,00:08:54,16027,2,3,21,3,smash,1.0,0,2.0,10,1.6365853658536584,1.4494791666666664,out,21.0,8,227.1,218.25,8,205.5,673.28,1,26,2127
