rally,ball_round,time,frame_num,roundscore_A,roundscore_B,player,server,type,aroundhead,backhand,landing_height,landing_area,landing_x,landing_y,lose_reason,getpoint_player,player_location_area,player_location_x,player_location_y,opponent_location_area,opponent_location_x,opponent_location_y,set,match_id,rally_id
27,1,00:45:50,82520,16,11,0,1,short service,0.0,1,2.0,7,-0.2158536585365852,0.4331770833333331,,,8,181.1,334.44,8,120.9,689.62,2,26,2191
27,2,00:45:51,82539,16,11,21,2,drive,0.0,0,2.0,8,-0.6695121951219513,-0.7270312499999999,,,8,122.5,597.34,8,159.0,345.69,2,26,2191
27,3,00:45:51,82549,16,11,0,2,drive,0.0,0,1.0,8,0.602439024390244,0.8378125000000001,,,8,140.2,333.68,7,124.3,583.24,2,26,2191
27,4,00:45:52,82562,16,11,21,2,defensive shot,0.0,0,2.0,8,0.5182926829268293,-0.6413020833333333,,,8,169.7,665.78,8,157.8,339.86,2,26,2191
27,5,00:45:52,82580,16,11,0,2,drive,0.0,1,1.0,8,-0.6109756097560974,0.8410937500000001,,,7,187.6,366.17,8,219.1,640.93,2,26,2191
27,6,00:45:53,82593,16,11,21,3,drive,0.0,1,2.0,9,-0.0621951219512194,-1.5020833333333332,opponent's ball landed,21.0,8,210.9,680.33,8,196.4,363.51,2,26,2191
