rally,ball_round,time,frame_num,roundscore_A,roundscore_B,player,server,type,aroundhead,backhand,landing_height,landing_area,landing_x,landing_y,lose_reason,getpoint_player,player_location_area,player_location_x,player_location_y,opponent_location_area,opponent_location_x,opponent_location_y,set,match_id,rally_id
5,1,00:35:10,63321,3,2,0,1,short service,0.0,1,2.0,7,-0.196341463414634,0.4444791666666668,,,8,181.7,337.38,8,120.2,686.19,2,26,2169
5,2,00:35:11,63338,3,2,21,2,net shot,0.0,0,2.0,7,-0.1378048780487806,-0.1510937499999999,,,7,125.6,589.35,8,169.1,337.15,2,26,2169
5,3,00:35:11,63359,3,2,0,2,lob,0.0,0,2.0,9,0.9195121951219511,1.5646354166666665,,,7,169.8,425.26,8,155.4,605.7,2,26,2169
5,4,00:35:13,63418,3,2,21,2,clear,0.0,0,1.0,8,0.8792682926829267,-0.90390625,,,9,210.1,790.24,8,169.5,304.27,2,26,2169
5,5,00:35:15,63452,3,2,0,3,smash,1.0,0,2.0,6,-1.0621951219512191,1.3885416666666668,opponent's ball landed,21.0,8,236.2,305.54,8,201.8,745.73,2,26,2169
