rally,ball_round,time,frame_num,roundscore_A,roundscore_B,player,server,type,aroundhead,backhand,landing_height,landing_area,landing_x,landing_y,lose_reason,getpoint_player,player_location_area,player_location_x,player_location_y,opponent_location_area,opponent_location_x,opponent_location_y,set,match_id,rally_id
34,1,00:25:31,45957,17,17,21,1,short service,0.0,1,2.0,7,0.5621951219512195,0.5043750000000001,,,8,163.8,345.78,8,215.7,702.52,1,26,2156
34,2,00:25:32,45981,17,17,0,2,net shot,0.0,0,2.0,2,1.3378048780487803,-0.3305729166666668,,,8,196.2,608.2,8,163.8,345.78,1,26,2156
34,3,00:25:33,46011,17,17,21,2,lob,0.0,1,1.0,8,-0.825609756097561,1.3565625,,,7,246.8,381.15,8,193.4,636.88,1,26,2156
34,4,00:25:34,46046,17,17,0,2,drop,1.0,0,2.0,5,-1.0,-0.6683854166666666,,,8,149.3,737.4,8,149.2,300.81,1,26,2156
34,5,00:25:35,46067,17,17,21,2,net shot,0.0,0,2.0,2,-0.9585365853658536,0.4953125000000001,,,8,109.4,330.16,8,130.9,748.07,1,26,2156
34,6,00:25:36,46091,17,17,0,2,net shot,0.0,1,2.0,1,-0.9060975609756096,-0.1831250000000001,,,8,128.3,617.05,8,135.6,339.45,1,26,2156
34,7,00:25:37,46117,17,17,21,2,net shot,0.0,0,2.0,2,-1.3134146341463415,0.3123958333333334,,,1,102.2,408.39,8,145.0,638.15,1,26,2156
34,8,00:25:38,46141,17,17,0,2,lob,0.0,1,1.0,9,-0.7219512195121952,-1.4710416666666666,,,2,97.4,562.11,7,127.2,370.7,1,26,2156
34,9,00:25:39,46185,17,17,21,3,smash,0.0,0,2.0,5,1.482926829268293,1.1611458333333335,opponent's ball landed,21.0,9,139.3,199.15,8,177.2,691.97,1,26,2156
