rally,ball_round,time,frame_num,roundscore_A,roundscore_B,player,server,type,aroundhead,backhand,landing_height,landing_area,landing_x,landing_y,lose_reason,getpoint_player,player_location_area,player_location_x,player_location_y,opponent_location_area,opponent_location_x,opponent_location_y,set,match_id,rally_id
8,1,00:39:24,70937,8,0,13,1,short service,0.0,1,2.0,7,-0.3475609756097561,0.5027604166666665,,,8,180.1,335.57,8,141.8,675.27,2,30,2485
8,2,00:39:24,70949,8,0,24,2,net shot,0.0,1,2.0,1,-0.9695121951219512,-0.2688541666666666,,,8,130.6,619.74,8,150.8,357.44,2,30,2485
8,3,00:39:25,70972,8,0,13,2,lob,0.0,0,1.0,5,1.1097560975609757,1.4655208333333334,,,7,109.1,406.29,8,150.5,638.51,2,30,2485
8,4,00:39:26,71008,8,0,24,2,drop,1.0,0,2.0,8,-0.625609756097561,-0.5811458333333333,,,8,227.7,739.86,8,158.9,306.37,2,30,2485
8,5,00:39:27,71033,8,0,13,2,net shot,0.0,0,2.0,7,0.545121951219512,0.5853125,,,8,133.7,328.87,9,229.0,772.01,2,30,2485
8,6,00:39:28,71056,8,0,24,3,lob,0.0,1,2.0,10,-1.1560975609756097,-1.8625,out,13.0,8,200.1,608.43,8,165.6,338.16,2,30,2485
