rally,ball_round,time,frame_num,roundscore_A,roundscore_B,player,server,type,aroundhead,backhand,landing_height,landing_area,landing_x,landing_y,lose_reason,getpoint_player,player_location_area,player_location_x,player_location_y,opponent_location_area,opponent_location_x,opponent_location_y,set,match_id,rally_id
5,1,00:38:10,68726,5,0,13,1,short service,0.0,1,2.0,7,0.4987804878048781,0.6045833333333336,,,8,165.5,333.33,8,229.3,654.54,2,30,2482
5,2,00:38:11,68747,5,0,24,2,net shot,0.0,1,2.0,1,-0.8987804878048781,-0.2577083333333334,,,8,194.7,638.03,8,160.2,338.23,2,30,2482
5,3,00:38:12,68775,5,0,13,2,push/rush,0.0,0,1.0,6,-0.946341463414634,1.3969270833333336,,,7,116.1,399.45,8,165.8,629.77,2,30,2482
5,4,00:38:13,68805,5,0,24,2,drive,0.0,0,1.0,5,-1.1939024390243904,-0.9494270833333336,,,8,107.1,751.49,8,139.8,362.29,2,30,2482
5,5,00:38:14,68820,5,0,13,2,defensive shot,0.0,0,2.0,2,-0.873170731707317,0.3767708333333335,,,8,106.4,271.49,8,124.6,699.49,2,30,2482
5,6,00:38:14,68839,5,0,24,2,drive,0.0,0,1.0,8,0.5890243902439026,-0.9858854166666668,,,8,108.0,614.74,8,117.6,294.35,2,30,2482
5,7,00:38:15,68853,5,0,13,2,drive,0.0,1,2.0,8,0.6390243902439026,0.8621874999999998,,,8,144.2,276.16,8,140.9,653.82,2,30,2482
5,8,00:38:15,68866,5,0,24,2,defensive shot,0.0,1,2.0,6,1.0341463414634149,-0.7150520833333335,,,8,156.0,648.62,8,189.4,308.47,2,30,2482
5,9,00:38:16,68883,5,0,13,3,push/rush,0.0,1,2.0,4,-1.1756097560975611,1.6775520833333335,misjudged,13.0,8,208.9,342.43,8,185.9,673.16,2,30,2482
