rally,ball_round,time,frame_num,roundscore_A,roundscore_B,player,server,type,aroundhead,backhand,landing_height,landing_area,landing_x,landing_y,lose_reason,getpoint_player,player_location_area,player_location_x,player_location_y,opponent_location_area,opponent_location_x,opponent_location_y,set,match_id,rally_id
20,1,00:19:41,35450,11,9,14,1,short service,0.0,1,2.0,7,-0.2670731707317074,-0.5159895833333333,,,8,184.4,630.21,8,137.9,280.8,1,54,4587
20,2,00:19:42,35473,11,9,3,2,lob,0.0,1,1.0,4,-0.9329268292682928,1.5317708333333335,,,7,174.4,377.22,8,172.2,643.75,1,54,4587
20,3,00:19:43,35508,11,9,14,2,drop,0.0,0,1.0,8,-0.7390243902439023,-0.6400520833333333,,,8,152.2,742.87,8,164.8,299.64,1,54,4587
20,4,00:19:44,35530,11,9,3,2,net shot,0.0,1,2.0,2,-1.2121951219512197,0.4461979166666664,,,8,136.0,317.29,8,150.9,749.2,1,54,4587
20,5,00:19:45,35556,11,9,14,2,lob,0.0,1,1.0,9,0.8743902439024389,-1.5010416666666666,,,2,97.4,576.7,8,136.7,314.77,1,54,4587
20,6,00:19:46,35598,11,9,3,3,clear,0.0,0,2.0,10,-1.625609756097561,1.6630729166666665,out,3.0,9,209.4,168.64,8,178.0,653.43,1,54,4587
