rally,ball_round,time,frame_num,roundscore_A,roundscore_B,player,server,type,aroundhead,backhand,landing_height,landing_area,landing_x,landing_y,lose_reason,getpoint_player,player_location_area,player_location_x,player_location_y,opponent_location_area,opponent_location_x,opponent_location_y,set,match_id,rally_id
25,1,00:21:43,39116,13,12,14,1,short service,0.0,1,2.0,7,-0.3426829268292682,-0.48078125,,,8,182.6,635.21,8,136.5,288.81,1,54,4592
25,2,00:21:44,39144,13,12,3,2,push/rush,0.0,1,1.0,6,-1.051219512195122,1.4578125,,,7,167.4,377.15,8,173.4,641.32,1,54,4592
25,3,00:21:45,39176,13,12,14,2,smash,0.0,0,2.0,5,-1.0743902439024389,-0.9446354166666668,,,8,160.0,720.19,8,159.1,312.46,1,54,4592
25,4,00:21:46,39193,13,12,3,2,defensive shot,0.0,1,2.0,7,0.7987804878048781,0.5477083333333331,,,8,151.2,296.89,8,140.0,748.21,1,54,4592
25,5,00:21:47,39219,13,12,14,2,lob,0.0,0,1.0,3,-0.924390243902439,-1.3780208333333337,,,7,215.5,593.36,8,161.5,302.21,1,54,4592
25,6,00:21:48,39247,13,12,3,2,clear,0.0,0,1.0,6,-1.123170731707317,1.12109375,,,8,148.9,241.82,8,178.0,643.8,1,54,4592
25,7,00:21:48,39266,13,12,14,2,smash,0.0,0,2.0,5,-1.404878048780488,-0.9741145833333332,,,8,117.2,692.25,8,141.7,238.85,1,54,4592
25,8,00:21:49,39282,13,12,3,2,defensive shot,0.0,0,2.0,2,-1.4817073170731707,0.5081249999999997,,,8,150.8,280.93,8,124.0,703.82,1,54,4592
25,9,00:21:50,39314,13,12,14,3,net shot,0.0,1,2.0,2,-1.2926829268292683,0.1104166666666666,touched the net,3.0,2,75.8,579.38,8,145.8,312.32,1,54,4592
