rally,ball_round,time,frame_num,roundscore_A,roundscore_B,player,server,type,aroundhead,backhand,landing_height,landing_area,landing_x,landing_y,lose_reason,getpoint_player,player_location_area,player_location_x,player_location_y,opponent_location_area,opponent_location_x,opponent_location_y,set,match_id,rally_id
33,1,00:27:54,50227,19,14,3,1,short service,0.0,1,2.0,8,0.7317073170731707,0.6734895833333331,,,8,171.8,332.58,8,225.8,687.81,1,54,4600
33,2,00:27:55,50252,19,14,14,2,lob,0.0,0,1.0,6,1.270731707317073,-1.3677604166666668,,,7,209.9,593.31,8,181.6,312.7,1,54,4600
33,3,00:27:56,50281,19,14,3,2,drive,0.0,0,1.0,5,1.1573170731707314,0.9874479166666668,,,8,247.8,207.13,8,211.4,657.26,1,54,4600
33,4,00:27:56,50293,19,14,14,3,drive,0.0,0,2.0,7,-0.5646341463414636,0.0854166666666665,touched the net,3.0,8,230.4,660.93,8,240.8,219.22,1,54,4600
