rally,ball_round,time,frame_num,roundscore_A,roundscore_B,player,server,type,aroundhead,backhand,landing_height,landing_area,landing_x,landing_y,lose_reason,getpoint_player,player_location_area,player_location_x,player_location_y,opponent_location_area,opponent_location_x,opponent_location_y,set,match_id,rally_id
33,1,00:51:54,93444,18,15,14,1,short service,0.0,1,2.0,7,0.421951219512195,0.6213020833333331,,,8,170.0,315.12,8,215.2,683.37,2,54,4635
33,2,00:51:55,93466,18,15,3,2,lob,0.0,1,1.0,3,-1.0134146341463417,-1.4435416666666665,,,7,183.5,578.92,8,174.2,317.69,2,54,4635
33,3,00:51:56,93499,18,15,14,2,drop,0.0,0,2.0,7,-0.1146341463414634,0.6630208333333331,,,9,113.4,193.23,8,144.0,655.5,2,54,4635
33,4,00:51:57,93521,18,15,3,3,lob,0.0,1,2.0,10,-1.2195121951219512,-1.6835416666666667,out,3.0,8,133.0,603.6,8,141.1,247.49,2,54,4635
