rally,ball_round,time,frame_num,roundscore_A,roundscore_B,player,server,type,aroundhead,backhand,landing_height,landing_area,landing_x,landing_y,lose_reason,getpoint_player,player_location_area,player_location_x,player_location_y,opponent_location_area,opponent_location_x,opponent_location_y,set,match_id,rally_id
3,1,00:32:13,57997,1,2,3,1,long service,0.0,1,1.0,8,0.921951219512195,-1.3533333333333335,,,8,172.7,635.13,8,219.4,284.35,2,54,4605
3,2,00:32:14,58027,1,2,14,2,clear,0.0,0,1.0,8,-0.6914634146341464,1.473072916666667,,,8,224.2,248.38,8,172.3,650.99,2,54,4605
3,3,00:32:15,58059,1,2,3,2,clear,0.0,0,1.0,8,0.5109756097560977,-1.2452083333333337,,,9,118.0,771.45,8,185.3,253.66,2,54,4605
3,4,00:32:16,58085,1,2,14,2,clear,0.0,0,1.0,5,1.0012195121951222,1.2122395833333333,,,8,175.6,256.38,8,139.4,746.4,2,54,4605
3,5,00:32:16,58109,1,2,3,2,smash,0.0,0,2.0,6,1.148780487804878,-0.9626041666666666,,,8,217.6,698.37,8,189.8,242.26,2,54,4605
3,6,00:32:17,58122,1,2,14,2,defensive shot,0.0,1,2.0,1,1.0878048780487803,0.5335416666666669,,,8,183.5,259.28,8,212.3,709.66,2,54,4605
3,7,00:32:18,58146,1,2,3,2,push/rush,0.0,1,1.0,6,1.329268292682927,-1.272447916666667,,,7,241.3,586.58,8,195.2,297.35,2,54,4605
3,8,00:32:19,58174,1,2,14,2,drop,0.0,1,2.0,1,1.2902439024390244,0.3329687499999997,,,6,273.6,228.53,8,202.5,635.39,2,54,4605
3,9,00:32:20,58201,1,2,3,3,push/rush,0.0,1,2.0,10,-1.5646341463414637,-1.5633854166666663,out,3.0,1,264.3,549.78,8,233.1,265.39,2,54,4605
