rally,ball_round,time,frame_num,roundscore_A,roundscore_B,player,server,type,aroundhead,backhand,landing_height,landing_area,landing_x,landing_y,lose_reason,getpoint_player,player_location_area,player_location_x,player_location_y,opponent_location_area,opponent_location_x,opponent_location_y,set,match_id,rally_id
8,1,00:12:44,22933,7,1,3,1,short service,0.0,1,2.0,2,-1.4134146341463416,0.5920312499999998,,,8,179.1,327.73,8,130.1,692.36,1,54,4575
8,2,00:12:45,22962,7,1,14,2,net shot,0.0,1,1.0,1,-0.9926829268292684,-0.2474479166666666,,,6,103.0,595.13,8,162.5,312.5,1,54,4575
8,3,00:12:46,22988,7,1,3,2,push/rush,0.0,1,2.0,8,0.6109756097560974,1.075416666666667,,,7,109.5,389.89,8,134.2,634.79,1,54,4575
8,4,00:12:46,23003,7,1,14,2,defensive shot,0.0,0,1.0,2,1.1414634146341467,-0.3819791666666665,,,8,156.4,671.76,7,131.1,372.27,1,54,4575
8,5,00:12:47,23028,7,1,3,2,net shot,0.0,0,2.0,7,-0.823170731707317,0.5338020833333333,,,7,250.6,375.74,8,239.9,669.08,1,54,4575
8,6,00:12:48,23053,7,1,14,2,lob,0.0,1,1.0,4,1.1426829268292682,-1.46640625,,,7,110.5,589.63,7,217.1,368.58,1,54,4575
8,7,00:12:49,23090,7,1,3,3,clear,0.0,0,2.0,10,1.864634146341463,1.6074479166666666,out,3.0,9,238.1,181.92,8,176.9,656.96,1,54,4575
