rally,ball_round,time,frame_num,roundscore_A,roundscore_B,player,server,type,aroundhead,backhand,landing_height,landing_area,landing_x,landing_y,lose_reason,getpoint_player,player_location_area,player_location_x,player_location_y,opponent_location_area,opponent_location_x,opponent_location_y,set,match_id,rally_id
6,1,00:34:25,61952,4,2,3,1,long service,0.0,1,1.0,8,0.6573170731707317,-1.2755729166666667,,,8,172.7,631.36,8,215.2,281.61,2,54,4608
6,2,00:34:25,61978,4,2,14,2,smash,0.0,0,2.0,6,-1.1292682926829267,1.0155208333333334,,,8,216.3,248.3,8,166.6,652.14,2,54,4608
6,3,00:34:26,61994,4,2,3,2,defensive shot,0.0,0,2.0,7,-0.7024390243902439,-0.3898437500000001,,,8,140.3,671.62,8,191.7,230.6,2,54,4608
6,4,00:34:27,62026,4,2,14,2,push/rush,0.0,0,1.0,5,1.3731707317073174,1.40890625,,,7,135.5,381.31,6,96.2,649.14,2,54,4608
6,5,00:34:28,62054,4,2,3,2,clear,0.0,1,1.0,6,1.074390243902439,-1.1364583333333331,,,8,250.9,740.92,8,210.5,349.87,2,54,4608
6,6,00:34:29,62093,4,2,14,3,smash,0.0,0,2.0,10,1.6780487804878053,1.3904166666666669,out,3.0,6,266.2,254.52,8,169.0,701.09,2,54,4608
