rally,ball_round,time,frame_num,roundscore_A,roundscore_B,player,server,type,aroundhead,backhand,landing_height,landing_area,landing_x,landing_y,lose_reason,getpoint_player,player_location_area,player_location_x,player_location_y,opponent_location_area,opponent_location_x,opponent_location_y,set,match_id,rally_id
26,1,00:47:40,85800,16,10,3,1,short service,0.0,1,2.0,7,0.3292682926829268,-0.4896874999999999,,,8,171.6,635.12,8,219.1,292.33,2,54,4628
26,2,00:47:40,85828,16,10,14,2,lob,0.0,1,1.0,5,1.270731707317073,1.4374479166666667,,,7,196.6,366.08,8,175.1,635.15,2,54,4628
26,3,00:47:42,85860,16,10,3,2,clear,0.0,0,1.0,5,-1.1121951219512196,-1.362864583333333,,,8,194.1,744.13,8,190.1,297.29,2,54,4628
26,4,00:47:43,85901,16,10,14,2,smash,0.0,0,2.0,6,-1.252439024390244,0.9538020833333332,,,3,101.0,202.44,8,161.2,706.18,2,54,4628
26,5,00:47:44,85920,16,10,3,2,defensive shot,0.0,0,1.0,3,-1.2182926829268292,-1.4444791666666668,,,6,91.7,659.74,8,122.6,247.29,2,54,4628
26,6,00:47:45,85953,16,10,14,2,drop,0.0,0,2.0,7,0.902439024390244,0.4940104166666668,,,3,92.8,177.09,8,136.4,690.28,2,54,4628
26,7,00:47:45,85978,16,10,3,2,lob,0.0,1,1.0,6,1.1414634146341467,-1.2733333333333332,,,8,218.3,598.91,8,129.6,226.97,2,54,4628
26,8,00:47:47,86010,16,10,14,2,clear,0.0,0,1.0,5,1.44390243902439,1.475833333333333,,,8,212.0,242.5,8,190.6,649.96,2,54,4628
26,9,00:47:48,86057,16,10,3,3,drop,0.0,0,2.0,1,-1.0963414634146342,-0.4258333333333333,opponent's ball landed,3.0,3,276.8,758.2,8,202.0,253.84,2,54,4628
