rally,ball_round,time,frame_num,roundscore_A,roundscore_B,player,server,type,aroundhead,backhand,landing_height,landing_area,landing_x,landing_y,lose_reason,getpoint_player,player_location_area,player_location_x,player_location_y,opponent_location_area,opponent_location_x,opponent_location_y,set,match_id,rally_id
31,1,00:21:49,39276,17,14,15,1,short service,0.0,0,2.0,7,0.3853658536585365,-0.3478124999999998,,,8,157.9,656.92,8,224.2,282.55,1,13,1033
31,2,00:21:50,39302,17,14,16,2,net shot,0.0,1,2.0,1,1.1097560975609757,0.2768229166666665,,,8,179.0,349.8,8,164.0,642.58,1,13,1033
31,3,00:21:51,39332,17,14,15,2,lob,0.0,1,1.0,3,-1.1670731707317072,-1.422604166666667,,,7,227.0,576.34,8,186.1,312.28,1,13,1033
31,4,00:21:52,39373,17,14,16,2,drop,0.0,0,2.0,1,1.195121951219512,0.39453125,,,3,97.0,188.07,8,168.6,639.65,1,13,1033
31,5,00:21:53,39400,17,14,15,2,net shot,0.0,1,2.0,2,1.353658536585366,-0.0741145833333334,,,1,258.5,592.14,8,148.8,223.48,1,13,1033
31,6,00:21:54,39434,17,14,16,2,lob,0.0,1,1.0,5,1.2121951219512193,1.45984375,,,2,253.7,397.73,8,216.0,623.14,1,13,1033
31,7,00:21:55,39465,17,14,15,2,clear,1.0,0,1.0,9,-0.7109756097560975,-1.4684895833333331,,,8,218.2,711.7,8,189.3,319.43,1,13,1033
31,8,00:21:56,39501,17,14,16,2,clear,0.0,0,1.0,9,-0.7853658536585366,1.6209375,,,9,137.2,187.69,8,178.3,697.66,1,13,1033
31,9,00:21:58,39543,17,14,15,3,clear,0.0,0,2.0,10,-1.4329268292682926,-1.7556250000000002,out,15.0,6,93.6,752.91,8,143.8,263.0,1,13,1033
