rally,ball_round,time,frame_num,roundscore_A,roundscore_B,player,server,type,aroundhead,backhand,landing_height,landing_area,landing_x,landing_y,lose_reason,getpoint_player,player_location_area,player_location_x,player_location_y,opponent_location_area,opponent_location_x,opponent_location_y,set,match_id,rally_id
29,1,00:43:45,78776,10,19,16,1,long service,0.0,0,1.0,9,0.8939024390243904,-1.6408333333333331,,,8,168.6,648.32,8,233.9,259.63,2,13,1066
29,2,00:43:47,78837,10,19,15,2,drop,0.0,0,2.0,1,1.2731707317073169,0.5508333333333333,,,9,247.7,151.97,8,202.6,666.48,2,13,1066
29,3,00:43:48,78860,10,19,16,2,net shot,0.0,0,2.0,2,1.2865853658536586,-0.033125,,,5,265.3,622.85,8,210.9,222.91,2,13,1066
29,4,00:43:49,78893,10,19,15,2,lob,0.0,0,1.0,9,0.6634146341463415,1.6531770833333332,,,2,251.7,406.22,7,225.9,571.47,2,13,1066
29,5,00:43:51,78953,10,19,16,2,drop,0.0,0,2.0,2,1.2890243902439025,-0.3397395833333334,,,9,201.4,780.07,8,214.1,272.57,2,13,1066
29,6,00:43:52,78980,10,19,15,2,net shot,0.0,0,2.0,1,1.1341463414634143,0.2302083333333332,,,6,263.1,335.28,8,198.3,726.94,2,13,1066
29,7,00:43:53,79011,10,19,16,2,lob,0.0,0,1.0,8,-0.4865853658536586,-1.2677083333333334,,,1,253.1,547.99,8,234.4,340.16,2,13,1066
29,8,00:43:55,79063,10,19,15,3,smash,0.0,0,2.0,6,-1.1634146341463416,1.4396874999999998,opponent's ball landed,15.0,8,160.3,239.41,8,201.3,633.61,2,13,1066
