rally,ball_round,time,frame_num,roundscore_A,roundscore_B,player,server,type,aroundhead,backhand,landing_height,landing_area,landing_x,landing_y,lose_reason,getpoint_player,player_location_area,player_location_x,player_location_y,opponent_location_area,opponent_location_x,opponent_location_y,set,match_id,rally_id
33,1,00:23:18,41955,19,14,15,1,short service,0.0,0,2.0,7,-0.4670731707317074,-0.3783333333333332,,,8,189.0,646.77,8,120.7,283.45,1,13,1035
33,2,00:23:19,41983,19,14,16,2,lob,0.0,1,1.0,4,-1.0585365853658537,1.621510416666667,,,8,119.3,363.84,8,162.2,627.93,1,13,1035
33,3,00:23:20,42018,19,14,15,2,drop,0.0,0,2.0,1,-0.9743902439024392,-0.5246354166666668,,,9,114.6,763.35,8,136.7,290.77,1,13,1035
33,4,00:23:21,42037,19,14,16,2,net shot,0.0,0,2.0,7,-0.0439024390243901,0.6627083333333333,,,8,117.2,293.41,8,135.2,713.4,1,13,1035
33,5,00:23:21,42058,19,14,15,2,lob,0.0,1,1.0,5,-1.0804878048780486,-1.350572916666667,,,8,148.6,626.52,8,139.6,270.7,1,13,1035
33,6,00:23:22,42087,19,14,16,2,drop,0.0,0,2.0,2,-1.348780487804878,0.2838541666666667,,,8,111.7,237.2,8,134.3,664.07,1,13,1035
33,7,00:23:23,42114,19,14,15,2,net shot,0.0,0,2.0,1,-1.1341463414634143,-0.0663541666666667,,,2,85.7,567.43,8,114.4,263.26,1,13,1035
33,8,00:23:24,42142,19,14,16,3,lob,0.0,0,2.0,7,-0.6804878048780487,0.04296875,touched the net,15.0,7,105.1,421.91,7,110.0,573.82,1,13,1035
