rally,ball_round,time,frame_num,roundscore_A,roundscore_B,player,server,type,aroundhead,backhand,landing_height,landing_area,landing_x,landing_y,lose_reason,getpoint_player,player_location_area,player_location_x,player_location_y,opponent_location_area,opponent_location_x,opponent_location_y,set,match_id,rally_id
15,1,00:12:32,22580,9,6,24,1,short service,0.0,1,2.0,7,0.4402439024390243,0.5392708333333331,,,8,170.7,339.85,8,228.0,681.21,1,29,2379
15,2,00:12:33,22591,9,6,25,2,push/rush,0.0,0,1.0,3,-1.0439024390243905,-1.5959374999999998,,,7,189.6,584.63,8,170.6,332.93,1,29,2379
15,3,00:12:34,22622,9,6,24,2,smash,1.0,0,2.0,8,-0.8085365853658536,1.0828125,,,8,143.4,222.75,8,169.4,633.94,1,29,2379
15,4,00:12:34,22636,9,6,25,2,defensive shot,0.0,1,2.0,8,-0.4085365853658536,-0.5692187500000001,,,8,189.6,667.54,8,124.6,217.16,1,29,2379
15,5,00:12:35,22663,9,6,24,3,push/rush,0.0,1,2.0,9,-0.7073170731707317,1.6997916666666668,opponent's ball landed,24.0,8,167.2,346.67,8,173.7,622.37,1,29,2379
