rally,ball_round,time,frame_num,roundscore_A,roundscore_B,player,server,type,aroundhead,backhand,landing_height,landing_area,landing_x,landing_y,lose_reason,getpoint_player,player_location_area,player_location_x,player_location_y,opponent_location_area,opponent_location_x,opponent_location_y,set,match_id,rally_id
26,1,00:18:30,33308,15,11,25,1,short service,0.0,1,2.0,7,0.4426829268292684,-0.3952604166666666,,,8,169.3,628.17,8,207.6,290.29,1,29,2390
26,2,00:18:30,33326,15,11,24,2,net shot,0.0,0,2.0,2,-0.8695121951219512,0.4581770833333334,,,8,195.1,364.88,8,178.6,632.58,1,29,2390
26,3,00:18:31,33348,15,11,25,2,net shot,0.0,1,2.0,7,0.0134146341463413,-0.2876041666666668,,,7,126.8,577.78,8,170.0,339.85,1,29,2390
26,4,00:18:32,33370,15,11,24,2,push/rush,0.0,1,1.0,5,1.0951219512195125,1.2577083333333334,,,7,177.4,388.66,8,155.2,604.34,1,29,2390
26,5,00:18:33,33395,15,11,25,2,drop,0.0,0,2.0,2,1.34390243902439,-0.2396354166666666,,,8,225.5,722.96,8,214.3,331.02,1,29,2390
26,6,00:18:34,33421,15,11,24,3,push/rush,0.0,0,2.0,5,1.5146341463414632,0.7060416666666663,opponent's ball landed,24.0,2,257.6,404.21,8,200.6,692.7,1,29,2390
