rally,ball_round,time,frame_num,roundscore_A,roundscore_B,player,server,type,aroundhead,backhand,landing_height,landing_area,landing_x,landing_y,lose_reason,getpoint_player,player_location_area,player_location_x,player_location_y,opponent_location_area,opponent_location_x,opponent_location_y,set,match_id,rally_id
7,1,00:09:23,16899,4,3,24,1,short service,0.0,1,2.0,7,0.5109756097560977,0.5311979166666667,,,8,174.1,339.89,8,228.9,674.59,1,29,2371
7,2,00:09:23,16908,4,3,25,2,net shot,0.0,0,2.0,7,-0.8317073170731708,-0.2269270833333333,,,8,201.8,600.19,8,176.9,323.66,1,29,2371
7,3,00:09:24,16931,4,3,24,2,lob,0.0,1,1.0,5,1.3487804878048784,1.5014062499999998,,,7,121.1,392.41,8,169.8,613.47,1,29,2371
7,4,00:09:25,16969,4,3,25,2,drop,0.0,0,2.0,1,-1.154878048780488,-0.2707291666666667,,,3,258.0,765.22,8,196.3,282.76,1,29,2371
7,5,00:09:26,16999,4,3,24,2,net shot,0.0,1,2.0,2,-1.154878048780488,0.2989062499999999,,,1,99.7,377.16,8,179.4,697.65,1,29,2371
7,6,00:09:27,17027,4,3,25,2,lob,0.0,1,1.0,5,-1.095121951219512,-1.2750520833333334,,,2,99.5,553.29,8,129.6,348.59,1,29,2371
7,7,00:09:29,17070,4,3,24,3,smash,0.0,0,2.0,10,1.6719512195121955,1.1602083333333333,out,24.0,8,108.7,230.45,8,163.4,683.29,1,29,2371
