rally,ball_round,time,frame_num,roundscore_A,roundscore_B,player,server,type,aroundhead,backhand,landing_height,landing_area,landing_x,landing_y,lose_reason,getpoint_player,player_location_area,player_location_x,player_location_y,opponent_location_area,opponent_location_x,opponent_location_y,set,match_id,rally_id
13,1,00:34:21,61838,7,6,24,1,short service,0.0,1,2.0,7,-0.4951219512195121,-0.3878645833333334,,,8,181.4,625.36,8,123.0,296.84,2,29,2413
13,2,00:34:22,61862,7,6,25,2,net shot,0.0,1,2.0,2,-1.0829268292682928,0.2901562500000001,,,7,121.7,373.01,8,169.9,635.38,2,29,2413
13,3,00:34:22,61884,7,6,24,2,lob,0.0,0,1.0,4,1.1524390243902438,-1.3940104166666665,,,7,110.7,556.68,8,135.0,346.37,2,29,2413
13,4,00:34:24,61925,7,6,25,2,drop,0.0,1,2.0,7,-0.5414634146341464,0.4765104166666667,,,4,252.4,176.62,8,188.0,623.96,2,29,2413
13,5,00:34:24,61945,7,6,24,2,net shot,0.0,0,2.0,7,0.1829268292682926,-0.3741145833333332,,,7,159.5,587.49,8,200.5,244.54,2,29,2413
13,6,00:34:25,61970,7,6,25,2,push/rush,0.0,1,1.0,8,0.8853658536585365,1.0958854166666665,,,7,173.5,390.76,8,170.4,611.99,2,29,2413
13,7,00:34:26,61992,7,6,24,3,smash,1.0,0,2.0,6,1.4073170731707314,-1.1134895833333334,opponent's ball landed,24.0,8,181.3,646.82,8,172.7,337.57,2,29,2413
