rally,ball_round,time,frame_num,roundscore_A,roundscore_B,player,server,type,aroundhead,backhand,landing_height,landing_area,landing_x,landing_y,lose_reason,getpoint_player,player_location_area,player_location_x,player_location_y,opponent_location_area,opponent_location_x,opponent_location_y,set,match_id,rally_id
19,1,00:38:49,69875,12,7,24,1,short service,0.0,1,2.0,7,0.3853658536585365,-0.3733333333333333,,,8,168.8,620.86,8,224.9,285.52,2,29,2419
19,2,00:38:49,69899,12,7,25,2,net shot,0.0,1,2.0,7,-0.1341463414634146,0.2937499999999999,,,7,180.8,373.56,8,174.8,625.31,2,29,2419
19,3,00:38:50,69918,12,7,24,2,net shot,0.0,1,2.0,7,-0.2512195121951219,-0.1308333333333333,,,7,137.4,553.62,8,178.2,337.63,2,29,2419
19,4,00:38:51,69941,12,7,25,2,lob,0.0,0,1.0,5,1.175609756097561,1.2904166666666663,,,7,163.8,421.92,7,154.1,573.25,2,29,2419
19,5,00:38:52,69976,12,7,24,3,smash,0.0,0,2.0,5,-0.9987804878048782,-1.09640625,opponent's ball landed,24.0,8,244.8,725.55,8,181.9,287.58,2,29,2419
