rally,ball_round,time,frame_num,roundscore_A,roundscore_B,player,server,type,aroundhead,backhand,landing_height,landing_area,landing_x,landing_y,lose_reason,getpoint_player,player_location_area,player_location_x,player_location_y,opponent_location_area,opponent_location_x,opponent_location_y,set,match_id,rally_id
35,1,00:46:17,83312,20,15,25,1,short service,0.0,1,2.0,7,0.4841463414634145,0.6056249999999999,,,8,170.6,328.28,8,224.6,675.88,2,29,2434
35,2,00:46:17,83334,20,15,24,2,lob,0.0,1,1.0,5,-1.0878048780487806,-1.360104166666667,,,8,207.8,604.8,8,167.1,314.11,2,29,2434
35,3,00:46:19,83370,20,15,25,2,smash,0.0,0,2.0,8,-0.1939024390243903,0.8913541666666666,,,3,93.7,183.61,8,152.8,699.98,2,29,2434
35,4,00:46:19,83387,20,15,24,2,defensive shot,0.0,0,2.0,7,0.7878048780487804,-0.5181770833333333,,,8,150.6,694.85,8,115.1,222.48,2,29,2434
35,5,00:46:20,83409,20,15,25,2,net shot,0.0,1,2.0,1,1.0646341463414637,0.3785937500000003,,,8,228.0,354.03,8,178.0,656.53,2,29,2434
35,6,00:46:21,83438,20,15,24,2,lob,0.0,1,1.0,9,-0.5414634146341464,-1.430104166666667,,,7,240.8,564.35,8,198.0,312.02,2,29,2434
35,7,00:46:22,83468,20,15,25,3,smash,0.0,0,2.0,5,1.2121951219512193,1.1245312499999998,opponent's ball landed,24.0,9,158.0,192.69,8,182.7,674.19,2,29,2434
