rally,ball_round,time,frame_num,roundscore_A,roundscore_B,player,server,type,aroundhead,backhand,landing_height,landing_area,landing_x,landing_y,lose_reason,getpoint_player,player_location_area,player_location_x,player_location_y,opponent_location_area,opponent_location_x,opponent_location_y,set,match_id,rally_id
23,1,00:40:24,72741,14,9,25,1,short service,0.0,1,2.0,7,-0.3487804878048779,0.4942708333333332,,,8,184.5,330.74,8,143.2,669.84,2,29,2423
23,2,00:40:25,72762,14,9,24,2,net shot,0.0,1,2.0,7,-0.3707317073170732,-0.1622916666666668,,,7,134.0,573.07,8,179.7,323.69,2,29,2423
23,3,00:40:26,72787,14,9,25,2,lob,0.0,0,1.0,9,-0.7024390243902439,1.5703645833333333,,,7,149.8,403.22,8,165.8,596.82,2,29,2423
23,4,00:40:27,72828,14,9,24,2,smash,0.0,0,1.0,8,0.7853658536585366,-0.7191145833333333,,,9,123.5,793.41,8,158.3,284.89,2,29,2423
23,5,00:40:28,72851,14,9,25,2,defensive shot,0.0,1,2.0,7,-0.7329268292682927,0.3541145833333334,,,8,209.7,321.62,8,163.8,718.78,2,29,2423
23,6,00:40:29,72872,14,9,24,2,net shot,0.0,0,2.0,7,0.1073170731707318,-0.19171875,,,7,134.6,573.08,8,183.2,311.88,2,29,2423
23,7,00:40:29,72897,14,9,25,2,lob,0.0,0,1.0,9,-0.4841463414634145,1.650729166666667,,,7,191.3,401.5,8,170.4,608.99,2,29,2423
23,8,00:40:31,72943,14,9,24,2,drop,0.0,0,2.0,5,-1.1048780487804877,-0.6783854166666666,,,9,141.0,800.87,8,159.8,289.84,2,29,2423
23,9,00:40:32,72966,14,9,25,3,net shot,0.0,0,2.0,7,-0.3487804878048779,-0.0599999999999999,touched the net,24.0,8,113.0,327.74,8,160.0,735.62,2,29,2423
