rally,ball_round,time,frame_num,roundscore_A,roundscore_B,player,server,type,aroundhead,backhand,landing_height,landing_area,landing_x,landing_y,lose_reason,getpoint_player,player_location_area,player_location_x,player_location_y,opponent_location_area,opponent_location_x,opponent_location_y,set,match_id,rally_id
17,1,00:14:19,25777,8,9,5,1,short service,0.0,1,2.0,7,-0.2963414634146343,-0.3270312500000001,,,8,180.5,629.65,8,138.9,267.66,1,42,3444
17,2,00:14:19,25798,8,9,30,2,lob,0.0,0,2.0,3,1.0024390243902437,1.6376562499999998,,,8,154.5,360.72,8,175.3,627.79,1,42,3444
17,3,00:14:21,25841,8,9,5,2,drive,0.0,0,1.0,8,0.7121951219512196,-0.7786979166666667,,,9,209.0,776.47,8,184.6,304.69,1,42,3444
17,4,00:14:22,25860,8,9,30,2,drive,0.0,1,2.0,8,0.5390243902439023,0.7897916666666666,,,8,188.1,291.52,8,217.5,681.67,1,42,3444
17,5,00:14:22,25872,8,9,5,2,drive,0.0,1,2.0,8,0.4170731707317072,-0.6981250000000001,,,8,218.4,664.14,8,195.2,309.87,1,42,3444
17,6,00:14:22,25886,8,9,30,2,defensive shot,0.0,1,2.0,7,-0.0829268292682928,0.6002083333333333,,,8,175.1,317.72,8,221.7,662.38,1,42,3444
17,7,00:14:23,25907,8,9,5,2,net shot,0.0,1,2.0,2,1.3329268292682928,-0.50421875,,,8,185.8,603.45,8,174.6,327.99,1,42,3444
17,8,00:14:24,25933,8,9,30,2,lob,0.0,1,1.0,8,-0.1597560975609755,1.3021354166666663,,,6,262.8,342.9,8,197.4,626.01,1,42,3444
17,9,00:14:25,25964,8,9,5,3,smash,0.0,0,2.0,10,1.7243902439024388,-1.12875,out,5.0,8,188.9,725.42,8,166.7,283.65,1,42,3444
