rally,ball_round,time,frame_num,roundscore_A,roundscore_B,player,server,type,aroundhead,backhand,landing_height,landing_area,landing_x,landing_y,lose_reason,getpoint_player,player_location_area,player_location_x,player_location_y,opponent_location_area,opponent_location_x,opponent_location_y,set,match_id,rally_id
6,1,00:52:09,93875,1,5,30,1,short service,0.0,1,2.0,7,0.5804878048780487,0.3289583333333332,,,8,170.2,315.16,8,220.8,660.6,3,42,3495
6,2,00:52:09,93894,1,5,5,2,net shot,0.0,0,2.0,7,-0.1682926829268294,-0.4265624999999999,,,7,195.7,572.51,8,179.6,309.93,3,42,3495
6,3,00:52:10,93912,1,5,30,2,lob,0.0,1,1.0,5,1.0182926829268293,0.9719270833333334,,,8,156.5,340.74,8,198.2,601.58,3,42,3495
6,4,00:52:11,93934,1,5,5,2,smash,0.0,0,2.0,6,1.2634146341463417,-1.0846875,,,8,227.1,679.98,8,151.6,289.04,3,42,3495
6,5,00:52:11,93946,1,5,30,2,defensive shot,0.0,1,1.0,7,0.8707317073170733,0.3933333333333332,,,8,163.8,253.89,5,275.3,681.95,3,42,3495
6,6,00:52:12,93968,1,5,5,3,push/rush,0.0,0,2.0,7,0.2597560975609757,0.0859375,touched the net,5.0,5,258.2,603.66,8,248.6,233.98,3,42,3495
