rally,ball_round,time,frame_num,roundscore_A,roundscore_B,player,server,type,aroundhead,backhand,landing_height,landing_area,landing_x,landing_y,lose_reason,getpoint_player,player_location_area,player_location_x,player_location_y,opponent_location_area,opponent_location_x,opponent_location_y,set,match_id,rally_id
28,1,01:05:49,118495,12,16,30,1,short service,0.0,1,2.0,7,-0.4231707317073169,-0.4263020833333334,,,8,181.5,620.38,8,134.2,286.47,3,42,3515
28,2,01:05:50,118517,12,16,5,2,net shot,0.0,0,2.0,7,0.2768292682926828,0.3503124999999999,,,7,164.9,372.96,8,177.2,622.23,3,42,3515
28,3,01:05:51,118537,12,16,30,2,net shot,0.0,0,2.0,7,-0.0817073170731706,-0.02859375,,,7,184.1,572.48,8,163.2,358.22,3,42,3515
28,4,01:05:52,118560,12,16,5,2,lob,0.0,0,1.0,6,-1.0317073170731708,1.4106770833333335,,,7,167.6,401.81,7,178.8,584.21,3,42,3515
28,5,01:05:53,118596,12,16,30,2,smash,1.0,0,2.0,5,-0.997560975609756,-0.953125,,,8,150.5,725.2,8,155.6,296.95,3,42,3515
28,6,01:05:53,118609,12,16,5,2,defensive shot,0.0,0,2.0,2,-1.0902439024390245,0.4447916666666665,,,8,117.2,259.62,8,123.0,747.68,3,42,3515
28,7,01:05:54,118634,12,16,30,2,net shot,0.0,1,2.0,7,-0.2524390243902437,-0.1221354166666666,,,7,129.5,589.9,8,157.3,299.57,3,42,3515
28,8,01:05:55,118656,12,16,5,2,net shot,0.0,0,2.0,7,0.0121951219512195,0.2308854166666666,,,7,153.6,375.43,8,148.0,612.79,3,42,3515
28,9,01:05:55,118678,12,16,30,3,net shot,0.0,0,2.0,7,-0.3085365853658538,0.1084895833333332,touched the net,5.0,7,167.1,536.27,7,160.7,394.69,3,42,3515
