rally,ball_round,time,frame_num,roundscore_A,roundscore_B,player,server,type,aroundhead,backhand,landing_height,landing_area,landing_x,landing_y,lose_reason,getpoint_player,player_location_area,player_location_x,player_location_y,opponent_location_area,opponent_location_x,opponent_location_y,set,match_id,rally_id
31,1,00:24:34,44244,14,17,5,1,short service,0.0,1,2.0,8,-0.2914634146341464,-0.6182291666666666,,,8,185.2,620.4,8,129.3,267.71,1,42,3457
31,2,00:24:35,44264,14,17,30,2,lob,0.0,1,1.0,5,1.3560975609756096,1.3915624999999998,,,8,130.1,333.25,8,165.5,624.05,1,42,3457
31,3,00:24:36,44297,14,17,5,2,drop,0.0,0,2.0,5,-0.926829268292683,-0.5270833333333332,,,5,257.5,751.73,8,172.4,291.59,1,42,3457
31,4,00:24:37,44323,14,17,30,2,net shot,0.0,0,2.0,2,-1.3670731707317072,0.3707812500000003,,,8,113.3,355.89,8,220.4,690.32,1,42,3457
31,5,00:24:38,44351,14,17,5,2,lob,0.0,1,1.0,9,-0.7975609756097561,-1.5082812500000002,,,2,98.4,566.38,8,144.2,322.99,1,42,3457
31,6,00:24:39,44387,14,17,30,2,smash,0.0,0,2.0,6,-1.151219512195122,0.9401041666666666,,,9,131.6,180.2,8,179.0,638.81,1,42,3457
31,7,00:24:39,44399,14,17,5,2,defensive shot,0.0,1,1.0,5,-1.1646341463414631,-0.7221354166666666,,,8,205.5,667.62,9,114.5,159.54,1,42,3457
31,8,00:24:40,44428,14,17,30,2,push/rush,0.0,0,2.0,8,-0.0414634146341464,0.9700520833333334,,,5,91.1,343.48,8,197.4,655.15,1,42,3457
31,9,00:24:41,44438,14,17,5,3,defensive shot,0.0,1,2.0,10,0.298780487804878,-1.7474479166666663,out,5.0,8,206.0,688.53,5,88.8,365.83,1,42,3457
