rally,ball_round,time,frame_num,roundscore_A,roundscore_B,player,server,type,aroundhead,backhand,landing_height,landing_area,landing_x,landing_y,lose_reason,getpoint_player,player_location_area,player_location_x,player_location_y,opponent_location_area,opponent_location_x,opponent_location_y,set,match_id,rally_id
30,1,00:23:00,41415,15,15,28,1,short service,0.0,0,2.0,8,0.3548780487804877,-0.6436979166666665,,,8,162.1,658.27,8,231.0,249.06,1,37,2983
30,2,00:23:01,41430,15,15,27,2,push/rush,0.0,0,1.0,5,1.1780487804878053,1.5014583333333331,,,7,218.8,371.87,8,174.1,664.53,1,37,2983
30,3,00:23:01,41457,15,15,28,2,clear,0.0,0,1.0,3,-0.9682926829268294,-1.4756770833333337,,,8,212.1,719.86,8,194.0,302.81,1,37,2983
30,4,00:23:02,41489,15,15,27,2,drive,0.0,0,2.0,6,-1.2280487804878049,0.9679166666666668,,,9,121.5,198.6,8,186.1,715.64,1,37,2983
30,5,00:23:03,41508,15,15,28,3,defensive shot,0.0,0,2.0,7,0.8573170731707318,0.10375,touched the net,27.0,6,92.1,698.27,8,132.8,231.81,1,37,2983
