rally,ball_round,time,frame_num,roundscore_A,roundscore_B,player,server,type,aroundhead,backhand,landing_height,landing_area,landing_x,landing_y,lose_reason,getpoint_player,player_location_area,player_location_x,player_location_y,opponent_location_area,opponent_location_x,opponent_location_y,set,match_id,rally_id
15,1,01:09:48,125663,9,6,27,1,long service,0.0,0,1.0,4,-1.1097560975609757,1.6956770833333337,,,8,182.9,289.77,8,126.0,717.29,3,37,3050
15,2,01:09:50,125727,9,6,28,2,smash,0.0,0,2.0,6,1.2134146341463414,-0.8817187500000001,,,4,77.4,801.48,8,154.6,274.21,3,37,3050
15,3,01:09:51,125747,9,6,27,2,defensive shot,0.0,1,2.0,1,1.054878048780488,0.2638541666666665,,,8,162.6,290.4,8,115.4,738.95,3,37,3050
15,4,01:09:52,125780,9,6,28,2,net shot,0.0,1,2.0,2,1.2621951219512195,-0.1256770833333333,,,7,242.1,548.87,8,199.4,302.65,3,37,3050
15,5,01:09:53,125807,9,6,27,2,lob,0.0,1,1.0,9,0.2365853658536586,1.620677083333333,,,7,248.4,403.03,7,232.5,591.73,3,37,3050
15,6,01:09:55,125869,9,6,28,3,smash,0.0,0,2.0,5,-1.3585365853658538,-1.0325,opponent's ball landed,27.0,9,174.6,785.73,8,171.6,292.82,3,37,3050
