rally,ball_round,time,frame_num,roundscore_A,roundscore_B,player,server,type,aroundhead,backhand,landing_height,landing_area,landing_x,landing_y,lose_reason,getpoint_player,player_location_area,player_location_x,player_location_y,opponent_location_area,opponent_location_x,opponent_location_y,set,match_id,rally_id
9,1,00:37:30,67503,5,4,28,1,short service,0.0,0,2.0,8,0.753658536585366,0.6959895833333333,,,8,169.8,290.18,8,227.2,695.76,2,37,3004
9,2,00:37:31,67530,5,4,27,2,net shot,0.0,1,2.0,7,-0.5548780487804879,-0.4588020833333332,,,8,238.2,622.26,8,189.0,281.4,2,37,3004
9,3,00:37:32,67562,5,4,28,2,push/rush,0.0,1,1.0,3,1.0390243902439025,1.5175,,,8,156.9,361.71,8,194.3,628.44,2,37,3004
9,4,00:37:33,67593,5,4,27,2,clear,0.0,0,1.0,9,-0.7512195121951218,-1.5296354166666666,,,8,246.1,747.32,8,198.8,302.67,2,37,3004
9,5,00:37:34,67623,5,4,28,2,drop,0.0,0,2.0,2,-0.9231707317073172,0.1485416666666665,,,8,153.2,216.04,8,196.2,703.06,2,37,3004
9,6,00:37:35,67657,5,4,27,2,net shot,0.0,1,2.0,1,-1.1853658536585363,-0.1016666666666665,,,2,96.9,539.74,8,143.3,254.83,2,37,3004
9,7,00:37:36,67688,5,4,28,3,net shot,0.0,1,2.0,7,0.6804878048780489,-0.0254687499999999,touched the net,27.0,7,106.4,442.73,7,137.8,566.89,2,37,3004
