rally,ball_round,time,frame_num,roundscore_A,roundscore_B,player,server,type,aroundhead,backhand,landing_height,landing_area,landing_x,landing_y,lose_reason,getpoint_player,player_location_area,player_location_x,player_location_y,opponent_location_area,opponent_location_x,opponent_location_y,set,match_id,rally_id
33,1,01:22:13,147995,20,13,27,1,long service,0.0,0,1.0,3,-0.901219512195122,-1.5785937500000002,,,8,198.7,664.25,8,122.4,252.65,3,37,3068
33,2,01:22:15,148062,20,13,28,2,clear,0.0,0,1.0,5,1.425609756097561,1.4311979166666664,,,9,122.0,176.25,8,175.6,673.32,3,37,3068
33,3,01:22:16,148096,20,13,27,2,drive,0.0,0,1.0,6,1.1060975609756096,-1.17140625,,,5,262.0,750.28,8,192.5,256.08,3,37,3068
33,4,01:22:17,148110,20,13,28,2,defensive shot,0.0,0,2.0,2,-1.1146341463414635,0.6221875000000002,,,8,240.5,257.37,5,259.0,744.12,3,37,3068
33,5,01:22:18,148142,20,13,27,2,push/rush,0.0,1,1.0,3,-0.9146341463414634,-1.49328125,,,8,110.4,612.68,8,193.3,278.52,3,37,3068
33,6,01:22:19,148171,20,13,28,3,smash,0.0,0,2.0,5,1.4426829268292685,1.048125,opponent's ball landed,27.0,9,127.3,198.39,8,160.1,663.42,3,37,3068
