rally,ball_round,time,frame_num,roundscore_A,roundscore_B,player,server,type,aroundhead,backhand,landing_height,landing_area,landing_x,landing_y,lose_reason,getpoint_player,player_location_area,player_location_x,player_location_y,opponent_location_area,opponent_location_x,opponent_location_y,set,match_id,rally_id
4,1,00:08:05,14553,2,2,28,1,short service,0.0,0,2.0,8,-0.4573170731707317,-0.7118229166666667,,,8,182.8,681.85,8,121.1,266.91,1,37,2957
4,2,00:08:06,14584,2,2,27,2,push/rush,0.0,1,1.0,6,-0.8999999999999999,1.1918750000000002,,,8,118.6,345.81,8,161.8,668.47,1,37,2957
4,3,00:08:06,14604,2,2,28,2,clear,0.0,0,1.0,3,-1.3304878048780486,-1.47,,,8,153.7,690.58,8,132.2,327.96,1,37,2957
4,4,00:08:07,14629,2,2,27,2,drop,0.0,0,2.0,2,-1.0878048780487806,0.3622916666666664,,,8,120.0,255.59,8,148.7,681.0,1,37,2957
4,5,00:08:08,14660,2,2,28,2,lob,0.0,0,1.0,8,0.8817073170731708,-1.3082291666666668,,,2,104.5,573.76,8,125.9,249.64,1,37,2957
4,6,00:08:09,14698,2,2,27,2,smash,0.0,0,2.0,8,0.1841463414634145,1.1872395833333336,,,8,211.8,249.69,8,197.2,657.85,1,37,2957
4,7,00:08:10,14708,2,2,28,3,defensive shot,0.0,0,2.0,10,-1.568292682926829,-0.7508854166666667,out,27.0,8,159.2,710.26,8,227.3,274.68,1,37,2957
