rally,ball_round,time,frame_num,roundscore_A,roundscore_B,player,server,type,aroundhead,backhand,landing_height,landing_area,landing_x,landing_y,lose_reason,getpoint_player,player_location_area,player_location_x,player_location_y,opponent_location_area,opponent_location_x,opponent_location_y,set,match_id,rally_id
25,1,01:16:25,137556,15,10,28,1,short service,0.0,0,2.0,8,0.6158536585365854,0.7122395833333334,,,8,169.2,300.91,8,228.2,703.91,3,37,3060
25,2,01:16:26,137583,15,10,27,2,push/rush,0.0,1,1.0,4,1.2548780487804876,-1.51046875,,,8,228.3,640.31,8,190.7,289.53,3,37,3060
25,3,01:16:26,137609,15,10,28,2,smash,0.0,0,2.0,5,1.507317073170732,1.0213020833333335,,,4,252.8,200.18,8,208.7,669.19,3,37,3060
25,4,01:16:27,137626,15,10,27,2,defensive shot,0.0,0,1.0,8,-0.5439024390243902,-1.3188541666666669,,,8,227.9,707.35,8,241.0,237.04,3,37,3060
25,5,01:16:28,137649,15,10,28,2,smash,0.0,0,2.0,5,1.047560975609756,0.9833333333333332,,,8,176.5,259.45,8,228.7,696.92,3,37,3060
25,6,01:16:28,137666,15,10,27,2,defensive shot,0.0,0,1.0,6,1.0219512195121954,-0.7834895833333334,,,8,203.8,687.68,8,160.7,274.02,3,37,3060
25,7,01:16:29,137691,15,10,28,3,smash,0.0,0,2.0,10,1.0280487804878051,1.81015625,out,27.0,8,230.2,335.21,8,214.6,672.88,3,37,3060
