rally,ball_round,time,frame_num,roundscore_A,roundscore_B,player,server,type,aroundhead,backhand,landing_height,landing_area,landing_x,landing_y,lose_reason,getpoint_player,player_location_area,player_location_x,player_location_y,opponent_location_area,opponent_location_x,opponent_location_y,set,match_id,rally_id
24,1,01:15:57,136714,14,10,27,1,long service,0.0,0,1.0,3,-0.9621951219512196,-1.4925,,,8,199.2,661.69,8,121.5,246.89,3,37,3059
24,2,01:15:59,136779,14,10,28,2,smash,0.0,0,2.0,6,-0.9439024390243904,0.9043229166666666,,,9,113.4,189.42,8,172.8,672.1,3,37,3059
24,3,01:15:59,136799,14,10,27,2,defensive shot,0.0,1,1.0,8,0.1292682926829267,-0.5649479166666668,,,8,118.7,667.7,8,136.2,219.68,3,37,3059
24,4,01:16:00,136826,14,10,28,2,net shot,0.0,0,2.0,2,-1.1756097560975611,0.3805729166666669,,,7,173.7,373.08,8,156.6,676.0,3,37,3059
24,5,01:16:01,136852,14,10,27,3,net shot,0.0,1,2.0,7,0.5841463414634147,0.0466145833333332,touched the net,27.0,2,86.1,593.97,8,159.3,324.62,3,37,3059
