rally,ball_round,time,frame_num,roundscore_A,roundscore_B,player,server,type,aroundhead,backhand,landing_height,landing_area,landing_x,landing_y,lose_reason,getpoint_player,player_location_area,player_location_x,player_location_y,opponent_location_area,opponent_location_x,opponent_location_y,set,match_id,rally_id
10,1,00:11:42,21065,6,4,27,1,short service,0.0,0,2.0,8,-0.4682926829268293,0.7190104166666664,,,8,184.7,292.41,8,133.0,704.81,1,37,2963
10,2,00:11:43,21091,6,4,28,2,push/rush,0.0,1,1.0,3,-1.078048780487805,-1.4739583333333333,,,8,120.4,605.29,8,165.1,306.32,1,37,2963
10,3,00:11:43,21119,6,4,27,2,clear,0.0,0,1.0,4,-0.9317073170731708,1.6525520833333331,,,9,119.7,201.79,8,138.9,676.2,1,37,2963
10,4,00:11:45,21154,6,4,28,2,clear,0.0,0,1.0,3,-1.352439024390244,-1.503177083333333,,,9,109.5,796.92,8,146.6,263.26,1,37,2963
10,5,00:11:46,21186,6,4,27,2,drop,0.0,0,2.0,2,-1.1317073170731706,0.3448437500000001,,,5,74.7,206.51,8,133.9,705.95,1,37,2963
10,6,00:11:47,21216,6,4,28,2,push/rush,0.0,0,1.0,4,0.992682926829268,-1.52328125,,,7,105.7,570.6,8,123.0,252.63,1,37,2963
10,7,00:11:48,21256,6,4,27,2,drop,0.0,1,1.0,7,-0.8048780487804879,0.4809895833333334,,,9,233.2,178.63,8,198.9,657.83,1,37,2963
10,8,00:11:49,21279,6,4,28,3,net shot,0.0,0,2.0,10,1.6792682926829268,-0.4238020833333333,out,27.0,7,134.6,576.4,8,179.8,227.22,1,37,2963
