rally,ball_round,time,frame_num,roundscore_A,roundscore_B,player,server,type,aroundhead,backhand,landing_height,landing_area,landing_x,landing_y,lose_reason,getpoint_player,player_location_area,player_location_x,player_location_y,opponent_location_area,opponent_location_x,opponent_location_y,set,match_id,rally_id
18,1,00:43:55,79050,10,8,27,1,long service,0.0,0,1.0,9,0.8695121951219513,-1.6244791666666665,,,8,168.3,669.65,8,220.9,255.15,2,37,3013
18,2,00:43:57,79117,10,8,28,2,clear,0.0,0,1.0,4,-1.2292682926829268,1.5239583333333335,,,4,251.4,181.19,8,193.5,674.36,2,37,3013
18,3,00:43:58,79148,10,8,27,2,clear,0.0,0,1.0,3,-1.0719512195121952,-1.5415625000000002,,,8,143.4,712.66,8,179.0,253.65,2,37,3013
18,4,00:43:59,79194,10,8,28,3,drop,0.0,0,2.0,10,-1.5573170731707318,0.1922395833333334,out,27.0,3,101.3,193.03,8,162.3,672.22,2,37,3013
