rally,ball_round,time,frame_num,roundscore_A,roundscore_B,player,server,type,aroundhead,backhand,landing_height,landing_area,landing_x,landing_y,lose_reason,getpoint_player,player_location_area,player_location_x,player_location_y,opponent_location_area,opponent_location_x,opponent_location_y,set,match_id,rally_id
5,1,01:03:48,114855,1,4,27,1,long service,0.0,0,1.0,4,-1.0414634146341464,1.62375,,,8,184.1,295.12,8,128.9,713.92,3,37,3040
5,2,01:03:50,114917,1,4,28,2,clear,0.0,0,1.0,3,-1.4426829268292682,-1.5186458333333337,,,4,86.1,792.56,8,155.9,282.44,3,37,3040
5,3,01:03:51,114950,1,4,27,2,clear,0.0,0,1.0,6,-1.2048780487804878,1.323125,,,5,75.3,206.48,8,134.4,700.18,3,37,3040
5,4,01:03:52,114978,1,4,28,2,clear,0.0,0,1.0,9,-0.8475609756097561,-1.528125,,,8,109.3,731.59,8,112.3,235.48,3,37,3040
5,5,01:03:53,115012,1,4,27,2,drop,0.0,0,2.0,2,-0.8926829268292683,0.4305729166666664,,,9,121.0,201.75,8,134.2,688.4,3,37,3040
5,6,01:03:54,115039,1,4,28,2,net shot,0.0,0,2.0,2,1.3170731707317074,-0.2691145833333334,,,7,119.3,585.9,8,151.8,248.78,3,37,3040
5,7,01:03:55,115071,1,4,27,2,lob,0.0,1,1.0,9,0.9109756097560974,1.584270833333333,,,7,249.6,394.06,8,189.3,622.93,3,37,3040
5,8,01:03:57,115121,1,4,28,2,smash,0.0,0,2.0,5,-0.9609756097560976,-0.9372916666666664,,,9,227.9,765.49,8,186.2,313.54,3,37,3040
5,9,01:03:57,115139,1,4,27,3,defensive shot,0.0,0,2.0,1,-1.2890243902439025,0.0436979166666665,touched the net,27.0,8,151.9,293.43,9,221.9,769.41,3,37,3040
