rally,ball_round,time,frame_num,roundscore_A,roundscore_B,player,server,type,aroundhead,backhand,landing_height,landing_area,landing_x,landing_y,lose_reason,getpoint_player,player_location_area,player_location_x,player_location_y,opponent_location_area,opponent_location_x,opponent_location_y,set,match_id,rally_id
40,1,01:18:27,141221,20,20,31,1,short service,0.0,1,2.0,7,-0.7219512195121952,0.4702604166666664,,,8,185.2,353.32,8,125.3,665.29,3,52,4485
40,2,01:18:28,141241,20,20,32,2,net shot,0.0,1,1.0,7,0.6439024390243904,-0.4197395833333332,,,7,122.8,560.44,8,165.0,330.2,3,52,4485
40,3,01:18:28,141258,20,20,31,2,drive,0.0,1,1.0,8,-0.7134146341463414,0.8109895833333335,,,8,174.2,362.45,7,154.8,589.55,3,52,4485
40,4,01:18:29,141270,20,20,32,2,drive,1.0,0,1.0,7,-0.3060975609756097,-0.3508333333333334,,,8,182.3,643.15,7,170.9,378.01,3,52,4485
40,5,01:18:29,141280,20,20,31,2,defensive shot,0.0,0,2.0,7,-0.4365853658536587,0.5515104166666666,,,8,153.8,364.81,8,185.9,649.78,3,52,4485
40,6,01:18:30,141304,20,20,32,2,lob,0.0,1,1.0,5,-0.8695121951219512,-1.15796875,,,8,149.0,598.42,8,161.3,310.99,3,52,4485
40,7,01:18:30,141329,20,20,31,2,drop,0.0,0,2.0,2,-1.0878048780487806,0.1368749999999998,,,8,153.1,252.32,8,161.4,615.67,3,52,4485
40,8,01:18:31,141350,20,20,32,2,push/rush,0.0,1,1.0,8,-0.479268292682927,-0.7115104166666667,,,2,98.0,526.25,8,118.2,233.66,3,52,4485
40,9,01:18:31,141357,20,20,31,3,defensive shot,0.0,0,2.0,3,1.5280487804878051,1.5443229166666663,opponent's ball landed,32.0,8,113.3,286.46,2,97.0,536.27,3,52,4485
