rally,ball_round,time,frame_num,roundscore_A,roundscore_B,player,server,type,aroundhead,backhand,landing_height,landing_area,landing_x,landing_y,lose_reason,getpoint_player,player_location_area,player_location_x,player_location_y,opponent_location_area,opponent_location_x,opponent_location_y,set,match_id,rally_id
27,1,01:07:59,122370,12,15,31,1,short service,0.0,1,2.0,1,0.9731707317073172,0.3676041666666669,,,8,170.0,339.57,8,217.3,672.93,3,52,4472
27,2,01:07:59,122392,12,15,32,2,push/rush,0.0,0,1.0,6,1.2268292682926831,-0.8422395833333333,,,7,216.4,561.87,8,172.0,310.92,3,52,4472
27,3,01:08:00,122409,12,15,31,2,defensive shot,0.0,1,2.0,7,-0.7341463414634146,0.5356250000000001,,,8,192.7,295.94,7,213.5,578.93,3,52,4472
27,4,01:08:01,122434,12,15,32,2,net shot,0.0,1,2.0,7,0.2670731707317074,-0.1910937499999999,,,8,142.8,608.57,8,180.5,291.01,3,52,4472
27,5,01:08:01,122453,12,15,31,2,push/rush,0.0,0,1.0,8,0.8878048780487806,0.7068750000000001,,,7,211.6,390.8,8,163.8,595.47,3,52,4472
27,6,01:08:02,122464,12,15,32,3,drive,0.0,0,2.0,7,0.4378048780487805,0.0686458333333333,touched the net,32.0,8,189.2,596.91,7,211.3,401.44,3,52,4472
