rally,ball_round,time,frame_num,roundscore_A,roundscore_B,player,server,type,aroundhead,backhand,landing_height,landing_area,landing_x,landing_y,lose_reason,getpoint_player,player_location_area,player_location_x,player_location_y,opponent_location_area,opponent_location_x,opponent_location_y,set,match_id,rally_id
32,1,00:25:08,45251,17,15,31,1,short service,0.0,1,2.0,7,-0.3134146341463413,-0.4743229166666666,,,8,179.8,604.22,8,135.3,276.07,1,52,4414
32,2,00:25:09,45271,17,15,32,2,lob,0.0,0,1.0,5,1.2487804878048778,1.418385416666667,,,7,145.8,369.32,8,178.1,608.54,1,52,4414
32,3,00:25:10,45307,17,15,31,2,smash,0.0,0,2.0,6,1.180487804878049,-0.9864583333333332,,,9,245.8,760.3,8,167.6,296.13,1,52,4414
32,4,00:25:10,45322,17,15,32,2,defensive shot,0.0,1,2.0,7,0.5231707317073171,0.4527083333333331,,,8,171.9,288.56,8,233.0,743.52,1,52,4414
32,5,00:25:11,45347,17,15,31,2,net shot,0.0,0,2.0,2,1.2756097560975612,-0.1930208333333333,,,8,197.9,599.84,8,182.7,278.28,1,52,4414
32,6,00:25:12,45372,17,15,32,3,net shot,0.0,1,2.0,2,1.351219512195122,0.0287499999999999,touched the net,32.0,2,255.5,392.72,8,206.6,604.2,1,52,4414
