rally,ball_round,time,frame_num,roundscore_A,roundscore_B,player,server,type,aroundhead,backhand,landing_height,landing_area,landing_x,landing_y,lose_reason,getpoint_player,player_location_area,player_location_x,player_location_y,opponent_location_area,opponent_location_x,opponent_location_y,set,match_id,rally_id
9,1,00:34:11,61545,4,5,32,1,short service,0.0,1,2.0,7,-0.3670731707317072,-0.2853645833333334,,,8,180.8,621.29,8,130.4,301.37,2,52,4427
9,2,00:34:12,61564,4,5,31,2,push/rush,0.0,0,1.0,3,1.3865853658536584,1.5120833333333337,,,7,156.2,382.45,8,179.8,615.67,2,52,4427
9,3,00:34:13,61600,4,5,32,2,clear,0.0,0,1.0,6,1.3975609756097565,-1.2808333333333333,,,9,243.0,771.43,8,179.8,288.5,2,52,4427
9,4,00:34:14,61623,4,5,31,2,smash,1.0,0,2.0,8,-0.5670731707317073,0.8397916666666667,,,8,226.4,218.83,8,224.5,735.97,2,52,4427
9,5,00:34:14,61639,4,5,32,2,defensive shot,0.0,1,2.0,7,0.2304878048780488,-0.4870833333333332,,,8,179.6,665.32,8,244.4,227.05,2,52,4427
9,6,00:34:15,61669,4,5,31,2,net shot,0.0,1,2.0,1,1.0048780487804876,0.3932812499999999,,,8,158.6,362.54,8,180.7,657.62,2,52,4427
9,7,00:34:16,61702,4,5,32,3,lob,0.0,0,2.0,10,1.0731707317073171,-1.7621875000000002,out,32.0,7,228.0,592.45,8,191.6,332.39,2,52,4427
