rally,ball_round,time,frame_num,roundscore_A,roundscore_B,player,server,type,aroundhead,backhand,landing_height,landing_area,landing_x,landing_y,lose_reason,getpoint_player,player_location_area,player_location_x,player_location_y,opponent_location_area,opponent_location_x,opponent_location_y,set,match_id,rally_id
13,1,00:58:24,105142,8,5,31,1,short service,0.0,1,2.0,7,0.2646341463414632,-0.3301041666666666,,,8,166.7,605.67,8,222.0,280.55,3,52,4458
13,2,00:58:25,105162,8,5,32,2,lob,0.0,1,1.0,8,-0.6146341463414635,1.3997916666666663,,,7,178.3,366.91,8,183.0,621.29,3,52,4458
13,3,00:58:26,105196,8,5,31,2,drop,1.0,0,2.0,7,0.6853658536585364,-0.4996875,,,8,141.6,712.38,8,146.1,298.77,3,52,4458
13,4,00:58:27,105218,8,5,32,2,net shot,0.0,1,2.0,7,-0.2670731707317074,0.3687499999999997,,,8,214.3,343.94,8,132.2,754.86,3,52,4458
13,5,00:58:27,105239,8,5,31,2,net shot,0.0,1,2.0,7,0.0317073170731706,0.0015104166666667,,,7,164.0,571.32,8,193.7,334.74,3,52,4458
13,6,00:58:28,105262,8,5,32,2,lob,0.0,1,1.0,8,-0.6402439024390244,1.4610416666666666,,,7,176.3,416.18,7,181.6,569.74,3,52,4458
13,7,00:58:30,105300,8,5,31,3,smash,0.0,0,2.0,6,1.5195121951219517,-1.2378125,out,32.0,8,134.4,724.79,8,147.3,288.74,3,52,4458
