rally,ball_round,time,frame_num,roundscore_A,roundscore_B,player,server,type,aroundhead,backhand,landing_height,landing_area,landing_x,landing_y,lose_reason,getpoint_player,player_location_area,player_location_x,player_location_y,opponent_location_area,opponent_location_x,opponent_location_y,set,match_id,rally_id
24,1,01:09:25,124961,10,14,5,1,short service,0.0,1,2.0,7,0.602439024390244,-0.37109375,,,8,166.6,626.8,8,224.7,289.98,3,38,3155
24,2,01:09:26,124984,10,14,11,2,lob,0.0,1,1.0,8,-0.7304878048780489,1.3770833333333332,,,7,195.8,366.42,8,189.0,636.17,3,38,3155
24,3,01:09:27,125018,10,14,5,2,clear,0.0,0,1.0,4,1.146341463414634,-1.5390625,,,8,142.9,713.9,8,158.8,309.82,3,38,3155
24,4,01:09:29,125071,10,14,11,2,smash,0.0,0,2.0,5,1.090243902439024,0.8941145833333332,,,9,243.2,179.21,8,189.9,673.92,3,38,3155
24,5,01:09:29,125091,10,14,5,2,defensive shot,0.0,0,2.0,6,1.1987804878048782,-0.8972395833333332,,,8,239.9,644.89,8,231.7,220.04,3,38,3155
24,6,01:09:30,125104,10,14,11,2,defensive shot,0.0,1,2.0,7,0.5914634146341463,0.4711979166666668,,,8,192.0,290.87,8,239.3,646.81,3,38,3155
24,7,01:09:30,125126,10,14,5,2,net shot,0.0,0,2.0,7,0.1536585365853658,-0.0571875,,,7,225.4,587.21,8,197.3,338.08,3,38,3155
24,8,01:09:31,125151,10,14,11,3,net shot,0.0,0,2.0,7,0.425609756097561,0.0044270833333334,touched the net,11.0,7,167.0,413.07,8,190.7,604.34,3,38,3155
