rally,ball_round,time,frame_num,roundscore_A,roundscore_B,player,server,type,aroundhead,backhand,landing_height,landing_area,landing_x,landing_y,lose_reason,getpoint_player,player_location_area,player_location_x,player_location_y,opponent_location_area,opponent_location_x,opponent_location_y,set,match_id,rally_id
22,1,00:43:49,78874,6,16,5,1,short service,0.0,1,2.0,7,-0.2146341463414633,-0.3486458333333333,,,8,179.5,634.4,8,126.9,283.47,2,38,3120
22,2,00:43:49,78883,6,16,11,2,net shot,0.0,0,2.0,7,0.2024390243902438,0.3129687500000002,,,7,151.5,370.31,8,179.0,618.65,2,38,3120
22,3,00:43:50,78905,6,16,5,2,lob,0.0,0,1.0,5,-0.8707317073170733,-1.3533333333333335,,,7,181.8,549.59,8,170.7,355.86,2,38,3120
22,4,00:43:51,78946,6,16,11,2,smash,0.0,0,2.0,8,-0.7939024390243902,0.6915104166666666,,,3,103.7,176.5,8,182.4,620.58,2,38,3120
22,5,00:43:52,78963,6,16,5,2,defensive shot,0.0,1,1.0,8,0.9243902439024392,-0.6338541666666666,,,8,159.2,608.99,9,123.8,193.06,2,38,3120
22,6,00:43:52,78985,6,16,11,2,push/rush,0.0,1,2.0,8,0.0085365853658535,0.8005208333333336,,,8,226.9,334.43,8,190.3,640.02,2,38,3120
22,7,00:43:53,78994,6,16,5,2,defensive shot,0.0,1,1.0,8,0.7207317073170731,-0.7216666666666667,,,8,214.5,639.58,8,238.9,354.11,2,38,3120
22,8,00:43:53,79005,6,16,11,2,drive,0.0,1,1.0,8,0.5378048780487804,0.9184895833333334,,,8,183.4,332.67,8,211.5,645.4,2,38,3120
22,9,00:43:54,79024,6,16,5,3,smash,0.0,0,2.0,7,-0.7365853658536586,0.1654166666666666,touched the net,11.0,8,200.1,647.52,8,166.5,309.62,2,38,3120
