rally,ball_round,time,frame_num,roundscore_A,roundscore_B,player,server,type,aroundhead,backhand,landing_height,landing_area,landing_x,landing_y,lose_reason,getpoint_player,player_location_area,player_location_x,player_location_y,opponent_location_area,opponent_location_x,opponent_location_y,set,match_id,rally_id
33,1,00:27:21,49250,20,13,5,1,short service,0.0,1,2.0,7,-0.471951219512195,0.6243229166666667,,,8,184.1,315.09,8,137.5,663.73,1,38,3097
33,2,00:27:22,49264,20,13,11,2,net shot,0.0,0,2.0,7,-0.5475609756097561,-0.2626041666666667,,,7,139.7,582.62,8,167.7,312.56,1,38,3097
33,3,00:27:22,49288,20,13,5,2,net shot,0.0,0,2.0,7,-0.0609756097560975,0.2440104166666667,,,7,127.7,390.05,7,148.0,580.35,1,38,3097
33,4,00:27:23,49315,20,13,11,2,lob,0.0,1,1.0,9,0.8060975609756097,-1.571041666666667,,,7,179.3,536.35,7,158.3,372.9,1,38,3097
33,5,00:27:25,49361,20,13,5,2,smash,0.0,0,2.0,6,-1.1646341463414631,1.0685416666666665,,,9,192.3,194.42,8,200.2,668.21,1,38,3097
33,6,00:27:25,49377,20,13,11,2,defensive shot,0.0,1,2.0,1,-1.197560975609756,-0.4938020833333333,,,8,212.1,673.54,9,192.9,194.4,1,38,3097
33,7,00:27:27,49412,20,13,5,2,lob,0.0,0,1.0,9,-0.7304878048780489,1.66203125,,,1,98.9,385.34,8,119.7,637.43,1,38,3097
33,8,00:27:28,49460,20,13,11,2,smash,0.0,0,2.0,8,0.848780487804878,-1.02109375,,,9,111.2,784.63,8,143.9,295.21,1,38,3097
33,9,00:27:29,49480,20,13,5,3,defensive shot,0.0,1,2.0,10,1.6719512195121955,1.10484375,out,11.0,8,147.6,267.41,8,154.8,729.08,1,38,3097
