rally,ball_round,time,frame_num,roundscore_A,roundscore_B,player,server,type,aroundhead,backhand,landing_height,landing_area,landing_x,landing_y,lose_reason,getpoint_player,player_location_area,player_location_x,player_location_y,opponent_location_area,opponent_location_x,opponent_location_y,set,match_id,rally_id
25,1,00:22:38,40741,13,12,5,1,short service,0.0,1,2.0,7,-0.626829268292683,0.625625,,,8,182.3,329.8,8,123.6,652.7,1,38,3091
25,2,00:22:38,40762,13,12,11,2,net shot,0.0,1,2.0,7,0.274390243902439,-0.33984375,,,7,138.3,586.83,8,174.1,321.25,1,38,3091
25,3,00:22:39,40788,13,12,5,2,net shot,0.0,1,2.0,7,-0.2134146341463414,0.1727604166666667,,,7,171.9,386.25,8,166.4,598.68,1,38,3091
25,4,00:22:40,40814,13,12,11,3,lob,0.0,1,2.0,10,1.0292682926829266,-1.7600520833333333,out,11.0,7,176.2,534.18,7,169.6,369.85,1,38,3091
