rally,ball_round,time,frame_num,roundscore_A,roundscore_B,player,server,type,aroundhead,backhand,landing_height,landing_area,landing_x,landing_y,lose_reason,getpoint_player,player_location_area,player_location_x,player_location_y,opponent_location_area,opponent_location_x,opponent_location_y,set,match_id,rally_id
20,1,01:05:39,118172,9,11,5,1,short service,0.0,1,2.0,7,0.4182926829268294,0.3695833333333335,,,8,171.2,338.76,8,228.1,656.51,3,38,3151
20,2,01:05:39,118187,9,11,11,2,net shot,0.0,0,2.0,7,0.1012195121951221,-0.0696354166666666,,,7,187.7,562.52,8,173.0,332.94,3,38,3151
20,3,01:05:40,118209,9,11,5,2,net shot,0.0,1,2.0,7,-0.0414634146341464,0.2438541666666669,,,7,161.4,407.94,7,181.1,583.9,3,38,3151
20,4,01:05:41,118237,9,11,11,2,lob,0.0,0,1.0,9,0.8463414634146342,-1.4100520833333334,,,7,167.1,543.28,7,155.8,402.77,3,38,3151
20,5,01:05:42,118274,9,11,5,2,smash,0.0,1,2.0,8,0.9121951219512195,0.8345312500000001,,,9,222.5,193.52,8,189.7,653.41,3,38,3151
20,6,01:05:42,118288,9,11,11,3,defensive shot,0.0,0,2.0,1,1.0682926829268296,0.20953125,touched the net,11.0,8,212.2,637.68,8,191.8,243.97,3,38,3151
