rally,ball_round,time,frame_num,roundscore_A,roundscore_B,player,server,type,aroundhead,backhand,landing_height,landing_area,landing_x,landing_y,lose_reason,getpoint_player,player_location_area,player_location_x,player_location_y,opponent_location_area,opponent_location_x,opponent_location_y,set,match_id,rally_id
38,1,01:18:52,141975,20,18,11,1,long service,0.0,1,1.0,8,-0.6621951219512194,1.14078125,,,8,180.5,324.01,8,138.3,659.98,3,38,3169
38,2,01:18:53,141999,20,18,5,2,smash,0.0,0,2.0,5,-1.0,-1.0807291666666667,,,8,148.7,669.11,8,152.7,291.94,3,38,3169
38,3,01:18:53,142010,20,18,11,2,defensive shot,0.0,0,2.0,2,-1.2621951219512195,0.5542708333333332,,,8,130.2,271.01,8,166.1,697.77,3,38,3169
38,4,01:18:54,142036,20,18,5,2,net shot,0.0,1,2.0,7,-0.1878048780487805,-0.4048437500000001,,,2,89.8,589.86,8,130.2,271.01,3,38,3169
38,5,01:18:55,142057,20,18,11,2,push/rush,0.0,0,1.0,7,0.852439024390244,0.5472916666666668,,,7,169.6,375.37,8,134.6,611.48,3,38,3169
38,6,01:18:55,142069,20,18,5,3,defensive shot,0.0,0,2.0,10,2.3390243902439027,1.0809375,out,11.0,8,183.9,608.52,8,164.9,347.51,3,38,3169
