rally,ball_round,time,frame_num,roundscore_A,roundscore_B,player,server,type,aroundhead,backhand,landing_height,landing_area,landing_x,landing_y,lose_reason,getpoint_player,player_location_area,player_location_x,player_location_y,opponent_location_area,opponent_location_x,opponent_location_y,set,match_id,rally_id
21,1,00:41:04,73927,15,6,16,1,long service,0.0,0,1.0,3,-0.873170731707317,-1.5441145833333334,,,8,193.2,656.41,8,117.5,268.84,2,36,2940
21,2,00:41:06,73993,15,6,14,2,smash,0.0,0,2.0,6,-1.3402439024390245,0.9499479166666666,,,9,114.7,166.76,8,187.6,660.26,2,36,2940
21,3,00:41:07,74012,15,6,16,2,defensive shot,0.0,1,2.0,7,-0.4024390243902439,-0.1566145833333333,,,8,175.5,662.36,8,138.9,230.13,2,36,2940
21,4,00:41:08,74045,15,6,14,2,net shot,0.0,0,2.0,7,0.0902439024390244,0.1567187499999998,,,7,143.7,413.7,8,146.0,610.71,2,36,2940
21,5,00:41:09,74070,15,6,16,2,lob,0.0,1,1.0,8,-0.2573170731707316,-1.1185416666666663,,,7,191.5,520.01,7,175.7,372.77,2,36,2940
21,6,00:41:10,74117,15,6,14,3,smash,0.0,0,2.0,9,0.1780487804878048,1.690989583333333,opponent's ball landed,14.0,8,133.5,236.75,8,200.0,689.26,2,36,2940
