rally,ball_round,time,frame_num,roundscore_A,roundscore_B,player,server,type,aroundhead,backhand,landing_height,landing_area,landing_x,landing_y,lose_reason,getpoint_player,player_location_area,player_location_x,player_location_y,opponent_location_area,opponent_location_x,opponent_location_y,set,match_id,rally_id
11,1,00:13:21,24053,5,6,14,1,long service,0.0,0,1.0,9,0.921951219512195,-1.5277083333333332,,,8,168.7,612.28,8,228.7,247.22,1,36,2898
11,2,00:13:24,24133,5,6,16,2,smash,1.0,0,2.0,5,1.0390243902439025,0.9306770833333337,,,9,241.3,184.22,8,191.4,689.42,1,36,2898
11,3,00:13:25,24151,5,6,14,2,defensive shot,0.0,0,1.0,4,1.101219512195122,-1.4759895833333332,,,8,227.4,677.94,8,217.2,244.31,1,36,2898
11,4,00:13:26,24180,5,6,16,2,clear,1.0,0,1.0,3,1.2914634146341462,1.5616666666666668,,,8,226.4,240.88,8,201.0,685.66,1,36,2898
11,5,00:13:27,24218,5,6,14,2,smash,0.0,0,2.0,6,1.3414634146341464,-0.9728645833333336,,,3,252.6,773.62,8,179.9,276.61,1,36,2898
11,6,00:13:27,24233,5,6,16,2,defensive shot,0.0,1,1.0,1,0.9865853658536586,0.3162500000000001,,,8,173.9,292.03,3,267.4,781.15,1,36,2898
11,7,00:13:28,24262,5,6,14,2,push/rush,0.0,0,2.0,8,0.0743902439024389,-1.0078645833333333,,,7,234.2,569.72,8,206.4,300.29,1,36,2898
11,8,00:13:29,24273,5,6,16,2,defensive shot,0.0,0,1.0,7,-0.4987804878048781,0.31765625,,,8,184.5,318.6,7,237.7,521.32,1,36,2898
11,9,00:13:29,24293,5,6,14,3,push/rush,1.0,0,2.0,10,0.0024390243902437,-1.7761979166666666,out,14.0,7,176.6,531.61,8,190.4,248.16,1,36,2898
