rally,ball_round,time,frame_num,roundscore_A,roundscore_B,player,server,type,aroundhead,backhand,landing_height,landing_area,landing_x,landing_y,lose_reason,getpoint_player,player_location_area,player_location_x,player_location_y,opponent_location_area,opponent_location_x,opponent_location_y,set,match_id,rally_id
4,1,00:10:05,18173,1,3,14,1,long service,0.0,0,1.0,4,1.125609756097561,-1.54796875,,,8,169.2,614.27,8,228.1,247.23,1,36,2891
4,2,00:10:07,18235,1,3,16,2,drop,1.0,0,2.0,2,-1.1682926829268292,0.5401562500000002,,,4,257.6,173.5,8,194.7,678.55,1,36,2891
4,3,00:10:08,18259,1,3,14,2,defensive shot,0.0,1,2.0,1,-1.051219512195122,-0.3122395833333333,,,8,113.5,607.32,8,204.1,228.51,1,36,2891
4,4,00:10:09,18290,1,3,16,2,lob,0.0,0,1.0,4,-1.0341463414634149,1.6358333333333337,,,7,106.5,393.35,8,137.8,628.71,1,36,2891
4,5,00:10:10,18324,1,3,14,2,clear,1.0,0,1.0,3,-1.2573170731707315,-1.5218229166666666,,,4,102.1,760.4,8,135.1,331.41,1,36,2891
4,6,00:10:12,18362,1,3,16,2,clear,0.0,0,1.0,4,-0.9390243902439024,1.6189583333333335,,,3,85.0,195.0,8,143.4,683.12,1,36,2891
4,7,00:10:13,18396,1,3,14,2,clear,1.0,0,1.0,3,-1.0182926829268293,-1.5244791666666666,,,9,113.6,766.57,8,139.2,274.51,1,36,2891
4,8,00:10:14,18432,1,3,16,3,clear,0.0,0,2.0,4,-1.4585365853658536,1.7028645833333336,misjudged,14.0,3,93.7,194.78,8,157.9,704.18,1,36,2891
