rally,ball_round,time,frame_num,roundscore_A,roundscore_B,player,server,type,aroundhead,backhand,landing_height,landing_area,landing_x,landing_y,lose_reason,getpoint_player,player_location_area,player_location_x,player_location_y,opponent_location_area,opponent_location_x,opponent_location_y,set,match_id,rally_id
19,1,00:18:16,32898,12,7,14,1,long service,0.0,0,1.0,9,0.7987804878048781,-1.526354166666667,,,8,168.3,622.23,8,224.0,263.12,1,36,2906
19,2,00:18:18,32963,12,7,16,2,clear,1.0,0,1.0,3,1.475609756097561,1.713177083333333,,,9,242.4,173.89,8,191.4,685.84,1,36,2906
19,3,00:18:20,33001,12,7,14,2,drop,0.0,0,2.0,8,-0.0341463414634147,-0.6806770833333333,,,3,279.6,787.09,8,193.0,282.43,1,36,2906
19,4,00:18:20,33023,12,7,16,2,defensive shot,0.0,0,2.0,1,1.3378048780487803,0.4400000000000001,,,8,176.3,344.79,8,218.9,723.73,1,36,2906
19,5,00:18:21,33044,12,7,14,2,lob,0.0,0,1.0,4,1.170731707317073,-1.6030208333333331,,,7,235.6,594.75,8,175.1,309.97,1,36,2906
19,6,00:18:22,33079,12,7,16,2,clear,1.0,0,1.0,3,1.2756097560975612,1.6108333333333331,,,8,220.6,231.35,8,206.4,652.4,1,36,2906
19,7,00:18:24,33125,12,7,14,2,smash,0.0,0,2.0,6,1.3585365853658533,-1.03734375,,,3,257.9,782.85,8,174.5,264.32,1,36,2906
19,8,00:18:24,33142,12,7,16,3,defensive shot,0.0,1,2.0,2,1.4109756097560977,-0.0432291666666667,not pass over the net,14.0,8,174.5,276.74,5,259.4,741.39,1,36,2906
