rally,ball_round,time,frame_num,roundscore_A,roundscore_B,player,server,type,aroundhead,backhand,landing_height,landing_area,landing_x,landing_y,lose_reason,getpoint_player,player_location_area,player_location_x,player_location_y,opponent_location_area,opponent_location_x,opponent_location_y,set,match_id,rally_id
20,1,00:40:39,73177,14,6,14,1,long service,0.0,0,1.0,3,1.148780487804878,1.6279687500000002,,,8,165.9,342.18,8,240.8,702.67,2,36,2939
20,2,00:40:40,73223,14,6,16,2,smash,0.0,0,2.0,5,-1.353658536585366,-0.7886979166666667,,,3,264.5,785.82,8,189.4,282.52,2,36,2939
20,3,00:40:41,73244,14,6,14,2,defensive shot,0.0,0,2.0,2,-1.047560975609756,0.4945312500000002,,,5,95.0,302.95,9,232.8,758.12,2,36,2939
20,4,00:40:42,73271,14,6,16,2,push/rush,0.0,1,2.0,3,-1.2999999999999998,-1.5575520833333334,,,6,100.1,599.47,8,135.8,307.94,2,36,2939
20,5,00:40:43,73303,14,6,14,2,drop,0.0,0,1.0,2,-1.0073170731707315,0.2391666666666664,,,9,106.3,163.48,8,120.2,603.14,2,36,2939
20,6,00:40:44,73328,14,6,16,2,push/rush,0.0,1,2.0,8,-0.2792682926829269,-1.1183333333333334,,,7,112.5,548.44,8,130.2,227.09,2,36,2939
20,7,00:40:44,73336,14,6,14,3,defensive shot,0.0,1,2.0,8,-0.6926829268292682,-1.29921875,not pass over the net,14.0,8,136.2,246.31,2,92.3,519.79,2,36,2939
