rally,ball_round,time,frame_num,player,pos,type,lose_reason,getpoint_player,ball,top,bottom
14,1,00:55:13,99411,7,bottom,short service,,,"[834, 669]","[[948.4552001953125, 379.70880126953125], [948.4552001953125, 376.8256530761719], [951.3201904296875, 355.20208740234375], [948.4552001953125, 355.20208740234375], [964.2125244140625, 355.20208740234375], [952.7526245117188, 399.8907775878906], [975.6724243164062, 399.8907775878906], [947.0227661132812, 428.72222900390625], [979.9698486328125, 424.39752197265625], [926.9679565429688, 425.8390808105469], [939.8603515625, 414.3065185546875], [961.3475952148438, 451.78741455078125], [975.6724243164062, 450.3458251953125], [965.64501953125, 503.6839904785156], [961.3475952148438, 500.80084228515625], [982.8348388671875, 548.3727416992188], [965.64501953125, 535.3985595703125], [974.2399291992188, 541.8856506347656]]","[[939.368896484375, 570.6402587890625], [937.93505859375, 567.7727661132812], [939.368896484375, 566.3389892578125], [916.4270629882812, 562.0376586914062], [936.501220703125, 566.3389892578125], [893.4852905273438, 584.97802734375], [937.93505859375, 592.1468505859375], [883.4482421875, 623.6898193359375], [947.9720458984375, 619.3884887695312], [893.4852905273438, 636.59375], [966.6122436523438, 645.1963500976562], [902.0885009765625, 662.4016723632812], [930.7656860351562, 662.4016723632812], [904.9562377929688, 715.451171875], [933.6334228515625, 709.716064453125], [909.2578125, 768.500732421875], [936.501220703125, 757.030517578125], [922.8795166015625, 762.765625]]"
