rally,ball_round,time,frame_num,roundscore_A,roundscore_B,player,server,type,aroundhead,backhand,landing_height,landing_area,landing_x,landing_y,lose_reason,getpoint_player,player_location_area,player_location_x,player_location_y,opponent_location_area,opponent_location_x,opponent_location_y,set,match_id,rally_id
22,1,00:21:28,38663,13,9,2,1,long service,0.0,0,1.0,9,0.7390243902439023,-1.4715625,,,8,161.7,657.59,8,215.3,266.72,1,10,812
22,2,00:21:30,38722,13,9,14,2,drop,1.0,0,2.0,5,1.0719512195121947,0.8950000000000001,,,9,218.5,184.89,8,195.7,690.03,1,10,812
22,3,00:21:31,38738,13,9,2,2,drive,0.0,0,1.0,8,-0.6304878048780488,-1.0155208333333334,,,8,227.8,673.24,8,206.3,228.64,1,10,812
22,4,00:21:31,38756,13,9,14,2,drive,0.0,0,2.0,6,-1.0560975609756096,1.1421354166666664,,,8,140.3,314.05,8,214.4,689.75,1,10,812
22,5,00:21:32,38772,13,9,2,2,defensive shot,0.0,1,2.0,1,-1.3121951219512191,-0.3219270833333333,,,8,179.8,684.89,8,136.6,305.22,1,10,812
22,6,00:21:33,38799,13,9,14,2,lob,0.0,0,1.0,6,-1.1841463414634146,1.360572916666667,,,1,86.7,394.11,8,142.3,665.36,1,10,812
22,7,00:21:34,38829,13,9,2,2,drop,1.0,0,2.0,1,-1.1146341463414635,-0.2553124999999999,,,8,126.1,729.21,8,131.4,351.83,1,10,812
22,8,00:21:35,38857,13,9,14,2,push/rush,0.0,0,2.0,3,1.2646341463414632,1.6322395833333332,,,1,85.2,386.05,8,136.2,712.01,1,10,812
22,9,00:21:36,38900,13,9,2,3,drop,0.0,0,2.0,1,1.270731707317073,0.2108333333333334,not pass over the net,14.0,9,246.9,773.02,8,214.2,361.26,1,10,812
