rally,ball_round,time,frame_num,roundscore_A,roundscore_B,player,server,type,aroundhead,backhand,landing_height,landing_area,landing_x,landing_y,lose_reason,getpoint_player,player_location_area,player_location_x,player_location_y,opponent_location_area,opponent_location_x,opponent_location_y,set,match_id,rally_id
7,1,00:12:31,22548,4,3,14,1,long service,0.0,0,1.0,4,-0.897560975609756,1.6365104166666669,,,8,181.2,350.74,8,118.7,731.0,1,10,797
7,2,00:12:33,22612,4,3,2,2,clear,0.0,0,1.0,9,-0.7987804878048781,-1.4548958333333335,,,4,96.0,802.58,8,157.3,313.66,1,10,797
7,3,00:12:34,22644,4,3,14,2,clear,0.0,0,1.0,8,-0.7914634146341464,1.358125,,,8,127.4,220.75,8,145.5,708.41,1,10,797
7,4,00:12:36,22680,4,3,2,2,drop,1.0,0,2.0,1,-1.1597560975609755,-0.2958333333333334,,,8,127.7,737.55,8,148.1,286.83,1,10,797
7,5,00:12:37,22712,4,3,14,2,lob,0.0,0,1.0,6,-1.1841463414634146,1.5065104166666667,,,1,101.3,382.99,8,142.3,706.72,1,10,797
7,6,00:12:38,22748,4,3,2,2,clear,1.0,0,1.0,5,-1.2341463414634146,-1.32734375,,,9,106.9,765.45,8,147.0,328.56,1,10,797
7,7,00:12:39,22773,4,3,14,3,clear,0.0,0,2.0,10,-1.517073170731707,1.703854166666667,opponent's ball landed,14.0,8,107.2,259.89,8,116.4,749.23,1,10,797
