rally,ball_round,time,frame_num,roundscore_A,roundscore_B,player,server,type,aroundhead,backhand,landing_height,landing_area,landing_x,landing_y,lose_reason,getpoint_player,player_location_area,player_location_x,player_location_y,opponent_location_area,opponent_location_x,opponent_location_y,set,match_id,rally_id
2,1,00:10:32,18978,1,1,2,1,long service,0.0,0,1.0,4,1.0829268292682928,-1.4575000000000002,,,8,163.1,663.17,8,210.7,282.31,1,10,792
2,2,00:10:34,19038,1,1,14,2,smash,1.0,0,2.0,5,1.0,0.9945833333333336,,,8,247.2,207.83,8,205.0,682.7,1,10,792
2,3,00:10:35,19053,1,1,2,2,defensive shot,0.0,0,2.0,8,0.3560975609756096,-0.6377604166666666,,,8,216.9,696.82,8,234.1,263.15,1,10,792
2,4,00:10:35,19077,1,1,14,2,push/rush,0.0,0,1.0,6,-1.1536585365853658,1.3515625,,,8,223.3,361.06,8,200.8,705.85,1,10,792
2,5,00:10:37,19110,1,1,2,2,clear,1.0,0,1.0,9,-0.7219512195121952,-1.4557291666666667,,,8,133.5,725.73,8,156.4,337.02,1,10,792
2,6,00:10:38,19157,1,1,14,3,smash,0.0,0,2.0,5,1.4365853658536587,1.21859375,opponent's ball landed,14.0,5,103.6,214.73,8,175.2,702.73,1,10,792
