rally,ball_round,time,frame_num,roundscore_A,roundscore_B,player,server,type,aroundhead,backhand,landing_height,landing_area,landing_x,landing_y,lose_reason,getpoint_player,player_location_area,player_location_x,player_location_y,opponent_location_area,opponent_location_x,opponent_location_y,set,match_id,rally_id
15,1,00:59:25,106958,11,4,2,1,short service,0.0,1,2.0,7,0.3207317073170733,0.6155729166666669,,,8,162.4,340.98,8,220.4,693.37,3,28,2350
15,2,00:59:26,106989,11,4,23,2,push/rush,0.0,1,1.0,8,0.8536585365853658,-0.964375,,,8,211.9,638.02,8,157.1,346.69,3,28,2350
15,3,00:59:27,107010,11,4,2,2,smash,1.0,0,2.0,8,-0.7719512195121951,0.8445833333333331,,,8,197.0,293.48,8,207.0,682.92,3,28,2350
15,4,00:59:27,107025,11,4,23,2,defensive shot,0.0,1,2.0,1,-1.1792682926829268,-0.2470833333333333,,,8,178.4,670.31,8,195.8,293.46,3,28,2350
15,5,00:59:28,107060,11,4,2,2,push/rush,0.0,0,1.0,5,0.9695121951219512,1.467552083333333,,,1,94.6,406.65,8,143.0,671.62,3,28,2350
15,6,00:59:29,107096,11,4,23,2,clear,0.0,0,1.0,6,1.242682926829268,-1.3033854166666667,,,9,221.2,778.31,8,169.1,349.78,3,28,2350
15,7,00:59:30,107127,11,4,2,3,drop,1.0,0,2.0,6,-1.424390243902439,0.6683854166666668,opponent's ball landed,2.0,8,237.4,252.81,8,202.8,726.17,3,28,2350
