rally,ball_round,time,frame_num,roundscore_A,roundscore_B,player,server,type,aroundhead,backhand,landing_height,landing_area,landing_x,landing_y,lose_reason,getpoint_player,player_location_area,player_location_x,player_location_y,opponent_location_area,opponent_location_x,opponent_location_y,set,match_id,rally_id
5,1,00:53:28,96253,5,0,2,1,short service,0.0,1,2.0,7,0.4365853658536587,0.6163020833333336,,,8,168.3,329.33,8,223.7,691.71,3,28,2340
5,2,00:53:29,96275,5,0,23,2,net shot,0.0,0,2.0,2,1.270731707317073,-0.2711458333333333,,,8,188.9,639.58,8,162.4,338.06,3,28,2340
5,3,00:53:30,96307,5,0,2,2,lob,0.0,1,1.0,3,1.0012195121951222,1.5622395833333336,,,7,246.0,395.72,8,190.7,652.51,3,28,2340
5,4,00:53:31,96345,5,0,23,2,clear,0.0,0,1.0,6,1.2792682926829266,-1.33890625,,,9,233.8,795.63,8,183.9,350.03,3,28,2340
5,5,00:53:32,96374,5,0,2,2,drop,1.0,0,2.0,6,-0.8939024390243903,0.8928645833333331,,,8,225.3,232.72,8,207.9,734.18,3,28,2340
5,6,00:53:33,96392,5,0,23,2,net shot,0.0,1,2.0,1,-1.4195121951219514,-0.1414583333333334,,,8,148.1,669.92,8,240.2,246.29,3,28,2340
5,7,00:53:34,96427,5,0,2,2,net shot,0.0,0,2.0,2,-1.253658536585366,0.3291666666666669,,,1,74.9,419.51,8,126.2,690.49,3,28,2340
5,8,00:53:35,96457,5,0,23,3,lob,0.0,1,2.0,10,1.8280487804878045,-1.499270833333333,out,2.0,6,98.0,595.88,7,115.1,404.32,3,28,2340
