rally,ball_round,time,frame_num,roundscore_A,roundscore_B,player,server,type,aroundhead,backhand,landing_height,landing_area,landing_x,landing_y,lose_reason,getpoint_player,player_location_area,player_location_x,player_location_y,opponent_location_area,opponent_location_x,opponent_location_y,set,match_id,rally_id
16,1,01:00:55,109675,12,4,2,1,short service,0.0,1,2.0,7,0.3585365853658537,-0.50390625,,,8,167.9,646.71,8,216.0,300.0,3,28,2351
16,2,01:00:56,109706,12,4,23,2,lob,0.0,1,1.0,5,1.3731707317073174,1.4615625,,,7,192.1,367.24,8,167.9,689.31,3,28,2351
16,3,01:00:58,109740,12,4,2,2,drop,0.0,0,2.0,8,0.898780487804878,-0.5440104166666666,,,3,254.2,765.43,8,191.9,314.81,3,28,2351
16,4,01:00:59,109772,12,4,23,2,net shot,0.0,1,2.0,2,-1.15,0.3756770833333333,,,7,224.5,403.43,8,213.0,698.36,3,28,2351
16,5,01:00:59,109793,12,4,2,2,lob,0.0,1,1.0,9,-0.6280487804878049,-1.3905208333333334,,,8,117.2,604.09,7,190.8,386.64,3,28,2351
16,6,01:01:01,109840,12,4,23,3,smash,0.0,0,2.0,7,0.6536585365853658,-0.1011458333333334,touched the net,2.0,8,121.5,217.23,8,174.7,679.03,3,28,2351
