rally,ball_round,time,frame_num,roundscore_A,roundscore_B,player,server,type,aroundhead,backhand,landing_height,landing_area,landing_x,landing_y,lose_reason,getpoint_player,player_location_area,player_location_x,player_location_y,opponent_location_area,opponent_location_x,opponent_location_y,set,match_id,rally_id
19,1,01:02:08,111857,13,6,2,1,short service,0.0,1,2.0,7,0.3609756097560975,-0.4031249999999999,,,8,162.2,650.31,8,212.0,315.16,3,28,2354
19,2,01:02:09,111878,13,6,23,2,push/rush,0.0,0,1.0,5,1.218292682926829,1.3875,,,7,222.3,378.91,8,173.7,661.33,3,28,2354
19,3,01:02:10,111907,13,6,2,2,drop,0.0,0,2.0,1,-1.1926829268292682,-0.3296875000000001,,,5,264.0,755.0,8,187.7,317.75,3,28,2354
19,4,01:02:11,111936,13,6,23,2,lob,0.0,0,1.0,6,-1.2573170731707315,1.32484375,,,7,110.5,393.48,8,195.5,708.16,3,28,2354
19,5,01:02:12,111962,13,6,2,2,clear,1.0,0,1.0,8,0.2073170731707317,-1.2761979166666666,,,8,119.1,720.32,7,123.3,366.08,3,28,2354
19,6,01:02:13,111995,13,6,23,2,smash,1.0,0,2.0,6,-1.1073170731707316,0.9684375000000004,,,8,154.4,251.28,8,151.6,715.84,3,28,2354
19,7,01:02:13,112011,13,6,2,2,defensive shot,0.0,1,2.0,1,-1.396341463414634,-0.2621874999999998,,,8,198.6,686.26,8,163.1,238.24,3,28,2354
19,8,01:02:14,112043,13,6,23,2,net shot,0.0,0,2.0,2,-1.0731707317073171,0.3418229166666666,,,1,84.8,406.49,8,143.6,660.95,3,28,2354
19,9,01:02:15,112073,13,6,2,3,net shot,0.0,1,2.0,7,-0.7841463414634146,0.2620833333333336,not pass over the net,2.0,2,101.5,565.17,7,121.8,428.05,3,28,2354
