rally,ball_round,time,frame_num,roundscore_A,roundscore_B,player,server,type,aroundhead,backhand,landing_height,landing_area,landing_x,landing_y,lose_reason,getpoint_player,player_location_area,player_location_x,player_location_y,opponent_location_area,opponent_location_x,opponent_location_y,set,match_id,rally_id
8,1,00:55:21,99634,6,2,23,1,short service,0.0,1,2.0,7,-0.6060975609756097,-0.33953125,,,8,186.3,661.5,8,131.4,325.73,3,28,2343
8,2,00:55:21,99647,6,2,2,2,net shot,0.0,0,2.0,7,-0.0304878048780487,0.3368229166666664,,,7,141.0,391.27,8,176.9,644.99,3,28,2343
8,3,00:55:22,99671,6,2,23,2,net shot,0.0,0,2.0,2,0.9341463414634146,-0.1255208333333334,,,8,161.1,606.66,7,144.3,404.79,3,28,2343
8,4,00:55:23,99705,6,2,2,2,net shot,0.0,1,2.0,1,1.0292682926829266,0.3086979166666665,,,7,221.2,437.34,8,184.5,646.93,3,28,2343
8,5,00:55:24,99732,6,2,23,2,lob,0.0,0,1.0,4,1.1548780487804875,-1.4124479166666666,,,7,221.9,564.78,7,207.0,419.02,3,28,2343
8,6,00:55:26,99782,6,2,2,2,smash,1.0,0,2.0,8,0.8926829268292682,0.9415104166666666,,,8,236.5,259.31,8,190.6,703.11,3,28,2343
8,7,00:55:26,99801,6,2,23,3,defensive shot,0.0,0,2.0,7,-0.2451219512195121,0.2299479166666665,touched the net,2.0,8,227.0,698.53,8,243.6,272.3,3,28,2343
