rally,ball_round,time,frame_num,roundscore_A,roundscore_B,player,server,type,aroundhead,backhand,landing_height,landing_area,landing_x,landing_y,lose_reason,getpoint_player,player_location_area,player_location_x,player_location_y,opponent_location_area,opponent_location_x,opponent_location_y,set,match_id,rally_id
21,1,00:16:51,30347,14,7,5,1,short service,0.0,1,2.0,7,-0.3378048780487803,-0.1708333333333334,,,8,184.8,633.99,8,127.6,277.44,1,14,1123
21,2,00:16:52,30369,14,7,17,2,lob,0.0,1,1.0,3,1.1073170731707318,1.5822916666666664,,,7,160.3,369.72,8,181.5,628.21,1,14,1123
21,3,00:16:53,30398,14,7,5,2,drop,0.0,0,2.0,6,1.0621951219512198,-0.8718229166666666,,,9,226.0,775.66,8,211.1,276.28,1,14,1123
21,4,00:16:53,30417,14,7,17,2,net shot,0.0,0,2.0,7,0.5231707317073171,0.4203645833333335,,,8,227.4,253.77,3,264.2,767.58,1,14,1123
21,5,00:16:54,30443,14,7,5,3,lob,0.0,0,2.0,10,-1.6341463414634143,-1.4753125,out,5.0,8,192.5,600.86,8,197.6,314.82,1,14,1123
