rally,ball_round,time,frame_num,roundscore_A,roundscore_B,player,server,type,aroundhead,backhand,landing_height,landing_area,landing_x,landing_y,lose_reason,getpoint_player,player_location_area,player_location_x,player_location_y,opponent_location_area,opponent_location_x,opponent_location_y,set,match_id,rally_id
19,1,00:46:13,83198,15,4,17,1,short service,0.0,1,2.0,7,-0.2548780487804878,-0.4010937499999999,,,8,177.8,626.27,8,130.6,329.82,2,14,1159
19,2,00:46:13,83206,15,4,5,2,net shot,0.0,0,2.0,7,-0.1060975609756096,0.3063541666666669,,,7,163.6,372.35,8,171.8,647.22,2,14,1159
19,3,00:46:14,83231,15,4,17,2,lob,0.0,1,1.0,3,-1.0439024390243905,-1.48546875,,,7,153.5,574.31,8,160.6,343.65,2,14,1159
19,4,00:46:15,83271,15,4,5,2,drop,0.0,0,2.0,7,-0.823170731707317,0.6316666666666665,,,3,103.9,203.64,8,144.4,691.17,2,14,1159
19,5,00:46:16,83292,15,4,17,2,net shot,0.0,0,2.0,2,1.173170731707317,-0.3013020833333334,,,8,113.2,658.24,8,127.7,257.45,2,14,1159
19,6,00:46:17,83320,15,4,5,2,lob,0.0,1,1.0,6,-1.0451219512195122,1.4725,,,7,233.8,370.9,8,166.6,643.42,2,14,1159
19,7,00:46:18,83362,15,4,17,2,smash,0.0,0,2.0,5,-1.3207317073170732,-1.08296875,,,9,114.1,767.77,8,157.6,314.09,2,14,1159
19,8,00:46:19,83374,15,4,5,2,defensive shot,0.0,0,2.0,7,0.0926829268292682,0.4188020833333332,,,5,100.3,262.64,4,80.0,794.94,2,14,1159
19,9,00:46:19,83398,15,4,17,3,net shot,0.0,1,2.0,2,-0.9109756097560976,0.1180208333333334,not pass over the net,5.0,8,167.6,643.43,8,106.4,274.18,2,14,1159
