rally,ball_round,time,frame_num,roundscore_A,roundscore_B,player,server,type,aroundhead,backhand,landing_height,landing_area,landing_x,landing_y,lose_reason,getpoint_player,player_location_area,player_location_x,player_location_y,opponent_location_area,opponent_location_x,opponent_location_y,set,match_id,rally_id
18,1,00:15:11,27346,13,5,17,1,short service,0.0,1,2.0,7,-0.4548780487804879,0.2708854166666666,,,8,184.3,325.4,8,135.1,665.73,1,14,1120
18,2,00:15:12,27365,13,5,5,2,lob,0.0,0,1.0,3,-1.024390243902439,-1.5014062499999998,,,7,139.1,578.31,8,176.0,330.62,1,14,1120
18,3,00:15:13,27404,13,5,17,2,smash,0.0,0,2.0,6,-1.196341463414634,0.9070312499999998,,,8,117.1,210.0,8,177.3,641.58,1,14,1120
18,4,00:15:13,27418,13,5,5,2,defensive shot,0.0,1,1.0,1,-0.9743902439024392,-0.4453125,,,8,184.7,654.77,9,121.2,188.74,1,14,1120
18,5,00:15:14,27440,13,5,17,2,net shot,0.0,1,2.0,2,-1.2573170731707315,0.313125,,,8,120.8,335.0,8,172.7,656.59,1,14,1120
18,6,00:15:15,27464,13,5,5,2,lob,0.0,1,1.0,3,-1.1804878048780487,-1.4706770833333334,,,2,89.7,580.02,8,142.0,316.52,1,14,1120
18,7,00:15:16,27496,13,5,17,2,smash,0.0,0,2.0,6,-1.373170731707317,1.1759895833333331,,,8,125.3,234.06,8,172.6,628.17,1,14,1120
18,8,00:15:16,27509,13,5,5,3,defensive shot,0.0,1,2.0,8,0.9109756097560974,-0.5394270833333333,opponent's ball landed,5.0,8,181.5,658.48,5,102.6,215.69,1,14,1120
