rally,ball_round,time,frame_num,roundscore_A,roundscore_B,player,server,type,aroundhead,backhand,landing_height,landing_area,landing_x,landing_y,lose_reason,getpoint_player,player_location_area,player_location_x,player_location_y,opponent_location_area,opponent_location_x,opponent_location_y,set,match_id,rally_id
14,1,00:42:04,75730,11,3,17,1,short service,0.0,1,2.0,7,-0.2134146341463414,-0.3227083333333332,,,8,179.6,626.28,8,132.9,308.16,2,14,1154
14,2,00:42:04,75738,11,3,5,2,net shot,0.0,0,2.0,7,0.1243902439024388,0.2274479166666667,,,7,161.1,392.61,8,175.0,660.32,2,14,1154
14,3,00:42:05,75757,11,3,17,2,net shot,0.0,1,2.0,1,-0.8829268292682928,-0.3139062499999999,,,7,160.3,576.41,7,164.2,380.02,2,14,1154
14,4,00:42:05,75778,11,3,5,2,lob,0.0,0,1.0,5,0.9414634146341462,1.1871875000000005,,,7,117.2,379.29,8,166.8,600.71,2,14,1154
14,5,00:42:06,75809,11,3,17,3,smash,1.0,0,2.0,6,1.3317073170731706,-1.19515625,opponent's ball landed,5.0,8,203.7,703.67,8,144.5,300.12,2,14,1154
