rally,ball_round,time,frame_num,roundscore_A,roundscore_B,player,server,type,aroundhead,backhand,landing_height,landing_area,landing_x,landing_y,lose_reason,getpoint_player,player_location_area,player_location_x,player_location_y,opponent_location_area,opponent_location_x,opponent_location_y,set,match_id,rally_id
30,1,00:47:30,85511,19,11,3,1,short service,0.0,1,2.0,7,0.6207317073170733,0.5549479166666664,,,8,174.4,334.62,8,217.4,682.08,2,6,534
30,2,00:47:30,85526,19,11,8,2,net shot,0.0,1,2.0,2,1.1158536585365857,-0.2152604166666666,,,7,241.6,575.39,8,189.4,323.18,2,6,534
30,3,00:47:31,85550,19,11,3,2,net shot,0.0,0,2.0,1,1.2719512195121954,0.2244270833333332,,,7,248.0,398.04,8,223.2,622.85,2,6,534
30,4,00:47:32,85576,19,11,8,2,lob,0.0,0,1.0,9,0.7524390243902438,-1.5744270833333331,,,1,258.4,568.72,7,221.5,380.35,2,6,534
30,5,00:47:34,85632,19,11,3,2,smash,0.0,0,2.0,8,0.3621951219512194,0.8520833333333334,,,9,228.8,164.56,8,197.6,674.64,2,6,534
30,6,00:47:34,85648,19,11,8,3,defensive shot,0.0,0,2.0,7,-0.171951219512195,0.0899479166666665,touched the net,3.0,8,208.8,665.82,8,214.7,210.88,2,6,534
