rally,ball_round,time,frame_num,roundscore_A,roundscore_B,player,server,type,aroundhead,backhand,landing_height,landing_area,landing_x,landing_y,lose_reason,getpoint_player,player_location_area,player_location_x,player_location_y,opponent_location_area,opponent_location_x,opponent_location_y,set,match_id,rally_id
1,1,00:31:29,56675,1,0,3,1,short service,0.0,1,2.0,7,0.6451219512195122,0.5550520833333336,,,8,170.8,327.59,8,218.6,687.88,2,6,505
1,2,00:31:29,56696,1,0,8,2,net shot,0.0,1,2.0,2,1.482926829268293,-0.3114583333333334,,,7,241.1,587.17,8,180.4,325.39,2,6,505
1,3,00:31:30,56725,1,0,3,2,lob,0.0,0,1.0,8,0.9097560975609756,1.369479166666667,,,2,266.8,389.67,8,228.5,626.06,2,6,505
1,4,00:31:32,56761,1,0,8,2,smash,0.0,0,2.0,6,1.298780487804878,-0.9672395833333332,,,8,241.6,736.62,8,217.2,292.52,2,6,505
1,5,00:31:32,56777,1,0,3,2,defensive shot,0.0,0,2.0,1,1.0756097560975608,0.3752083333333331,,,8,244.7,263.25,9,236.8,758.93,2,6,505
1,6,00:31:33,56804,1,0,8,3,push/rush,0.0,0,2.0,10,2.1012195121951223,-1.5201041666666668,out,3.0,7,230.8,590.42,8,223.0,260.38,2,6,505
