rally,ball_round,time,frame_num,roundscore_A,roundscore_B,player,server,type,aroundhead,backhand,landing_height,landing_area,landing_x,landing_y,lose_reason,getpoint_player,player_location_area,player_location_x,player_location_y,opponent_location_area,opponent_location_x,opponent_location_y,set,match_id,rally_id
26,1,00:45:10,81322,16,10,8,1,short service,0.0,1,2.0,8,-0.2146341463414633,-0.5366145833333332,,,8,189.9,639.85,8,127.9,278.84,2,6,530
26,2,00:45:11,81339,16,10,3,2,push/rush,0.0,0,1.0,6,-0.8695121951219512,1.0396875,,,8,136.8,365.92,8,180.5,664.14,2,6,530
26,3,00:45:11,81353,16,10,8,2,drive,0.0,1,1.0,8,-0.1902439024390243,-0.6906250000000002,,,8,174.7,668.58,8,143.9,338.8,2,6,530
26,4,00:45:12,81367,16,10,3,2,drive,1.0,0,2.0,8,0.1682926829268294,0.924375,,,8,185.2,313.67,8,152.2,642.68,2,6,530
26,5,00:45:12,81378,16,10,8,2,drive,0.0,0,1.0,7,0.5536585365853659,-0.4628125,,,8,163.5,696.16,8,190.7,306.6,2,6,530
26,6,00:45:13,81396,16,10,3,3,net shot,0.0,0,2.0,1,1.315853658536585,0.3854687499999999,opponent's ball landed,3.0,7,209.5,371.37,8,196.9,692.07,2,6,530
