rally,ball_round,time,frame_num,roundscore_A,roundscore_B,player,server,type,aroundhead,backhand,landing_height,landing_area,landing_x,landing_y,lose_reason,getpoint_player,player_location_area,player_location_x,player_location_y,opponent_location_area,opponent_location_x,opponent_location_y,set,match_id,rally_id
20,1,00:41:39,74987,14,6,3,1,long service,0.0,1,1.0,8,0.5170731707317073,1.2757812500000003,,,8,171.4,334.58,8,223.0,685.02,2,6,524
20,2,00:41:40,75010,14,6,8,2,smash,0.0,0,2.0,5,-1.103658536585366,-0.9835937500000002,,,8,228.8,714.79,8,197.0,294.64,2,6,524
20,3,00:41:40,75027,14,6,3,2,defensive shot,0.0,1,1.0,2,-1.0146341463414634,0.5841666666666665,,,8,137.5,293.71,8,228.4,724.4,2,6,524
20,4,00:41:41,75053,14,6,8,2,push/rush,0.0,1,2.0,8,-0.4487804878048781,-1.0440104166666666,,,8,106.4,625.13,8,145.3,279.12,2,6,524
20,5,00:41:42,75063,14,6,3,2,defensive shot,0.0,1,1.0,8,0.5463414634146343,1.1203125,,,8,182.3,277.23,6,101.6,609.06,2,6,524
20,6,00:41:43,75091,14,6,8,2,smash,0.0,0,2.0,8,-0.4353658536585365,-0.9278125,,,8,197.9,714.62,8,208.6,262.67,2,6,524
20,7,00:41:43,75107,14,6,3,2,defensive shot,0.0,1,2.0,8,-0.7280487804878049,1.0478645833333335,,,8,211.7,290.0,8,225.6,737.88,2,6,524
20,8,00:41:44,75126,14,6,8,2,defensive shot,0.0,1,1.0,9,0.4390243902439024,-1.376197916666667,,,8,189.2,662.7,8,186.0,284.7,2,6,524
20,9,00:41:45,75154,14,6,3,3,drop,0.0,0,2.0,7,-0.5304878048780488,-0.0961979166666668,touched the net,3.0,8,174.2,223.44,8,196.0,687.75,2,6,524
