rally,ball_round,time,frame_num,roundscore_A,roundscore_B,player,server,type,aroundhead,backhand,landing_height,landing_area,landing_x,landing_y,lose_reason,getpoint_player,player_location_area,player_location_x,player_location_y,opponent_location_area,opponent_location_x,opponent_location_y,set,match_id,rally_id
29,1,00:22:22,40264,13,16,27,1,short service,0.0,0,2.0,7,0.528048780487805,-0.3953645833333334,,,8,166.9,667.27,8,227.2,258.17,1,41,3377
29,2,00:22:23,40290,13,16,29,2,push/rush,0.0,0,1.0,5,1.4146341463414631,1.4895833333333333,,,7,227.5,372.38,8,191.7,656.76,1,41,3377
29,3,00:22:24,40325,13,16,27,2,clear,0.0,0,1.0,9,0.8365853658536585,-1.4028645833333335,,,3,253.8,758.24,8,201.3,284.07,1,41,3377
29,4,00:22:25,40357,13,16,29,2,smash,0.0,0,2.0,6,-1.1121951219512196,0.8466666666666663,,,9,222.8,185.54,8,213.9,691.55,1,41,3377
29,5,00:22:25,40376,13,16,27,2,defensive shot,0.0,1,2.0,5,-1.3109756097560976,-0.5362499999999999,,,8,194.1,660.63,9,225.9,172.47,1,41,3377
29,6,00:22:26,40406,13,16,29,3,net shot,0.0,0,2.0,10,-1.526829268292683,0.2224479166666665,misjudged,27.0,1,93.6,377.62,8,122.6,644.18,1,41,3377
