rally,ball_round,time,frame_num,roundscore_A,roundscore_B,player,server,type,aroundhead,backhand,landing_height,landing_area,landing_x,landing_y,lose_reason,getpoint_player,player_location_area,player_location_x,player_location_y,opponent_location_area,opponent_location_x,opponent_location_y,set,match_id,rally_id
36,1,00:27:05,48759,18,18,27,1,short service,0.0,0,2.0,7,0.326829268292683,-0.3935416666666667,,,8,166.9,667.27,8,228.5,258.14,1,41,3384
36,2,00:27:06,48786,18,18,29,2,push/rush,0.0,0,1.0,5,1.3475609756097562,1.0967708333333337,,,7,228.7,381.69,8,193.6,663.21,1,41,3384
36,3,00:27:07,48811,18,18,27,2,clear,0.0,0,1.0,8,0.8804878048780487,-1.1053645833333332,,,8,214.3,669.4,8,216.5,341.17,1,41,3384
36,4,00:27:08,48863,18,18,29,2,smash,0.0,0,1.0,5,1.09390243902439,1.204739583333333,,,8,234.8,231.65,8,208.0,698.72,1,41,3384
36,5,00:27:09,48876,18,18,27,2,defensive shot,0.0,0,1.0,6,1.2451219512195124,-1.3108333333333333,,,8,233.9,715.79,8,232.3,243.55,1,41,3384
36,6,00:27:10,48912,18,18,29,3,drop,1.0,0,2.0,1,-1.2097560975609756,-0.1213541666666667,not pass over the net,27.0,8,232.4,228.72,8,202.6,677.02,1,41,3384
