rally,ball_round,time,frame_num,roundscore_A,roundscore_B,player,server,type,aroundhead,backhand,landing_height,landing_area,landing_x,landing_y,lose_reason,getpoint_player,player_location_area,player_location_x,player_location_y,opponent_location_area,opponent_location_x,opponent_location_y,set,match_id,rally_id
15,1,00:13:57,25136,7,8,29,1,short service,0.0,0,2.0,1,1.2365853658536583,0.5326562499999999,,,8,156.1,282.48,8,231.7,698.54,1,41,3363
15,2,00:13:58,25165,7,8,27,2,lob,0.0,0,1.0,6,1.3182926829268296,-1.3599479166666668,,,8,247.4,595.96,8,174.8,282.0,1,41,3363
15,3,00:14:00,25200,7,8,29,2,drop,0.0,1,2.0,1,1.1999999999999995,0.2973437500000002,,,9,246.1,178.38,8,204.3,664.4,1,41,3363
15,4,00:14:01,25234,7,8,27,2,net shot,0.0,0,2.0,2,1.4609756097560975,-0.2418749999999999,,,7,250.2,568.01,8,198.6,270.27,1,41,3363
15,5,00:14:02,25264,7,8,29,2,drop,0.0,1,1.0,5,0.947560975609756,1.4312499999999997,,,2,256.9,397.08,7,227.4,585.55,1,41,3363
15,6,00:14:03,25314,7,8,27,2,smash,0.0,0,2.0,6,1.246341463414634,-0.90609375,,,8,236.3,745.02,8,187.9,295.28,1,41,3363
15,7,00:14:04,25328,7,8,29,3,defensive shot,0.0,1,2.0,10,1.7097560975609756,1.3338541666666668,out,27.0,8,160.3,279.62,9,248.7,758.27,1,41,3363
