rally,ball_round,time,frame_num,roundscore_A,roundscore_B,player,server,type,aroundhead,backhand,landing_height,landing_area,landing_x,landing_y,lose_reason,getpoint_player,player_location_area,player_location_x,player_location_y,opponent_location_area,opponent_location_x,opponent_location_y,set,match_id,rally_id
21,1,00:52:28,94443,13,8,27,1,long service,0.0,0,1.0,9,0.873170731707317,1.5839583333333334,,,8,153.3,296.15,8,223.8,698.6,2,41,3419
21,2,00:52:30,94513,13,8,29,2,drop,0.0,0,2.0,6,1.1317073170731708,-0.6228124999999999,,,9,230.0,788.22,8,174.2,290.22,2,41,3419
21,3,00:52:31,94543,13,8,27,2,net shot,0.0,1,2.0,1,1.2646341463414632,0.2785416666666667,,,8,235.8,355.47,8,209.4,693.98,2,41,3419
21,4,00:52:32,94573,13,8,29,2,lob,0.0,0,1.0,4,1.3365853658536588,-1.52625,,,7,243.8,561.65,8,213.8,305.31,2,41,3419
21,5,00:52:33,94610,13,8,27,2,clear,0.0,0,1.0,6,-0.9231707317073172,1.4943749999999998,,,9,226.6,188.63,8,207.3,622.66,2,41,3419
21,6,00:52:34,94646,13,8,29,2,drop,0.0,0,2.0,6,1.139024390243902,-0.7673437499999999,,,8,140.5,726.36,8,186.7,247.72,2,41,3419
21,7,00:52:35,94669,13,8,27,2,net shot,0.0,1,2.0,1,1.270731707317073,0.3422395833333335,,,8,238.9,322.95,8,116.1,748.74,2,41,3419
21,8,00:52:36,94703,13,8,29,3,net shot,0.0,0,2.0,1,1.3085365853658537,0.0867708333333334,touched the net,27.0,7,251.6,579.06,8,210.0,313.29,2,41,3419
