rally,ball_round,time,frame_num,roundscore_A,roundscore_B,player,server,type,aroundhead,backhand,landing_height,landing_area,landing_x,landing_y,lose_reason,getpoint_player,player_location_area,player_location_x,player_location_y,opponent_location_area,opponent_location_x,opponent_location_y,set,match_id,rally_id
20,1,00:51:56,93503,12,8,29,1,long service,0.0,0,1.0,9,-0.8182926829268292,-1.5665104166666666,,,8,193.8,658.04,8,117.0,240.85,2,41,3418
20,2,00:51:58,93566,12,8,27,2,clear,0.0,0,1.0,6,-1.0939024390243903,1.4194791666666664,,,3,100.6,166.45,8,180.6,644.96,2,41,3418
20,3,00:51:59,93597,12,8,29,2,drop,0.0,0,1.0,6,1.135365853658537,-0.6101041666666666,,,8,132.2,710.81,8,135.7,240.34,2,41,3418
20,4,00:52:00,93629,12,8,27,2,push/rush,0.0,1,2.0,3,1.146341463414634,1.537395833333333,,,8,242.8,352.88,8,144.6,710.72,2,41,3418
20,5,00:52:02,93666,12,8,29,2,drive,0.0,0,1.0,2,1.3012195121951218,-0.28578125,,,9,234.2,776.94,8,221.9,336.04,2,41,3418
20,6,00:52:02,93685,12,8,27,3,push/rush,0.0,1,2.0,8,0.7146341463414634,1.2663020833333334,opponent's ball landed,27.0,7,237.9,376.85,8,237.5,743.97,2,41,3418
