rally,ball_round,time,frame_num,roundscore_A,roundscore_B,player,server,type,aroundhead,backhand,landing_height,landing_area,landing_x,landing_y,lose_reason,getpoint_player,player_location_area,player_location_x,player_location_y,opponent_location_area,opponent_location_x,opponent_location_y,set,match_id,rally_id
27,1,00:57:19,103170,18,9,27,1,long service,0.0,0,1.0,4,-0.8609756097560974,1.6558854166666663,,,8,184.4,289.96,8,123.2,689.85,2,41,3425
27,2,00:57:21,103238,18,9,29,2,defensive shot,0.0,0,2.0,6,1.0024390243902437,-0.7659895833333333,,,9,106.8,787.7,8,150.7,282.62,2,41,3425
27,3,00:57:22,103260,18,9,27,2,net shot,0.0,1,2.0,1,1.1158536585365857,0.4053125000000002,,,8,225.3,312.91,8,145.2,728.51,2,41,3425
27,4,00:57:23,103290,18,9,29,2,net shot,0.0,0,2.0,2,1.4158536585365855,-0.3211979166666667,,,7,245.9,586.87,8,198.6,295.01,2,41,3425
27,5,00:57:23,103319,18,9,27,2,push/rush,0.0,1,2.0,3,1.253658536585366,1.5883333333333336,,,2,254.7,397.13,7,206.6,587.35,2,41,3425
27,6,00:57:25,103357,18,9,29,3,clear,0.0,0,2.0,10,1.7073170731707317,-1.6525,out,27.0,9,226.7,776.96,8,208.4,308.08,2,41,3425
