rally,ball_round,time,frame_num,roundscore_A,roundscore_B,player,server,type,aroundhead,backhand,landing_height,landing_area,landing_x,landing_y,lose_reason,getpoint_player,player_location_area,player_location_x,player_location_y,opponent_location_area,opponent_location_x,opponent_location_y,set,match_id,rally_id
16,1,00:18:25,33171,9,7,13,1,short service,0.0,1,2.0,7,0.2658536585365855,0.4429687499999997,,,8,165.0,320.49,8,220.5,668.77,1,9,739
16,2,00:18:26,33187,9,7,5,2,net shot,0.0,0,2.0,7,-0.0951219512195123,-0.2205729166666667,,,8,200.3,598.81,8,171.8,331.4,1,9,739
16,3,00:18:27,33210,9,7,13,2,lob,0.0,0,1.0,3,0.9695121951219512,1.654010416666667,,,7,177.1,397.08,8,183.4,606.13,1,9,739
16,4,00:18:28,33248,9,7,5,2,clear,0.0,0,1.0,4,1.0756097560975608,-1.4666145833333335,,,9,222.0,797.39,8,199.3,339.63,1,9,739
16,5,00:18:29,33284,9,7,13,3,smash,1.0,0,2.0,7,-0.3682926829268291,0.3583854166666664,opponent's ball landed,13.0,8,226.8,228.72,8,199.8,717.27,1,9,739
