rally,ball_round,time,frame_num,roundscore_A,roundscore_B,player,server,type,aroundhead,backhand,landing_height,landing_area,landing_x,landing_y,lose_reason,getpoint_player,player_location_area,player_location_x,player_location_y,opponent_location_area,opponent_location_x,opponent_location_y,set,match_id,rally_id
21,1,00:22:24,40328,12,9,5,1,short service,0.0,1,2.0,8,-0.4743902439024391,-0.6115625000000001,,,8,185.7,664.42,8,133.8,306.36,1,9,744
21,2,00:22:24,40342,12,9,13,2,net shot,0.0,0,2.0,8,0.3634146341463416,0.6868229166666667,,,7,149.4,377.5,8,181.2,647.24,1,9,744
21,3,00:22:25,40363,12,9,5,2,push/rush,0.0,0,2.0,6,1.2085365853658538,-1.1894270833333334,,,8,189.8,641.94,8,157.4,354.93,1,9,744
21,4,00:22:26,40390,12,9,13,2,clear,0.0,1,1.0,8,-0.5536585365853659,1.3659375,,,8,181.6,250.58,8,197.8,682.19,1,9,744
21,5,00:22:27,40421,12,9,5,2,smash,1.0,0,2.0,8,-0.7158536585365854,-1.002916666666667,,,8,162.2,723.29,8,176.5,277.84,1,9,744
21,6,00:22:27,40433,12,9,13,2,defensive shot,0.0,0,1.0,7,0.8365853658536585,0.5500520833333334,,,8,136.7,268.6,9,161.4,763.32,1,9,744
21,7,00:22:28,40460,12,9,5,2,push/rush,0.0,0,2.0,6,1.419512195121951,-1.091041666666667,,,8,218.2,634.06,8,148.8,300.83,1,9,744
21,8,00:22:29,40474,12,9,13,2,defensive shot,0.0,1,1.0,8,0.6634146341463415,0.8342187499999998,,,8,154.9,292.29,8,224.9,642.44,1,9,744
21,9,00:22:29,40496,12,9,5,3,smash,0.0,0,2.0,5,-1.0865853658536584,-1.0984375,opponent's ball landed,13.0,8,220.9,654.48,8,225.3,326.44,1,9,744
