rally,ball_round,time,frame_num,roundscore_A,roundscore_B,player,server,type,aroundhead,backhand,landing_height,landing_area,landing_x,landing_y,lose_reason,getpoint_player,player_location_area,player_location_x,player_location_y,opponent_location_area,opponent_location_x,opponent_location_y,set,match_id,rally_id
34,1,00:29:42,53484,21,13,13,1,short service,0.0,1,2.0,7,0.4548780487804879,0.4528125000000003,,,8,166.3,320.5,8,214.2,673.74,1,9,757
34,2,00:29:43,53501,21,13,5,2,push/rush,0.0,0,1.0,4,1.4329268292682926,-1.4297916666666666,,,8,202.3,615.26,8,164.2,317.73,1,9,757
34,3,00:29:44,53531,21,13,13,2,drive,0.0,1,2.0,5,1.3036585365853657,1.1527083333333337,,,6,261.9,254.23,8,204.0,663.39,1,9,757
34,4,00:29:44,53549,21,13,5,2,drive,0.0,0,1.0,8,-0.828048780487805,-1.0658854166666665,,,8,245.1,703.19,8,203.0,266.06,1,9,757
34,5,00:29:45,53566,21,13,13,2,defensive shot,0.0,0,2.0,5,1.2158536585365851,0.6836979166666666,,,8,122.8,292.05,8,228.6,709.83,1,9,757
34,6,00:29:46,53591,21,13,5,3,push/rush,0.0,0,2.0,10,-1.6853658536585363,-1.6584374999999998,out,13.0,8,233.2,647.98,8,136.4,280.5,1,9,757
