rally,ball_round,time,frame_num,roundscore_A,roundscore_B,player,server,type,aroundhead,backhand,landing_height,landing_area,landing_x,landing_y,lose_reason,getpoint_player,player_location_area,player_location_x,player_location_y,opponent_location_area,opponent_location_x,opponent_location_y,set,match_id,rally_id
4,1,00:11:30,20703,2,2,13,1,short service,0.0,1,2.0,7,-0.4134146341463415,0.5177083333333332,,,8,179.2,326.06,8,126.1,683.57,1,9,727
4,2,00:11:30,20727,2,2,5,2,push/rush,0.0,1,1.0,9,0.7402439024390243,-1.4855208333333334,,,8,152.7,618.95,8,169.2,352.46,1,9,727
4,3,00:11:32,20765,2,2,13,2,clear,1.0,0,1.0,9,0.8365853658536585,1.5249479166666664,,,8,209.9,225.37,8,189.2,675.87,1,9,727
4,4,00:11:33,20801,2,2,5,3,clear,0.0,0,2.0,10,0.6890243902439024,-1.8102083333333332,out,13.0,9,223.7,774.82,8,185.6,292.52,1,9,727
