rally,ball_round,time,frame_num,roundscore_A,roundscore_B,player,server,type,aroundhead,backhand,landing_height,landing_area,landing_x,landing_y,lose_reason,getpoint_player,player_location_area,player_location_x,player_location_y,opponent_location_area,opponent_location_x,opponent_location_y,set,match_id,rally_id
25,1,00:25:37,46128,15,10,13,1,short service,0.0,1,2.0,7,0.2451219512195121,0.4780208333333332,,,8,165.8,334.03,8,220.8,671.31,1,9,748
25,2,00:25:38,46142,15,10,5,2,net shot,0.0,0,2.0,7,-0.1463414634146341,-0.1975000000000001,,,8,197.7,616.66,8,171.2,344.67,1,9,748
25,3,00:25:38,46164,15,10,13,2,net shot,0.0,0,2.0,1,1.0097560975609758,0.4020312500000003,,,7,167.1,411.01,8,196.3,635.14,1,9,748
25,4,00:25:39,46187,15,10,5,2,push/rush,0.0,0,1.0,4,1.3731707317073174,-1.4120833333333334,,,7,224.5,592.99,7,186.7,385.17,1,9,748
25,5,00:25:40,46219,15,10,13,3,drive,0.0,1,2.0,3,1.4048780487804875,1.5185937500000002,opponent's ball landed,13.0,6,259.4,228.92,8,209.4,633.93,1,9,748
