rally,ball_round,time,frame_num,roundscore_A,roundscore_B,player,server,type,aroundhead,backhand,landing_height,landing_area,landing_x,landing_y,lose_reason,getpoint_player,player_location_area,player_location_x,player_location_y,opponent_location_area,opponent_location_x,opponent_location_y,set,match_id,rally_id
33,1,00:29:19,52789,20,13,13,1,short service,0.0,1,2.0,7,-0.2902439024390245,0.5269270833333332,,,8,184.6,328.81,8,130.4,673.76,1,9,756
33,2,00:29:20,52811,20,13,5,2,net shot,0.0,0,2.0,2,1.020731707317073,-0.1924999999999999,,,8,135.8,617.27,8,170.4,320.53,1,9,756
33,3,00:29:21,52840,20,13,13,2,push/rush,0.0,1,1.0,6,-1.0219512195121951,1.5069270833333337,,,7,225.6,416.18,8,174.5,637.61,1,9,756
33,4,00:29:22,52876,20,13,5,2,clear,1.0,0,1.0,4,1.2609756097560971,-1.5025520833333337,,,9,143.7,757.18,8,159.0,328.6,1,9,756
33,5,00:29:23,52912,20,13,13,2,drop,1.0,0,2.0,7,0.8609756097560974,0.6495833333333335,,,8,208.9,235.02,8,168.9,711.19,1,9,756
33,6,00:29:24,52931,20,13,5,2,net shot,0.0,0,2.0,7,-0.7000000000000001,-0.3182291666666668,,,8,237.0,666.45,8,234.8,215.71,1,9,756
33,7,00:29:25,52959,20,13,13,2,lob,0.0,0,1.0,4,-0.9402439024390244,1.5678645833333331,,,7,119.3,391.77,8,185.8,657.93,1,9,756
33,8,00:29:26,52999,20,13,5,3,drop,1.0,0,2.0,7,0.5573170731707315,0.1912500000000001,touched the net,13.0,9,131.8,767.64,8,148.0,320.35,1,9,756
