rally,ball_round,time,frame_num,roundscore_A,roundscore_B,player,server,type,aroundhead,backhand,landing_height,landing_area,landing_x,landing_y,lose_reason,getpoint_player,player_location_area,player_location_x,player_location_y,opponent_location_area,opponent_location_x,opponent_location_y,set,match_id,rally_id
12,1,00:38:10,68706,8,4,5,1,short service,0.0,1,2.0,7,0.4536585365853657,0.4704166666666669,,,8,170.4,328.69,8,221.9,675.1,2,9,769
12,2,00:38:10,68726,8,4,13,2,lob,0.0,0,1.0,9,-0.4182926829268294,-1.452135416666667,,,8,198.2,600.31,8,173.8,320.56,2,9,769
12,3,00:38:11,68756,8,4,5,2,smash,0.0,0,2.0,6,-0.897560975609756,1.0681250000000002,,,9,157.5,184.83,8,181.0,665.64,2,9,769
12,4,00:38:12,68768,8,4,13,2,defensive shot,0.0,1,2.0,1,-1.1536585365853658,-0.4439583333333334,,,8,190.6,678.38,9,146.0,184.76,2,9,769
12,5,00:38:13,68798,8,4,5,2,push/rush,0.0,0,1.0,5,1.0634146341463413,1.45328125,,,8,110.2,325.49,8,153.2,652.19,2,9,769
12,6,00:38:14,68825,8,4,13,2,smash,0.0,0,2.0,6,1.4646341463414636,-1.0590104166666665,,,8,203.1,732.55,8,155.1,303.71,2,9,769
12,7,00:38:14,68839,8,4,5,3,defensive shot,0.0,1,2.0,2,1.3231707317073171,0.0519791666666667,not pass over the net,13.0,8,169.5,289.51,3,256.1,771.58,2,9,769
