rally,ball_round,time,frame_num,roundscore_A,roundscore_B,player,server,type,aroundhead,backhand,landing_height,landing_area,landing_x,landing_y,lose_reason,getpoint_player,player_location_area,player_location_x,player_location_y,opponent_location_area,opponent_location_x,opponent_location_y,set,match_id,rally_id
8,1,00:13:33,24407,4,4,13,1,short service,0.0,1,2.0,7,0.270731707317073,0.4694270833333333,,,8,165.0,323.22,8,213.7,682.42,1,9,731
8,2,00:13:34,24427,4,4,5,2,lob,0.0,0,1.0,4,1.103658536585366,-1.4665104166666667,,,8,204.3,615.29,8,169.8,342.03,1,9,731
8,3,00:13:35,24469,4,4,13,2,smash,1.0,0,2.0,5,1.0500000000000005,1.047291666666667,,,8,203.3,222.08,8,196.6,690.66,1,9,731
8,4,00:13:36,24484,4,4,5,2,defensive shot,0.0,0,2.0,6,1.1097560975609757,-1.0442708333333333,,,8,224.4,693.47,8,228.8,250.9,1,9,731
8,5,00:13:36,24503,4,4,13,2,defensive shot,0.0,1,2.0,2,-1.304878048780488,0.5719270833333331,,,8,203.8,318.05,8,222.7,699.35,1,9,731
8,6,00:13:37,24529,4,4,5,2,lob,0.0,1,1.0,4,1.0597560975609754,-1.430677083333333,,,6,94.3,616.71,8,175.2,309.49,1,9,731
8,7,00:13:38,24569,4,4,13,3,smash,1.0,0,2.0,10,1.639024390243902,1.1736979166666668,out,13.0,8,212.6,208.94,8,183.6,691.66,1,9,731
