rally,ball_round,time,frame_num,roundscore_A,roundscore_B,player,server,type,aroundhead,backhand,landing_height,landing_area,landing_x,landing_y,lose_reason,getpoint_player,player_location_area,player_location_x,player_location_y,opponent_location_area,opponent_location_x,opponent_location_y,set,match_id,rally_id
4,1,00:43:14,77822,1,3,14,1,long service,0.0,0,1.0,9,0.8560975609756096,1.6033333333333335,,,8,158.9,337.39,8,215.3,725.08,3,15,1248
4,2,00:43:15,77862,1,3,2,2,drop,0.0,0,2.0,6,0.9768292682926828,-0.7276041666666666,,,9,215.9,800.26,8,184.3,321.41,3,15,1248
4,3,00:43:16,77884,1,3,14,2,push/rush,0.0,1,1.0,6,-0.9097560975609756,1.3633854166666666,,,8,218.1,351.02,8,198.1,723.4,3,15,1248
4,4,00:43:17,77914,1,3,2,2,clear,1.0,0,1.0,5,-1.1670731707317072,-1.29859375,,,8,143.6,721.79,8,172.1,307.66,3,15,1248
4,5,00:43:18,77949,1,3,14,2,smash,0.0,0,2.0,6,-0.9987804878048782,1.0675,,,5,101.9,226.87,8,169.6,686.44,3,15,1248
4,6,00:43:18,77965,1,3,2,3,defensive shot,0.0,1,2.0,6,-1.2060975609756095,0.7903645833333334,not pass over the net,2.0,8,177.8,681.0,5,90.8,238.63,3,15,1248
