rally,ball_round,time,frame_num,roundscore_A,roundscore_B,player,server,type,aroundhead,backhand,landing_height,landing_area,landing_x,landing_y,lose_reason,getpoint_player,player_location_area,player_location_x,player_location_y,opponent_location_area,opponent_location_x,opponent_location_y,set,match_id,rally_id
27,1,00:10:50,19529,10,17,2,1,long service,0.0,0,1.0,9,-0.6000000000000001,-1.52015625,,,8,192.8,640.04,8,118.5,253.51,1,15,1196
27,2,00:10:52,19588,10,17,14,2,drop,0.0,0,2.0,6,-0.975609756097561,0.8814062500000001,,,9,132.0,184.54,8,192.7,647.64,1,15,1196
27,3,00:10:53,19606,10,17,2,2,lob,0.0,1,1.0,5,-1.174390243902439,-1.29859375,,,8,181.5,653.3,8,143.5,233.18,1,15,1196
27,4,00:10:54,19638,10,17,14,2,drop,0.0,0,2.0,2,-1.1012195121951218,0.3163020833333334,,,8,105.3,205.81,8,173.2,660.78,1,15,1196
27,5,00:10:55,19667,10,17,2,2,lob,0.0,1,1.0,9,0.7378048780487805,-1.498125,,,8,106.9,604.92,8,138.0,250.76,1,15,1196
27,6,00:10:56,19705,10,17,14,3,clear,1.0,0,2.0,3,0.9634146341463414,1.75109375,misjudged,2.0,8,199.4,215.76,8,176.4,649.53,1,15,1196
