rally,ball_round,time,frame_num,roundscore_A,roundscore_B,player,server,type,aroundhead,backhand,landing_height,landing_area,landing_x,landing_y,lose_reason,getpoint_player,player_location_area,player_location_x,player_location_y,opponent_location_area,opponent_location_x,opponent_location_y,set,match_id,rally_id
1,1,00:17:36,31688,0,1,14,1,long service,0.0,0,1.0,9,-0.2353658536585367,-1.5513020833333335,,,8,194.8,620.73,8,133.7,212.14,2,15,1206
1,2,00:17:38,31748,0,1,2,2,clear,0.0,0,1.0,3,1.2170731707317075,1.6609895833333332,,,9,151.7,187.84,8,184.7,671.87,2,15,1206
1,3,00:17:39,31782,0,1,14,2,smash,0.0,0,2.0,6,1.0963414634146338,-1.0306770833333332,,,3,255.3,761.84,8,178.8,282.63,2,15,1206
1,4,00:17:39,31797,0,1,2,2,defensive shot,0.0,1,2.0,7,0.2853658536585367,0.3176041666666667,,,8,176.0,274.11,3,261.8,760.18,2,15,1206
1,5,00:17:40,31826,0,1,14,2,net shot,0.0,0,2.0,2,1.1475609756097565,-0.1699479166666666,,,7,183.3,576.62,8,184.5,296.68,2,15,1206
1,6,00:17:42,31860,0,1,2,2,lob,0.0,1,1.0,3,1.3731707317073174,1.5942187500000002,,,7,248.3,377.16,8,186.8,626.57,2,15,1206
1,7,00:17:43,31894,0,1,14,2,clear,0.0,0,1.0,6,1.340243902439024,-1.2731770833333331,,,5,256.0,740.27,8,205.6,313.38,2,15,1206
1,8,00:17:44,31923,0,1,2,2,clear,1.0,0,1.0,5,1.0463414634146342,1.4232291666666663,,,8,232.1,260.24,8,219.4,705.96,2,15,1206
1,9,00:17:45,31956,0,1,14,3,smash,0.0,0,2.0,6,1.4085365853658536,-1.3041666666666667,opponent's ball landed,2.0,8,246.8,730.14,8,174.8,221.55,2,15,1206
