rally,ball_round,time,frame_num,roundscore_A,roundscore_B,player,server,type,aroundhead,backhand,landing_height,landing_area,landing_x,landing_y,lose_reason,getpoint_player,player_location_area,player_location_x,player_location_y,opponent_location_area,opponent_location_x,opponent_location_y,set,match_id,rally_id
7,1,00:44:16,79691,2,5,14,1,long service,0.0,0,1.0,9,0.6304878048780487,1.6370312499999995,,,8,156.4,361.13,8,214.4,726.8,3,15,1251
7,2,00:44:17,79734,2,5,2,2,drop,0.0,0,2.0,5,-1.0646341463414637,-0.6082291666666665,,,9,222.1,790.84,8,181.1,285.46,3,15,1251
7,3,00:44:18,79757,2,5,14,2,net shot,0.0,0,2.0,2,-1.1926829268292682,0.2705729166666669,,,8,110.1,331.71,8,189.2,726.85,3,15,1251
7,4,00:44:19,79788,2,5,2,2,lob,0.0,1,1.0,4,1.0109756097560971,-1.3845833333333335,,,2,97.9,576.52,8,125.7,334.5,3,15,1251
7,5,00:44:20,79828,2,5,14,2,clear,1.0,0,1.0,5,1.2121951219512193,1.4839062499999998,,,8,202.8,224.79,8,177.8,666.35,3,15,1251
7,6,00:44:22,79868,2,5,2,3,drop,0.0,0,2.0,2,-0.9292682926829268,0.1429687499999999,touched the net,2.0,3,256.3,782.8,8,186.2,288.31,3,15,1251
