rally,ball_round,time,frame_num,roundscore_A,roundscore_B,player,server,type,aroundhead,backhand,landing_height,landing_area,landing_x,landing_y,lose_reason,getpoint_player,player_location_area,player_location_x,player_location_y,opponent_location_area,opponent_location_x,opponent_location_y,set,match_id,rally_id
21,1,00:28:52,51960,8,13,14,1,long service,0.0,0,1.0,9,-0.1390243902439025,-1.4533333333333331,,,8,195.1,600.97,8,138.1,256.57,2,15,1226
21,2,00:28:53,52017,8,13,2,2,clear,0.0,0,1.0,9,-0.7792682926829269,1.5888020833333332,,,9,167.7,191.08,8,180.6,664.49,2,15,1226
21,3,00:28:55,52054,8,13,14,2,smash,0.0,0,2.0,6,1.1963414634146343,-1.0006770833333334,,,8,130.3,706.12,8,159.4,265.4,2,15,1226
21,4,00:28:55,52072,8,13,2,2,defensive shot,0.0,1,2.0,1,1.0585365853658537,0.3857291666666664,,,8,227.2,297.0,8,122.3,747.33,2,15,1226
21,5,00:28:56,52101,8,13,14,2,lob,0.0,0,1.0,4,1.0121951219512195,-1.48078125,,,7,243.4,570.5,8,203.9,313.37,2,15,1226
21,6,00:28:57,52135,8,13,2,2,smash,0.0,0,2.0,6,-1.1426829268292684,0.8714062499999997,,,9,238.9,185.6,8,209.5,641.94,2,15,1226
21,7,00:28:58,52154,8,13,14,2,defensive shot,0.0,1,2.0,1,-1.1097560975609757,-0.1240104166666666,,,8,189.0,645.75,9,236.3,194.83,2,15,1226
21,8,00:28:59,52183,8,13,2,3,push/rush,0.0,0,2.0,10,1.0634146341463413,1.806979166666667,out,2.0,7,106.8,394.17,8,134.4,636.22,2,15,1226
