rally,ball_round,time,frame_num,roundscore_A,roundscore_B,player,server,type,aroundhead,backhand,landing_height,landing_area,landing_x,landing_y,lose_reason,getpoint_player,player_location_area,player_location_x,player_location_y,opponent_location_area,opponent_location_x,opponent_location_y,set,match_id,rally_id
18,1,00:50:39,91198,7,11,14,1,long service,0.0,0,1.0,9,0.7999999999999999,-1.4494270833333331,,,8,162.8,622.68,8,230.8,265.98,3,15,1262
18,2,00:50:42,91260,7,11,2,2,clear,0.0,0,1.0,3,1.0500000000000005,1.6777083333333334,,,9,231.7,188.62,8,188.3,680.99,3,15,1262
18,3,00:50:43,91296,7,11,14,2,drop,0.0,0,2.0,6,0.9646341463414634,-0.7417187500000001,,,9,242.4,790.77,8,182.2,288.28,3,15,1262
18,4,00:50:43,91314,7,11,2,2,net shot,0.0,1,2.0,7,0.3597560975609756,0.5710416666666666,,,8,217.9,337.77,8,210.4,748.76,3,15,1262
18,5,00:50:44,91338,7,11,14,2,net shot,0.0,0,2.0,7,0.0829268292682928,-0.2224479166666665,,,8,179.7,630.44,8,187.0,350.83,3,15,1262
18,6,00:50:45,91368,7,11,2,2,net shot,0.0,1,2.0,7,0.1463414634146341,0.2490104166666663,,,7,163.8,416.86,8,176.5,616.81,3,15,1262
18,7,00:50:46,91393,7,11,14,3,net shot,0.0,0,2.0,7,0.623170731707317,0.1566666666666666,touched the net,2.0,7,179.9,566.26,7,161.1,411.92,3,15,1262
