rally,ball_round,time,frame_num,roundscore_A,roundscore_B,player,server,type,aroundhead,backhand,landing_height,landing_area,landing_x,landing_y,lose_reason,getpoint_player,player_location_area,player_location_x,player_location_y,opponent_location_area,opponent_location_x,opponent_location_y,set,match_id,rally_id
7,1,00:13:00,23423,4,3,13,1,short service,0.0,1,2.0,7,-0.2524390243902437,0.5271354166666669,,,8,180.6,326.07,8,135.5,657.21,1,9,730
7,2,00:13:01,23435,4,3,5,2,lob,0.0,0,1.0,3,-1.1670731707317072,-1.4899479166666667,,,8,147.2,617.43,8,173.8,326.01,1,9,730
7,3,00:13:02,23476,4,3,13,2,clear,0.0,0,1.0,4,-1.1317073170731706,1.5466145833333336,,,5,97.0,227.89,8,167.8,649.74,1,9,730
7,4,00:13:03,23513,4,3,5,2,clear,1.0,0,1.0,3,-1.4439024390243904,-1.43671875,,,8,118.5,751.82,8,142.2,286.4,1,9,730
7,5,00:13:05,23552,4,3,13,2,drop,0.0,0,2.0,1,1.15,0.5517708333333337,,,5,70.2,224.49,8,144.6,713.06,1,9,730
7,6,00:13:06,23581,4,3,5,2,lob,0.0,0,1.0,9,0.7365853658536586,-1.449375,,,8,230.4,603.76,8,137.2,262.56,1,9,730
7,7,00:13:07,23620,4,3,13,3,clear,1.0,0,2.0,6,-1.4134146341463416,1.5042187499999995,opponent's ball landed,13.0,8,219.9,215.62,8,195.9,667.13,1,9,730
