rally,ball_round,time,frame_num,roundscore_A,roundscore_B,player,server,type,aroundhead,backhand,landing_height,landing_area,landing_x,landing_y,lose_reason,getpoint_player,player_location_area,player_location_x,player_location_y,opponent_location_area,opponent_location_x,opponent_location_y,set,match_id,rally_id
27,1,00:26:27,47634,16,11,5,1,short service,0.0,1,2.0,7,0.8292682926829268,-0.5135937500000001,,,8,166.8,642.98,8,216.1,281.08,1,9,750
27,2,00:26:28,47645,16,11,13,2,net shot,0.0,1,2.0,2,-1.2451219512195122,0.4260937499999997,,,7,209.7,368.1,8,187.2,660.56,1,9,750
27,3,00:26:29,47672,16,11,5,2,push/rush,0.0,1,1.0,3,-1.4304878048780487,-1.418958333333333,,,6,100.5,603.53,8,172.5,336.75,1,9,750
27,4,00:26:30,47704,16,11,13,2,drive,0.0,0,2.0,6,-1.3743902439024391,1.1544270833333332,,,5,73.3,218.01,8,140.0,643.96,1,9,750
27,5,00:26:30,47720,16,11,5,3,defensive shot,0.0,1,2.0,10,-1.6378048780487806,-0.7969270833333333,out,13.0,8,155.5,666.54,8,109.1,259.32,1,9,750
