rally,ball_round,time,frame_num,roundscore_A,roundscore_B,player,server,type,aroundhead,backhand,landing_height,landing_area,landing_x,landing_y,lose_reason,getpoint_player,player_location_area,player_location_x,player_location_y,opponent_location_area,opponent_location_x,opponent_location_y,set,match_id,rally_id
28,1,00:48:35,87463,19,9,13,1,short service,0.0,1,2.0,7,-0.2792682926829269,-0.1635937500000001,,,8,185.1,633.6,8,136.0,289.26,2,9,785
28,2,00:48:36,87486,19,9,5,2,push/rush,0.0,1,1.0,5,1.1439024390243904,1.426875,,,7,127.7,367.36,8,173.5,648.48,2,9,785
28,3,00:48:37,87516,19,9,13,2,drive,0.0,0,1.0,6,1.1329268292682924,-0.9817708333333334,,,8,226.3,745.45,8,177.9,331.45,2,9,785
28,4,00:48:37,87533,19,9,5,2,defensive shot,0.0,1,1.0,3,1.3329268292682928,1.5739062500000005,,,8,189.6,312.39,8,224.4,706.34,2,9,785
28,5,00:48:38,87565,19,9,13,2,clear,0.0,0,1.0,4,1.267073170731707,-1.4842708333333334,,,3,253.6,758.97,8,205.5,306.92,2,9,785
28,6,00:48:40,87602,19,9,5,2,smash,1.0,0,2.0,5,1.225609756097561,0.9736458333333337,,,9,239.3,202.39,8,210.9,693.27,2,9,785
28,7,00:48:40,87617,19,9,13,2,defensive shot,0.0,0,2.0,1,-1.0439024390243905,-0.4818749999999999,,,8,221.4,691.03,8,242.7,209.12,2,9,785
28,8,00:48:41,87647,19,9,5,3,net shot,0.0,0,2.0,10,-1.568292682926829,-0.0577604166666665,not pass over the net,13.0,8,131.7,354.71,8,190.1,651.39,2,9,785
