rally,ball_round,time,frame_num,roundscore_A,roundscore_B,player,server,type,aroundhead,backhand,landing_height,landing_area,landing_x,landing_y,lose_reason,getpoint_player,player_location_area,player_location_x,player_location_y,opponent_location_area,opponent_location_x,opponent_location_y,set,match_id,rally_id
8,1,00:36:06,64987,6,2,5,1,short service,0.0,1,2.0,7,0.4780487804878047,0.4880208333333335,,,8,170.4,320.53,8,221.4,683.76,2,9,765
8,2,00:36:06,65002,6,2,13,2,lob,0.0,0,1.0,3,-0.951219512195122,-1.4177604166666669,,,8,204.2,601.9,8,173.2,334.09,2,9,765
8,3,00:36:07,65034,6,2,5,2,drop,0.0,0,2.0,1,1.3926829268292682,0.5783854166666664,,,8,110.1,211.65,8,180.9,680.71,2,9,765
8,4,00:36:08,65062,6,2,13,2,net shot,0.0,0,2.0,1,-1.195121951219512,-0.2842187499999999,,,5,260.0,611.63,8,176.5,271.89,2,9,765
8,5,00:36:09,65094,6,2,5,2,net shot,0.0,0,2.0,2,-1.252439024390244,0.2313020833333334,,,7,105.7,386.84,8,186.9,644.62,2,9,765
8,6,00:36:10,65123,6,2,13,3,lob,0.0,1,2.0,4,1.202439024390244,-1.5954687500000002,misjudged,13.0,2,99.9,569.15,8,146.7,347.07,2,9,765
