rally,ball_round,time,frame_num,roundscore_A,roundscore_B,player,server,type,aroundhead,backhand,landing_height,landing_area,landing_x,landing_y,lose_reason,getpoint_player,player_location_area,player_location_x,player_location_y,opponent_location_area,opponent_location_x,opponent_location_y,set,match_id,rally_id
21,1,00:19:35,35278,11,10,4,1,short service,0.0,1,2.0,5,-1.2707317073170732,-0.6170833333333334,,,8,185.0,647.13,8,134.3,288.01,1,58,4865
21,2,00:19:37,35332,11,10,34,2,net shot,0.0,0,2.0,2,-1.0963414634146342,0.3246875000000002,,,8,132.7,331.42,7,123.9,568.36,1,58,4865
21,3,00:19:37,35332,11,10,4,2,net shot,0.0,1,2.0,1,-1.198780487804878,-0.2496354166666667,,,7,124.9,585.58,8,139.4,333.68,1,58,4865
21,4,00:19:38,35360,11,10,34,2,net shot,0.0,0,1.0,2,-1.0621951219512191,0.1882812499999998,,,1,102.2,377.55,7,136.2,590.58,1,58,4865
21,5,00:19:39,35383,11,10,4,3,push/rush,0.0,1,2.0,8,0.1939024390243903,-0.9364583333333334,opponent's ball landed,4.0,7,135.1,517.77,8,137.8,345.34,1,58,4865
