rally,ball_round,time,frame_num,roundscore_A,roundscore_B,player,server,type,aroundhead,backhand,landing_height,landing_area,landing_x,landing_y,lose_reason,getpoint_player,player_location_area,player_location_x,player_location_y,opponent_location_area,opponent_location_x,opponent_location_y,set,match_id,rally_id
15,1,00:14:10,25514,8,7,34,1,short service,0.0,1,2.0,8,-0.2292682926829269,0.7127083333333335,,,8,185.7,314.07,8,132.6,607.33,1,58,4859
15,2,00:14:11,25536,8,7,4,2,push/rush,0.0,0,1.0,3,-1.0902439024390245,-1.5907291666666663,,,8,133.7,608.97,8,187.6,306.82,1,58,4859
15,3,00:14:12,25569,8,7,34,2,drive,0.0,0,1.0,6,-1.1792682926829268,0.925625,,,8,131.6,218.67,8,153.5,634.73,1,58,4859
15,4,00:14:12,25582,8,7,4,2,defensive shot,0.0,1,2.0,8,-0.7390243902439023,-0.5722916666666666,,,8,143.7,662.85,8,130.9,216.01,1,58,4859
15,5,00:14:13,25609,8,7,34,2,net shot,0.0,0,2.0,2,-0.9926829268292684,0.3812500000000002,,,8,137.0,300.24,8,143.7,665.89,1,58,4859
15,6,00:14:14,25634,8,7,4,2,push/rush,0.0,1,1.0,3,-1.0731707317073171,-1.5908854166666666,,,7,120.5,590.71,8,148.9,328.85,1,58,4859
15,7,00:14:15,25672,8,7,34,2,drop,0.0,0,1.0,7,0.7341463414634145,0.1907291666666667,,,9,126.3,183.36,7,135.7,590.59,1,58,4859
15,8,00:14:16,25693,8,7,4,3,push/rush,0.0,0,2.0,4,1.34390243902439,-1.44765625,opponent's ball landed,4.0,7,154.3,562.86,9,163.5,188.28,1,58,4859
