rally,ball_round,time,frame_num,roundscore_A,roundscore_B,player,server,type,aroundhead,backhand,landing_height,landing_area,landing_x,landing_y,lose_reason,getpoint_player,player_location_area,player_location_x,player_location_y,opponent_location_area,opponent_location_x,opponent_location_y,set,match_id,rally_id
22,1,00:20:52,37580,12,10,4,1,short service,0.0,1,2.0,2,1.0707317073170732,-0.5113020833333334,,,8,169.8,636.21,8,232.3,301.34,1,58,4866
22,2,00:20:53,37603,12,10,34,2,net shot,0.0,1,2.0,2,-0.9439024390243904,0.4742187499999997,,,8,216.7,355.81,8,173.2,640.93,1,58,4866
22,3,00:20:54,37625,12,10,4,2,net shot,0.0,1,2.0,1,-1.0743902439024389,-0.2502604166666667,,,8,152.6,597.19,8,191.6,325.91,1,58,4866
22,4,00:20:55,37654,12,10,34,2,lob,0.0,0,1.0,4,-1.0,1.7496354166666663,,,7,126.4,386.11,7,140.6,576.89,1,58,4866
22,5,00:20:56,37704,12,10,4,2,clear,1.0,0,1.0,3,-1.147560975609756,-1.5315104166666669,,,4,99.2,782.89,8,167.5,319.11,1,58,4866
22,6,00:20:57,37733,12,10,34,2,drop,0.0,0,2.0,1,0.9829268292682928,0.6298958333333337,,,8,116.1,234.8,8,140.6,700.01,1,58,4866
22,7,00:20:58,37759,12,10,4,2,defensive shot,0.0,0,2.0,8,0.0634146341463413,-0.7340625,,,8,219.1,637.45,8,161.8,249.72,1,58,4866
22,8,00:20:59,37782,12,10,34,3,push/rush,0.0,0,2.0,10,0.671951219512195,1.8045833333333332,out,4.0,8,199.3,299.37,8,206.4,595.09,1,58,4866
