rally,ball_round,time,frame_num,roundscore_A,roundscore_B,player,server,type,aroundhead,backhand,landing_height,landing_area,landing_x,landing_y,lose_reason,getpoint_player,player_location_area,player_location_x,player_location_y,opponent_location_area,opponent_location_x,opponent_location_y,set,match_id,rally_id
38,1,00:54:16,97680,18,20,34,1,short service,0.0,1,2.0,8,-0.298780487804878,-0.5273958333333333,,,8,183.8,621.68,8,136.7,287.97,2,58,4917
38,2,00:54:16,97707,18,20,4,2,push/rush,0.0,0,1.0,8,0.7719512195121953,1.4721874999999998,,,8,153.1,328.79,8,166.9,662.7,2,58,4917
38,3,00:54:17,97737,18,20,34,2,smash,0.0,0,2.0,5,-1.0,-1.16671875,,,8,186.2,741.8,8,194.4,299.43,2,58,4917
38,4,00:54:18,97752,18,20,4,2,defensive shot,0.0,0,2.0,2,-1.130487804878049,0.5478645833333337,,,8,189.9,267.19,9,224.0,764.31,2,58,4917
38,5,00:54:19,97783,18,20,34,2,push/rush,0.0,1,1.0,8,-0.7707317073170732,-1.29171875,,,8,114.3,628.62,8,140.0,260.31,2,58,4917
38,6,00:54:20,97808,18,20,4,3,smash,0.0,0,2.0,6,-1.3060975609756096,1.2530729166666668,opponent's ball landed,4.0,8,140.5,213.17,8,126.8,630.14,2,58,4917
