rally,ball_round,time,frame_num,roundscore_A,roundscore_B,player,server,type,aroundhead,backhand,landing_height,landing_area,landing_x,landing_y,lose_reason,getpoint_player,player_location_area,player_location_x,player_location_y,opponent_location_area,opponent_location_x,opponent_location_y,set,match_id,rally_id
47,1,00:35:10,63320,23,24,27,1,long service,0.0,0,1.0,9,0.898780487804878,-1.5036458333333331,,,8,168.5,662.15,8,226.6,258.19,1,41,3395
47,2,00:35:13,63394,23,24,29,2,drop,0.0,0,2.0,6,-0.9914634146341464,0.7273437499999998,,,9,240.5,172.03,8,192.8,677.1,1,41,3395
47,3,00:35:13,63416,23,24,27,2,push/rush,0.0,1,1.0,5,-1.3926829268292684,-1.3103645833333333,,,8,112.6,638.88,9,204.4,189.29,1,41,3395
47,4,00:35:14,63443,23,24,29,2,defensive shot,0.0,0,2.0,2,-1.248780487804878,0.4194791666666664,,,5,99.6,229.46,8,138.9,653.32,1,41,3395
47,5,00:35:15,63470,23,24,27,2,lob,0.0,1,1.0,6,1.2475609756097563,-1.3590625,,,2,91.2,577.95,8,139.9,257.65,1,41,3395
47,6,00:35:16,63505,23,24,29,2,clear,1.0,0,1.0,5,1.4012195121951216,1.3802083333333333,,,9,184.1,202.53,8,166.3,647.77,1,41,3395
47,7,00:35:17,63536,23,24,27,2,smash,0.0,0,2.0,8,-0.5085365853658536,-0.8455729166666668,,,9,251.4,760.26,8,210.7,255.75,1,41,3395
47,8,00:35:18,63553,23,24,29,3,defensive shot,0.0,0,2.0,1,1.1585365853658536,0.2976041666666666,opponent's ball landed,27.0,8,148.1,301.63,3,284.5,792.64,1,41,3395
