rally,ball_round,time,frame_num,roundscore_A,roundscore_B,player,server,type,aroundhead,backhand,landing_height,landing_area,landing_x,landing_y,lose_reason,getpoint_player,player_location_area,player_location_x,player_location_y,opponent_location_area,opponent_location_x,opponent_location_y,set,match_id,rally_id
9,1,00:43:38,78551,6,3,29,1,long service,0.0,0,1.0,4,1.0597560975609754,-1.5568749999999998,,,8,167.7,673.57,8,229.5,249.46,2,41,3407
9,2,00:43:40,78617,6,3,27,2,smash,0.0,0,2.0,8,-0.675609756097561,1.0583854166666669,,,9,227.7,191.78,8,212.8,651.31,2,41,3407
9,3,00:43:41,78633,6,3,29,2,defensive shot,0.0,1,2.0,7,-0.4121951219512196,-0.3634374999999998,,,8,210.6,678.19,8,229.8,216.68,2,41,3407
9,4,00:43:42,78664,6,3,27,2,lob,0.0,0,1.0,4,-0.9634146341463414,1.5820833333333333,,,7,141.6,371.9,8,173.4,676.02,2,41,3407
9,5,00:43:43,78696,6,3,29,2,smash,0.0,0,2.0,5,-1.1207317073170733,-1.0675520833333334,,,8,136.8,736.08,8,154.6,306.77,2,41,3407
9,6,00:43:43,78713,6,3,27,2,defensive shot,0.0,0,1.0,6,-1.2280487804878049,1.0864062500000002,,,8,133.4,266.36,9,110.3,763.86,2,41,3407
9,7,00:43:44,78731,6,3,29,2,defensive shot,0.0,1,2.0,7,-0.6536585365853658,-0.4444270833333332,,,8,143.9,703.84,8,110.1,264.15,2,41,3407
9,8,00:43:45,78757,6,3,27,2,lob,0.0,0,1.0,4,-0.9390243902439024,1.520625,,,7,133.4,376.76,8,144.2,675.01,2,41,3407
9,9,00:43:46,78794,6,3,29,3,drop,0.0,0,2.0,7,0.7012195121951219,0.1206770833333334,touched the net,27.0,8,114.6,739.38,8,155.8,306.74,2,41,3407
