rally,ball_round,time,frame_num,roundscore_A,roundscore_B,player,server,type,aroundhead,backhand,landing_height,landing_area,landing_x,landing_y,lose_reason,getpoint_player,player_location_area,player_location_x,player_location_y,opponent_location_area,opponent_location_x,opponent_location_y,set,match_id,rally_id
40,1,00:29:06,52383,20,20,29,1,short service,0.0,0,2.0,7,0.8682926829268292,0.5511979166666668,,,8,159.8,290.58,8,226.9,695.03,1,41,3388
40,2,00:29:07,52415,20,20,27,2,lob,0.0,0,1.0,9,0.9109756097560974,-1.4202604166666666,,,7,227.4,593.18,8,162.9,298.59,1,41,3388
40,3,00:29:08,52445,20,20,29,2,drop,1.0,0,2.0,8,-0.8365853658536585,0.6958333333333334,,,8,208.1,217.3,8,197.9,658.0,1,41,3388
40,4,00:29:08,52468,20,20,27,2,push/rush,0.0,1,1.0,3,-1.1341463414634143,-1.378125,,,8,124.5,641.47,8,213.0,223.24,1,41,3388
40,5,00:29:09,52496,20,20,29,2,drop,0.0,0,2.0,2,-1.2719512195121951,0.3221354166666668,,,9,116.0,201.4,8,153.7,664.84,1,41,3388
40,6,00:29:10,52529,20,20,27,2,net shot,0.0,1,2.0,1,-1.2841463414634149,-0.1422916666666666,,,2,89.5,563.7,8,138.2,240.27,1,41,3388
40,7,00:29:11,52556,20,20,29,3,lob,0.0,0,2.0,10,-1.795121951219512,-0.19265625,touched the net,27.0,1,98.7,404.79,8,131.3,613.49,1,41,3388
