rally,ball_round,time,frame_num,roundscore_A,roundscore_B,player,server,type,aroundhead,backhand,landing_height,landing_area,landing_x,landing_y,lose_reason,getpoint_player,player_location_area,player_location_x,player_location_y,opponent_location_area,opponent_location_x,opponent_location_y,set,match_id,rally_id
6,1,00:42:16,76088,4,2,27,1,long service,0.0,0,1.0,3,0.971951219512195,1.7107291666666669,,,8,153.8,290.73,8,223.3,689.08,2,41,3404
6,2,00:42:18,76159,4,2,29,2,clear,0.0,0,1.0,3,-0.921951219512195,-1.4969270833333332,,,9,242.1,806.18,8,177.8,287.4,2,41,3404
6,3,00:42:19,76195,4,2,27,2,clear,0.0,0,1.0,4,-0.8902439024390244,1.601979166666667,,,8,108.4,204.75,8,174.0,707.09,2,41,3404
6,4,00:42:21,76236,4,2,29,2,drop,0.0,0,2.0,8,0.824390243902439,-0.8183854166666666,,,9,116.2,764.82,8,159.5,254.25,2,41,3404
6,5,00:42:21,76259,4,2,27,2,push/rush,0.0,1,1.0,8,-0.425609756097561,1.3451562499999998,,,8,222.2,302.44,8,127.7,753.79,2,41,3404
6,6,00:42:22,76280,4,2,29,3,drop,0.0,0,2.0,2,1.3317073170731706,-0.5239062499999999,opponent's ball landed,27.0,8,162.5,724.03,8,171.8,301.04,2,41,3404
