rally,ball_round,time,frame_num,roundscore_A,roundscore_B,player,server,type,aroundhead,backhand,landing_height,landing_area,landing_x,landing_y,lose_reason,getpoint_player,player_location_area,player_location_x,player_location_y,opponent_location_area,opponent_location_x,opponent_location_y,set,match_id,rally_id
25,1,00:56:07,101012,16,9,27,1,long service,0.0,0,1.0,9,0.8902439024390244,1.6533333333333335,,,8,154.5,298.8,8,224.9,695.05,2,41,3423
25,2,00:56:09,101082,16,9,29,2,clear,0.0,0,1.0,4,1.1219512195121952,-1.5405208333333331,,,9,237.7,799.11,8,173.0,282.05,2,41,3423
25,3,00:56:10,101113,16,9,27,2,clear,0.0,0,2.0,3,1.4182926829268294,1.6031249999999997,,,8,211.2,220.26,8,196.9,699.97,2,41,3423
25,4,00:56:11,101148,16,9,29,2,drop,0.0,0,1.0,7,-0.6499999999999999,-0.4085416666666666,,,9,249.1,777.83,8,194.7,253.3,2,41,3423
25,5,00:56:12,101178,16,9,27,2,net shot,0.0,0,2.0,2,-1.2939024390243905,0.3759374999999997,,,7,135.6,392.82,8,205.0,703.41,2,41,3423
25,6,00:56:13,101208,16,9,29,2,net shot,0.0,1,2.0,1,-1.0975609756097562,-0.2995833333333332,,,7,109.8,579.28,8,155.0,332.57,2,41,3423
25,7,00:56:14,101244,16,9,27,2,lob,0.0,0,1.0,9,-0.7853658536585366,1.6509375000000002,,,1,100.9,389.0,8,154.6,623.22,2,41,3423
25,8,00:56:16,101284,16,9,29,2,smash,0.0,0,2.0,6,1.110975609756098,-0.8488541666666668,,,9,124.3,767.73,8,151.3,317.31,2,41,3423
25,9,00:56:16,101305,16,9,27,3,defensive shot,0.0,1,2.0,10,1.8085365853658537,1.5772395833333337,out,27.0,8,234.7,302.13,9,128.3,763.79,2,41,3423
