rally,ball_round,time,frame_num,roundscore_A,roundscore_B,player,server,type,aroundhead,backhand,landing_height,landing_area,landing_x,landing_y,lose_reason,getpoint_player,player_location_area,player_location_x,player_location_y,opponent_location_area,opponent_location_x,opponent_location_y,set,match_id,rally_id
36,1,00:27:20,49218,20,16,16,1,long service,0.0,0,1.0,9,0.9353658536585364,1.560260416666667,,,8,161.6,300.67,8,234.6,679.42,1,57,4805
36,2,00:27:22,49276,20,16,7,2,drop,0.0,0,2.0,2,0.9878048780487804,-0.4138020833333333,,,9,241.2,780.47,8,163.2,284.84,1,57,4805
36,3,00:27:23,49302,20,16,16,2,lob,0.0,1,1.0,3,1.44390243902439,1.535885416666667,,,8,228.9,346.11,8,211.2,670.74,1,57,4805
36,4,00:27:24,49335,20,16,7,2,smash,0.0,0,1.0,4,1.1987804878048782,-1.58515625,,,5,271.3,741.23,8,200.1,289.8,1,57,4805
36,5,00:27:25,49366,20,16,16,2,clear,0.0,0,1.0,6,-1.0963414634146342,1.4034895833333334,,,8,243.9,221.04,8,215.5,682.91,1,57,4805
36,6,00:27:26,49402,20,16,7,2,clear,0.0,0,1.0,3,-0.9121951219512194,-1.4976041666666664,,,8,137.4,713.51,8,187.6,241.21,1,57,4805
36,7,00:27:28,49461,20,16,16,2,clear,0.0,0,1.0,5,1.076829268292683,1.403072916666667,,,3,100.2,161.71,8,174.3,674.3,1,57,4805
36,8,00:27:29,49496,20,16,7,2,drop,0.0,0,2.0,1,-0.8829268292682928,-0.3955208333333333,,,5,257.0,755.59,8,163.5,244.22,1,57,4805
36,9,00:27:30,49519,20,16,16,3,net shot,0.0,0,2.0,1,-1.2573170731707315,0.0679166666666667,not pass over the net,16.0,8,130.3,344.42,8,212.8,720.07,1,57,4805
