rally,ball_round,time,frame_num,roundscore_A,roundscore_B,player,server,type,aroundhead,backhand,landing_height,landing_area,landing_x,landing_y,lose_reason,getpoint_player,player_location_area,player_location_x,player_location_y,opponent_location_area,opponent_location_x,opponent_location_y,set,match_id,rally_id
27,1,00:22:48,41064,16,11,7,1,short service,0.0,1,2.0,7,0.1073170731707318,-0.2634895833333332,,,8,168.7,635.04,8,222.1,286.94,1,57,4796
27,2,00:22:49,41086,16,11,16,2,net shot,0.0,1,2.0,2,-1.0829268292682928,0.1348958333333332,,,8,183.6,358.9,8,178.5,636.84,1,57,4796
27,3,00:22:50,41115,16,11,7,2,net shot,0.0,1,1.0,1,-1.2548780487804878,-0.0581250000000001,,,2,99.1,524.43,8,146.6,346.79,1,57,4796
27,4,00:22:51,41133,16,11,16,3,push/rush,0.0,0,2.0,8,0.5817073170731706,1.3608333333333331,opponent's ball landed,16.0,7,125.6,398.03,7,112.8,548.88,1,57,4796
