rally,ball_round,time,frame_num,roundscore_A,roundscore_B,player,server,type,aroundhead,backhand,landing_height,landing_area,landing_x,landing_y,lose_reason,getpoint_player,player_location_area,player_location_x,player_location_y,opponent_location_area,opponent_location_x,opponent_location_y,set,match_id,rally_id
12,1,00:40:24,72728,6,6,10,1,short service,0.0,1,2.0,7,0.5463414634146343,0.4883333333333333,,,8,161.5,346.34,8,213.9,676.6,2,16,1331
12,2,00:40:24,72748,6,6,4,2,push/rush,0.0,0,2.0,8,0.2036585365853657,-1.0295833333333333,,,8,188.4,601.73,8,150.3,335.06,2,16,1331
12,3,00:40:25,72758,6,6,10,2,defensive shot,0.0,1,1.0,8,-0.6207317073170733,1.3546354166666668,,,8,136.5,285.17,8,187.3,604.75,2,16,1331
12,4,00:40:26,72793,6,6,4,2,smash,1.0,0,2.0,5,-1.2439024390243902,-1.1395833333333334,,,8,137.9,729.47,8,130.8,299.92,2,16,1331
12,5,00:40:26,72807,6,6,10,2,defensive shot,0.0,0,2.0,2,-1.053658536585366,0.5513020833333334,,,8,132.2,254.98,9,127.1,768.41,2,16,1331
12,6,00:40:27,72836,6,6,4,2,push/rush,0.0,1,2.0,4,1.076829268292683,-1.5413541666666666,,,6,103.9,624.38,5,58.3,256.19,2,16,1331
12,7,00:40:28,72869,6,6,10,3,defensive shot,0.0,1,2.0,10,1.6817073170731704,0.5105208333333332,out,10.0,9,211.1,203.0,8,177.1,664.68,2,16,1331
