rally,ball_round,time,frame_num,roundscore_A,roundscore_B,player,server,type,aroundhead,backhand,landing_height,landing_area,landing_x,landing_y,lose_reason,getpoint_player,player_location_area,player_location_x,player_location_y,opponent_location_area,opponent_location_x,opponent_location_y,set,match_id,rally_id
4,1,00:09:07,16424,2,2,10,1,short service,0.0,1,2.0,8,0.3560975609756096,-0.5495833333333332,,,8,162.0,655.2,8,214.6,310.71,1,16,1287
4,2,00:09:08,16445,2,2,4,2,net shot,0.0,1,2.0,2,-0.9829268292682928,0.3634895833333331,,,8,187.4,357.25,8,188.0,641.18,1,16,1287
4,3,00:09:08,16467,2,2,10,2,push/rush,0.0,1,2.0,3,-1.0829268292682928,-1.4501041666666663,,,7,126.4,592.92,8,168.0,353.02,1,16,1287
4,4,00:09:09,16497,2,2,4,2,drive,0.0,0,2.0,6,-1.3134146341463415,1.0732291666666665,,,8,107.2,221.19,8,159.1,668.78,1,16,1287
4,5,00:09:10,16511,2,2,10,2,defensive shot,0.0,1,2.0,5,-0.9780487804878047,-0.7926041666666667,,,8,167.2,679.37,8,124.3,244.75,1,16,1287
4,6,00:09:11,16537,2,2,4,2,net shot,0.0,0,2.0,2,-1.225609756097561,0.3817708333333331,,,8,112.9,335.58,8,150.0,663.42,1,16,1287
4,7,00:09:12,16568,2,2,10,3,lob,0.0,1,2.0,4,1.5341463414634149,-1.5903125000000002,misjudged,10.0,6,91.8,600.73,8,138.4,332.92,1,16,1287
