rally,ball_round,time,frame_num,roundscore_A,roundscore_B,player,server,type,aroundhead,backhand,landing_height,landing_area,landing_x,landing_y,lose_reason,getpoint_player,player_location_area,player_location_x,player_location_y,opponent_location_area,opponent_location_x,opponent_location_y,set,match_id,rally_id
9,1,00:12:07,21813,7,2,10,1,short service,0.0,1,2.0,1,-1.2280487804878049,-0.5064583333333333,,,8,184.9,642.6,8,131.1,309.54,1,16,1292
9,2,00:12:08,21840,7,2,4,2,push/rush,0.0,0,1.0,6,-1.1768292682926829,1.1209895833333334,,,7,113.6,380.13,8,189.6,670.02,1,16,1292
9,3,00:12:08,21862,7,2,10,2,drop,0.0,1,2.0,5,-1.0975609756097562,-0.5646875000000001,,,6,97.4,678.25,8,133.5,321.34,1,16,1292
9,4,00:12:09,21886,7,2,4,2,net shot,0.0,0,2.0,2,-1.1621951219512194,0.3198437499999998,,,5,94.3,351.75,8,130.2,670.21,1,16,1292
9,5,00:12:10,21912,7,2,10,2,push/rush,0.0,1,2.0,5,-1.0329268292682927,-1.2092708333333333,,,2,95.7,588.47,8,136.0,339.85,1,16,1292
9,6,00:12:11,21933,7,2,4,2,drop,0.0,0,2.0,2,-1.1378048780487804,0.4846354166666664,,,5,102.9,250.3,8,133.1,641.4,1,16,1292
9,7,00:12:11,21958,7,2,10,2,net shot,0.0,1,2.0,7,-0.2036585365853657,-0.3336979166666666,,,8,112.3,599.1,8,142.7,292.45,1,16,1292
9,8,00:12:12,21980,7,2,4,3,net shot,0.0,0,2.0,7,0.2134146341463414,-0.0438541666666667,touched the net,10.0,7,144.8,411.38,8,159.5,621.21,1,16,1292
