rally,ball_round,time,frame_num,roundscore_A,roundscore_B,player,server,type,aroundhead,backhand,landing_height,landing_area,landing_x,landing_y,lose_reason,getpoint_player,player_location_area,player_location_x,player_location_y,opponent_location_area,opponent_location_x,opponent_location_y,set,match_id,rally_id
10,1,00:12:33,22601,8,2,10,1,short service,0.0,1,2.0,8,0.6707317073170732,-0.6451041666666667,,,8,165.9,646.88,8,229.1,298.46,1,16,1293
10,2,00:12:34,22624,8,2,4,2,lob,0.0,1,1.0,9,0.6841463414634146,1.5234375,,,8,192.6,361.63,8,185.9,646.8,1,16,1293
10,3,00:12:35,22668,8,2,10,2,smash,0.0,0,2.0,6,1.1829268292682926,-0.9578645833333336,,,9,200.2,782.55,8,166.5,311.41,1,16,1293
10,4,00:12:36,22682,8,2,4,2,defensive shot,0.0,1,2.0,7,0.0012195121951218,0.2800520833333332,,,8,146.2,294.84,10,234.2,824.63,1,16,1293
10,5,00:12:37,22712,8,2,10,2,net shot,0.0,0,2.0,7,0.0170731707317073,-0.1034375,,,7,149.9,589.71,8,190.2,339.11,1,16,1293
10,6,00:12:37,22738,8,2,4,2,lob,0.0,1,1.0,9,-0.4621951219512196,1.643333333333333,,,7,149.6,435.6,8,175.7,606.32,1,16,1293
10,7,00:12:39,22797,8,2,10,3,smash,0.0,0,2.0,5,-1.4414634146341463,-1.11125,opponent's ball landed,10.0,9,136.0,788.89,8,153.8,309.2,1,16,1293
