rally,ball_round,time,frame_num,player,pos,type,lose_reason,getpoint_player,ball,top,bottom
23,1,00:45:11,81337,2,top,short service,,,"[1042, 510]","[[962.3779296875, 479.91448974609375], [963.8143310546875, 477.0377197265625], [956.6323852539062, 477.0377197265625], [965.250732421875, 479.91448974609375], [948.0139770507812, 479.91448974609375], [966.6871337890625, 501.4902038574219], [936.5227661132812, 498.61346435546875], [995.4152221679688, 517.3124389648438], [932.2135620117188, 514.4356689453125], [996.8516235351562, 515.8740844726562], [942.2683715820312, 525.9427490234375], [945.1411743164062, 548.9568481445312], [929.3407592773438, 544.6417236328125], [936.5227661132812, 589.2315673828125], [940.8319702148438, 587.793212890625], [919.285888671875, 615.1224365234375], [935.0863647460938, 635.2598266601562], [927.1861267089844, 625.1911315917969]]","[[1131.1944580078125, 641.74951171875], [1136.9215087890625, 637.4326171875], [1144.0799560546875, 637.4326171875], [1119.74072265625, 641.74951171875], [1142.6483154296875, 640.310546875], [1106.855224609375, 667.6510009765625], [1152.67041015625, 666.2119750976562], [1096.8331298828125, 705.0641479492188], [1181.3048095703125, 690.6744384765625], [1118.30908203125, 694.9913330078125], [1165.555908203125, 680.6016845703125], [1112.58203125, 746.794189453125], [1142.6483154296875, 743.9161987304688], [1119.74072265625, 794.2800903320312], [1144.0799560546875, 800.0360107421875], [1121.1724853515625, 843.2050170898438], [1134.0579833984375, 853.27783203125], [1127.615234375, 848.2414245605469]]"
