rally,ball_round,time,frame_num,roundscore_A,roundscore_B,player,server,type,aroundhead,backhand,landing_height,landing_area,landing_x,landing_y,lose_reason,getpoint_player,player_location_area,player_location_x,player_location_y,opponent_location_area,opponent_location_x,opponent_location_y,set,match_id,rally_id
20,1,00:15:08,27269,13,7,25,1,short service,0.0,1,2.0,7,0.3829268292682927,-0.3404166666666667,,,8,172.1,622.36,8,209.2,280.4,1,29,2384
20,2,00:15:09,27275,13,7,24,2,net shot,0.0,1,2.0,7,0.5646341463414636,0.3233854166666668,,,8,206.6,362.77,8,171.6,633.96,1,29,2384
20,3,00:15:09,27298,13,7,25,2,lob,0.0,0,1.0,9,-0.6695121951219513,-1.41609375,,,7,206.9,554.24,8,190.5,346.89,1,29,2384
20,4,00:15:11,27333,13,7,24,2,smash,0.0,0,2.0,6,-0.9365853658536584,0.9619270833333337,,,8,153.1,222.84,8,181.3,645.41,1,29,2384
20,5,00:15:11,27350,13,7,25,2,defensive shot,0.0,1,2.0,8,-0.2695121951219511,-0.6273958333333333,,,8,188.3,648.28,8,139.0,222.71,1,29,2384
20,6,00:15:12,27371,13,7,24,2,net shot,0.0,1,2.0,7,0.1097560975609756,0.5380729166666663,,,8,177.6,328.35,8,167.3,655.05,1,29,2384
20,7,00:15:13,27396,13,7,25,3,lob,0.0,1,2.0,10,-0.5890243902439024,-1.7172916666666669,out,24.0,7,194.7,586.24,8,176.9,318.95,1,29,2384
