rally,ball_round,time,frame_num,roundscore_A,roundscore_B,player,server,type,aroundhead,backhand,landing_height,landing_area,landing_x,landing_y,lose_reason,getpoint_player,player_location_area,player_location_x,player_location_y,opponent_location_area,opponent_location_x,opponent_location_y,set,match_id,rally_id
1,1,00:27:22,49286,1,0,24,1,short service,0.0,1,2.0,7,-0.3841463414634146,-0.4096354166666665,,,8,183.6,622.46,8,124.0,287.03,2,29,2402
1,2,00:27:23,49308,1,0,25,2,net shot,0.0,0,2.0,7,0.4926829268292683,0.4027604166666669,,,7,163.3,369.0,8,181.4,631.17,2,29,2402
1,3,00:27:24,49326,1,0,24,2,net shot,0.0,1,2.0,7,0.020731707317073,-0.07875,,,7,191.7,557.39,8,174.8,344.47,2,29,2402
1,4,00:27:24,49348,1,0,25,2,lob,0.0,1,1.0,8,-0.774390243902439,1.3596354166666664,,,7,167.7,421.96,8,199.9,634.2,2,29,2402
1,5,00:27:26,49387,1,0,24,2,smash,0.0,0,2.0,5,-0.9280487804878048,-1.0961458333333332,,,8,130.4,748.25,8,156.7,272.38,2,29,2402
1,6,00:27:26,49400,1,0,25,3,defensive shot,0.0,0,2.0,2,1.1378048780487806,-0.0542708333333334,touched the net,24.0,8,128.7,254.25,4,98.7,803.63,2,29,2402
