rally,ball_round,time,frame_num,roundscore_A,roundscore_B,player,server,type,aroundhead,backhand,landing_height,landing_area,landing_x,landing_y,lose_reason,getpoint_player,player_location_area,player_location_x,player_location_y,opponent_location_area,opponent_location_x,opponent_location_y,set,match_id,rally_id
7,1,00:31:16,56284,3,4,25,1,short service,0.0,1,2.0,7,0.4560975609756098,0.6136979166666668,,,8,173.4,330.64,8,227.5,670.56,2,29,2407
7,2,00:31:16,56307,3,4,24,2,net shot,0.0,1,2.0,7,0.0134146341463413,-0.2983854166666668,,,8,197.9,595.56,8,172.0,325.96,2,29,2407
7,3,00:31:17,56329,3,4,25,2,net shot,0.0,1,2.0,7,-0.0317073170731706,0.2394270833333334,,,7,142.4,396.84,8,192.2,600.1,2,29,2407
7,4,00:31:18,56352,3,4,24,2,lob,0.0,1,1.0,8,-0.5719512195121952,-1.2171875,,,7,146.7,552.05,8,158.5,360.1,2,29,2407
7,5,00:31:19,56382,3,4,25,2,drop,0.0,0,2.0,7,0.171951219512195,0.5962500000000001,,,8,139.4,209.13,8,144.2,650.69,2,29,2407
7,6,00:31:20,56406,3,4,24,2,net shot,0.0,1,2.0,7,-0.123170731707317,-0.3643229166666666,,,8,173.1,604.5,8,168.8,233.69,2,29,2407
7,7,00:31:21,56431,3,4,25,3,net shot,0.0,1,2.0,7,0.7829268292682925,-0.0455729166666666,touched the net,24.0,7,154.0,375.49,7,162.8,576.51,2,29,2407
