rally,ball_round,time,frame_num,roundscore_A,roundscore_B,player,server,type,aroundhead,backhand,landing_height,landing_area,landing_x,landing_y,lose_reason,getpoint_player,player_location_area,player_location_x,player_location_y,opponent_location_area,opponent_location_x,opponent_location_y,set,match_id,rally_id
34,1,00:46:00,82829,20,14,25,1,short service,0.0,1,2.0,7,-0.1658536585365853,0.4608333333333334,,,8,183.1,328.4,8,142.7,672.52,2,29,2433
34,2,00:46:01,82853,20,14,24,2,net shot,0.0,1,2.0,7,-0.3378048780487803,-0.1414583333333334,,,7,147.3,574.78,8,177.6,316.58,2,29,2433
34,3,00:46:02,82878,20,14,25,2,net shot,0.0,0,2.0,7,0.1902439024390243,0.1940104166666666,,,7,157.2,417.78,7,163.5,590.63,2,29,2433
34,4,00:46:03,82904,20,14,24,2,net shot,0.0,0,1.0,7,0.2597560975609757,-0.0476041666666665,,,7,184.9,537.31,7,172.8,380.01,2,29,2433
34,5,00:46:04,82922,20,14,25,2,push/rush,0.0,1,2.0,7,-0.3573170731707318,0.5942708333333334,,,7,179.5,382.23,7,185.4,544.06,2,29,2433
34,6,00:46:04,82928,20,14,24,3,defensive shot,0.0,0,2.0,7,-0.7353658536585366,0.6335937499999998,not pass over the net,24.0,8,166.5,608.96,7,188.9,438.23,2,29,2433
