rally,ball_round,time,frame_num,roundscore_A,roundscore_B,player,server,type,aroundhead,backhand,landing_height,landing_area,landing_x,landing_y,lose_reason,getpoint_player,player_location_area,player_location_x,player_location_y,opponent_location_area,opponent_location_x,opponent_location_y,set,match_id,rally_id
32,1,00:22:04,39739,18,14,24,1,short service,0.0,1,2.0,7,-0.2597560975609757,0.4173437499999999,,,8,182.4,330.72,8,128.3,679.04,1,29,2396
32,2,00:22:05,39751,18,14,25,2,net shot,0.0,0,2.0,7,-0.2670731707317074,-0.1206250000000001,,,7,135.9,576.27,8,171.3,321.25,1,29,2396
32,3,00:22:05,39774,18,14,24,2,net shot,0.0,1,2.0,7,0.2573170731707316,0.2035416666666666,,,7,153.2,409.5,7,142.6,592.0,1,29,2396
32,4,00:22:06,39797,18,14,25,2,push/rush,0.0,0,1.0,5,-0.8890243902439026,-1.30234375,,,7,168.2,528.62,7,168.7,366.85,1,29,2396
32,5,00:22:07,39828,18,14,24,2,smash,0.0,0,2.0,6,-1.2695121951219512,1.3200520833333336,,,8,120.0,214.4,8,169.4,638.23,1,29,2396
32,6,00:22:08,39841,18,14,25,3,defensive shot,0.0,1,2.0,10,-2.6439024390243904,0.2751562500000002,not pass over the net,24.0,8,192.8,697.77,8,114.8,214.35,1,29,2396
