rally,ball_round,time,frame_num,roundscore_A,roundscore_B,player,server,type,aroundhead,backhand,landing_height,landing_area,landing_x,landing_y,lose_reason,getpoint_player,player_location_area,player_location_x,player_location_y,opponent_location_area,opponent_location_x,opponent_location_y,set,match_id,rally_id
20,1,00:41:26,74594,13,7,8,1,long service,0.0,0,1.0,9,-0.6792682926829269,-1.48140625,,,8,194.4,666.58,8,118.2,284.06,2,5,454
20,2,00:41:28,74654,13,7,7,2,drop,0.0,0,2.0,2,-1.1451219512195123,0.5394270833333336,,,9,120.6,160.28,8,178.6,661.85,2,5,454
20,3,00:41:29,74678,13,7,8,2,net shot,0.0,1,2.0,2,0.9780487804878047,-0.2655729166666667,,,8,105.3,631.57,8,133.1,241.5,2,5,454
20,4,00:41:30,74709,13,7,7,2,push/rush,0.0,1,1.0,3,0.9292682926829268,1.528541666666667,,,7,236.3,387.89,8,183.5,646.72,2,5,454
20,5,00:41:31,74742,13,7,8,2,drive,0.0,0,2.0,6,1.3000000000000005,-1.02796875,,,9,208.6,768.88,8,193.0,314.39,2,5,454
20,6,00:41:32,74761,13,7,7,2,defensive shot,0.0,1,2.0,1,1.1865853658536587,0.3256770833333332,,,8,180.3,292.52,8,197.5,712.76,2,5,454
20,7,00:41:32,74783,13,7,8,2,net shot,0.0,0,2.0,2,1.1963414634146343,-0.188125,,,8,249.1,611.42,8,193.3,285.41,2,5,454
20,8,00:41:33,74812,13,7,7,2,lob,0.0,1,1.0,6,-1.002439024390244,1.455833333333333,,,7,243.6,407.36,8,220.9,619.05,2,5,454
20,9,00:41:35,74862,13,7,8,3,smash,1.0,0,2.0,6,1.5134146341463417,-0.8977083333333334,opponent's ball landed,7.0,9,121.0,782.8,8,162.3,337.29,2,5,454
