rally,ball_round,time,frame_num,roundscore_A,roundscore_B,player,server,type,aroundhead,backhand,landing_height,landing_area,landing_x,landing_y,lose_reason,getpoint_player,player_location_area,player_location_x,player_location_y,opponent_location_area,opponent_location_x,opponent_location_y,set,match_id,rally_id
1,1,00:08:04,14531,1,0,8,1,long service,0.0,0,1.0,9,0.6865853658536587,1.6135416666666664,,,8,157.1,294.54,8,232.8,665.65,1,5,396
1,2,00:08:06,14590,1,0,7,2,drop,0.0,0,2.0,6,0.9365853658536588,-0.5958854166666668,,,9,236.7,793.03,8,177.3,280.19,1,5,396
1,3,00:08:07,14612,1,0,8,2,lob,0.0,1,1.0,5,1.270731707317073,1.364895833333333,,,8,221.3,340.62,8,210.2,725.35,1,5,396
1,4,00:08:07,14639,1,0,7,2,clear,0.0,0,1.0,8,-0.6426829268292683,-1.0822916666666669,,,5,251.5,732.73,8,195.1,285.44,1,5,396
1,5,00:08:08,14666,1,0,8,2,smash,0.0,0,1.0,6,-0.9085365853658536,1.0939583333333331,,,8,166.6,254.93,8,203.7,705.85,1,5,396
1,6,00:08:09,14681,1,0,7,2,defensive shot,0.0,1,2.0,1,-1.0658536585365854,-0.5169791666666667,,,8,188.4,691.4,8,115.3,236.0,1,5,396
1,7,00:08:10,14705,1,0,8,2,push/rush,0.0,0,1.0,6,-1.2573170731707315,1.241458333333333,,,8,107.1,356.87,8,156.6,669.0,1,5,396
1,8,00:08:10,14727,1,0,7,2,drop,1.0,0,2.0,5,-1.102439024390244,-0.6947395833333333,,,8,150.0,724.5,8,115.0,315.39,1,5,396
1,9,00:08:11,14749,1,0,8,3,push/rush,0.0,0,2.0,10,-1.6841463414634146,1.6646354166666668,opponent's ball landed,7.0,5,102.7,324.6,8,139.0,690.68,1,5,396
