rally,ball_round,time,frame_num,roundscore_A,roundscore_B,player,server,type,aroundhead,backhand,landing_height,landing_area,landing_x,landing_y,lose_reason,getpoint_player,player_location_area,player_location_x,player_location_y,opponent_location_area,opponent_location_x,opponent_location_y,set,match_id,rally_id
20,1,00:16:47,30226,11,9,8,1,long service,0.0,0,1.0,9,-0.8560975609756097,1.6435937500000002,,,8,182.2,285.21,8,127.9,683.29,1,5,415
20,2,00:16:49,30282,11,9,7,2,smash,0.0,0,2.0,5,-1.1134146341463411,-0.7801562500000001,,,4,102.8,793.65,8,147.6,279.66,1,5,415
20,3,00:16:50,30300,11,9,8,2,defensive shot,0.0,0,2.0,7,0.5609756097560976,0.3403125000000002,,,8,106.2,293.63,8,131.0,754.92,1,5,415
20,4,00:16:50,30329,11,9,7,2,lob,0.0,0,1.0,4,1.0719512195121947,-1.4961458333333333,,,8,196.1,612.24,8,141.9,299.11,1,5,415
20,5,00:16:52,30366,11,9,8,2,smash,1.0,0,2.0,5,1.1743902439024392,1.099322916666667,,,8,215.9,206.15,8,200.8,657.65,1,5,415
20,6,00:16:52,30383,11,9,7,2,defensive shot,0.0,0,1.0,8,-0.8195121951219513,-1.1903125,,,8,235.7,709.12,8,248.6,225.37,1,5,415
20,7,00:16:53,30409,11,9,8,3,drop,0.0,0,2.0,1,-1.0219512195121951,-0.0663541666666667,touched the net,7.0,8,166.7,257.47,8,194.5,698.64,1,5,415
