rally,ball_round,time,frame_num,roundscore_A,roundscore_B,player,server,type,aroundhead,backhand,landing_height,landing_area,landing_x,landing_y,lose_reason,getpoint_player,player_location_area,player_location_x,player_location_y,opponent_location_area,opponent_location_x,opponent_location_y,set,match_id,rally_id
34,1,01:13:39,132597,17,17,32,1,short service,0.0,1,2.0,7,-0.3670731707317072,-0.4174479166666665,,,8,180.3,612.83,8,131.1,298.88,3,52,4479
34,2,01:13:40,132618,17,17,31,2,push/rush,0.0,0,1.0,5,1.3841463414634143,1.349947916666667,,,8,157.9,364.79,8,180.3,614.25,3,52,4479
34,3,01:13:41,132648,17,17,32,2,drop,0.0,0,2.0,2,1.1170731707317076,-0.51234375,,,8,241.2,747.79,8,171.2,291.08,3,52,4479
34,4,01:13:42,132671,17,17,31,2,net shot,0.0,1,2.0,2,-1.181707317073171,0.2467708333333333,,,8,239.1,348.41,8,211.1,688.93,3,52,4479
34,5,01:13:43,132695,17,17,32,2,net shot,0.0,1,2.0,1,-1.1768292682926829,-0.0859375,,,7,109.8,544.44,8,176.9,330.12,3,52,4479
34,6,01:13:44,132720,17,17,31,2,lob,0.0,0,1.0,5,1.3597560975609757,1.4128125,,,1,91.4,412.46,7,122.5,565.16,3,52,4479
34,7,01:13:45,132766,17,17,32,2,smash,0.0,0,2.0,6,1.2451219512195124,-1.0001041666666666,,,9,243.6,758.24,8,161.0,286.1,3,52,4479
34,8,01:13:46,132780,17,17,31,3,defensive shot,0.0,1,2.0,10,2.362195121951219,-1.7514583333333331,not pass over the net,32.0,8,157.9,275.9,10,291.9,814.21,3,52,4479
