rally,ball_round,time,frame_num,roundscore_A,roundscore_B,player,server,type,aroundhead,backhand,landing_height,landing_area,landing_x,landing_y,lose_reason,getpoint_player,player_location_area,player_location_x,player_location_y,opponent_location_area,opponent_location_x,opponent_location_y,set,match_id,rally_id
6,1,00:09:28,17064,3,3,32,1,short service,0.0,1,2.0,7,0.4890243902439024,0.4359895833333335,,,8,169.9,325.41,8,223.9,652.42,1,52,4389
6,2,00:09:29,17087,3,3,31,2,net shot,0.0,0,2.0,7,0.024390243902439,-0.1906770833333334,,,7,208.8,568.15,8,177.6,315.74,1,52,4389
6,3,00:09:30,17112,3,3,32,2,lob,0.0,1,1.0,6,-0.8878048780487805,1.3014583333333334,,,7,166.1,366.98,8,185.7,621.29,1,52,4389
6,4,00:09:31,17140,3,3,31,2,smash,1.0,0,2.0,8,0.9073170731707316,-1.0806250000000002,,,8,163.5,713.56,8,144.9,278.57,1,52,4389
6,5,00:09:31,17156,3,3,32,2,defensive shot,0.0,1,2.0,1,1.2731707317073169,0.4935937499999999,,,8,136.2,257.78,8,131.9,731.41,1,52,4389
6,6,00:09:32,17187,3,3,31,2,net shot,0.0,0,2.0,1,-1.1609756097560977,-0.1988541666666667,,,8,247.3,602.72,8,222.7,262.37,1,52,4389
6,7,00:09:34,17220,3,3,32,2,lob,0.0,0,1.0,6,-1.3658536585365857,1.2773958333333333,,,1,101.3,404.09,8,173.8,601.32,1,52,4389
6,8,00:09:35,17255,3,3,31,3,drop,0.0,1,2.0,10,1.6024390243902435,-0.6318229166666667,out,32.0,6,84.6,732.41,8,128.1,316.08,1,52,4389
