rally,ball_round,time,frame_num,roundscore_A,roundscore_B,player,server,type,aroundhead,backhand,landing_height,landing_area,landing_x,landing_y,lose_reason,getpoint_player,player_location_area,player_location_x,player_location_y,opponent_location_area,opponent_location_x,opponent_location_y,set,match_id,rally_id
33,1,01:12:41,130854,16,17,31,1,short service,0.0,1,2.0,2,-0.902439024390244,0.4371354166666664,,,8,186.0,337.13,8,134.8,671.61,3,52,4478
33,2,01:12:42,130874,16,17,32,2,net shot,0.0,1,2.0,7,0.4268292682926829,-0.2229166666666667,,,7,125.6,571.37,8,161.3,308.54,3,52,4478
33,3,01:12:43,130895,16,17,31,2,lob,0.0,1,1.0,8,-0.6975609756097562,1.3133333333333332,,,7,210.2,392.95,7,161.5,588.05,3,52,4478
33,4,01:12:44,130925,16,17,32,2,drop,1.0,0,2.0,1,-1.047560975609756,-0.4955208333333332,,,8,172.5,679.11,8,148.2,296.27,3,52,4478
33,5,01:12:44,130948,16,17,31,2,net shot,0.0,0,2.0,7,0.824390243902439,0.2624479166666666,,,5,101.6,344.65,8,156.6,730.36,3,52,4478
33,6,01:12:45,130977,16,17,32,2,net shot,0.0,0,2.0,7,0.7475609756097562,-0.0590104166666665,,,7,221.9,553.91,8,167.8,327.81,3,52,4478
33,7,01:12:46,131002,16,17,31,2,lob,0.0,1,1.0,6,-1.303658536585366,1.4984375000000003,,,7,204.6,434.27,7,205.6,561.89,3,52,4478
33,8,01:12:48,131050,16,17,32,3,smash,1.0,0,2.0,6,1.5231707317073169,-0.8431770833333333,opponent's ball landed,32.0,8,113.8,755.85,8,129.0,281.25,3,52,4478
