rally,ball_round,time,frame_num,roundscore_A,roundscore_B,player,server,type,aroundhead,backhand,landing_height,landing_area,landing_x,landing_y,lose_reason,getpoint_player,player_location_area,player_location_x,player_location_y,opponent_location_area,opponent_location_x,opponent_location_y,set,match_id,rally_id
6,1,00:52:34,94646,5,1,32,1,short service,0.0,1,2.0,7,-0.1573170731707317,0.4532291666666665,,,8,181.2,322.95,8,134.5,652.4,3,52,4451
6,2,00:52:35,94669,5,1,31,2,net shot,0.0,1,2.0,7,0.3219512195121952,-0.5104166666666666,,,7,179.3,565.07,8,180.5,320.55,3,52,4451
6,3,00:52:36,94691,5,1,32,2,lob,0.0,1,1.0,6,-1.0121951219512195,0.9993229166666668,,,8,183.9,341.81,8,176.5,605.66,3,52,4451
6,4,00:52:37,94713,5,1,31,2,smash,1.0,0,2.0,8,0.1268292682926829,-0.7754687499999999,,,8,171.8,644.49,8,156.4,313.46,3,52,4451
6,5,00:52:37,94722,5,1,32,2,defensive shot,0.0,1,2.0,7,-0.1109756097560974,0.3685937499999999,,,8,132.1,288.85,8,155.9,681.56,3,52,4451
6,6,00:52:38,94747,5,1,31,2,lob,0.0,0,1.0,5,-1.0292682926829269,-1.19984375,,,7,151.1,574.42,8,160.4,293.68,3,52,4451
6,7,00:52:39,94773,5,1,32,3,drop,0.0,0,2.0,10,-1.5304878048780488,0.4708333333333332,out,32.0,8,141.4,227.94,8,165.9,628.23,3,52,4451
