rally,ball_round,time,frame_num,roundscore_A,roundscore_B,player,server,type,aroundhead,backhand,landing_height,landing_area,landing_x,landing_y,lose_reason,getpoint_player,player_location_area,player_location_x,player_location_y,opponent_location_area,opponent_location_x,opponent_location_y,set,match_id,rally_id
42,1,01:19:53,143808,21,21,31,1,short service,0.0,1,2.0,7,-0.3317073170731706,0.4616666666666666,,,8,187.3,348.73,8,130.7,660.18,3,52,4487
42,2,01:19:54,143825,21,21,32,2,net shot,0.0,0,2.0,7,-0.4707317073170731,-0.0972395833333334,,,7,136.2,580.54,8,157.2,320.71,3,52,4487
42,3,01:19:55,143851,21,21,31,2,lob,0.0,0,1.0,5,0.9792682926829268,1.2367187500000003,,,7,137.7,410.17,7,165.9,582.02,3,52,4487
42,4,01:19:56,143891,21,21,32,2,smash,0.0,0,2.0,8,0.3280487804878049,-1.0376562500000002,,,8,230.1,705.58,8,147.5,233.41,3,52,4487
42,5,01:19:56,143902,21,21,31,2,defensive shot,0.0,1,2.0,7,-0.4231707317073169,0.4617708333333332,,,8,143.7,230.69,5,266.5,725.03,3,52,4487
42,6,01:19:57,143928,21,21,32,2,net shot,0.0,1,2.0,2,0.9695121951219512,-0.2029166666666665,,,7,154.3,589.55,8,158.9,293.69,3,52,4487
42,7,01:19:58,143947,21,21,31,2,drive,0.0,1,1.0,5,1.5219512195121954,1.3442187500000002,,,7,209.5,395.09,8,180.9,611.4,3,52,4487
42,8,01:19:59,143974,21,21,32,2,defensive shot,0.0,0,2.0,2,1.3219512195121947,-0.2996354166666665,,,5,265.7,728.37,8,221.2,325.07,3,52,4487
42,9,01:19:59,143997,21,21,31,3,net shot,0.0,1,2.0,2,1.2365853658536583,0.02890625,touched the net,32.0,8,247.8,364.27,8,227.6,698.53,3,52,4487
