rally,ball_round,time,frame_num,roundscore_A,roundscore_B,player,server,type,aroundhead,backhand,landing_height,landing_area,landing_x,landing_y,lose_reason,getpoint_player,player_location_area,player_location_x,player_location_y,opponent_location_area,opponent_location_x,opponent_location_y,set,match_id,rally_id
10,1,00:56:51,102350,7,3,31,1,short service,0.0,1,2.0,7,-0.3036585365853659,-0.4401562499999999,,,8,184.6,612.83,8,137.1,286.28,3,52,4455
10,2,00:56:52,102376,7,3,32,2,lob,0.0,1,1.0,5,1.2317073170731707,1.3729166666666668,,,7,135.7,371.6,8,175.5,624.08,3,52,4455
10,3,00:56:53,102410,7,3,31,2,drive,0.0,0,2.0,6,1.374390243902439,-0.9736979166666666,,,8,235.0,748.83,8,179.1,301.02,3,52,4455
10,4,00:56:54,102425,7,3,32,2,defensive shot,0.0,1,2.0,7,0.5256097560975609,0.2717187499999998,,,8,184.9,288.46,8,223.2,715.94,3,52,4455
10,5,00:56:54,102446,7,3,31,2,net shot,0.0,0,2.0,7,0.5207317073170731,-0.1192708333333332,,,7,207.8,565.03,8,198.6,288.36,3,52,4455
10,6,00:56:55,102468,7,3,32,2,lob,0.0,0,1.0,5,1.204878048780488,1.3206249999999995,,,7,199.4,401.5,8,191.3,602.76,3,52,4455
10,7,00:56:56,102505,7,3,31,3,smash,0.0,0,2.0,4,1.2756097560975612,-1.4905729166666666,opponent's ball landed,32.0,8,246.6,709.09,8,176.2,291.05,3,52,4455
