rally,ball_round,time,frame_num,roundscore_A,roundscore_B,player,server,type,aroundhead,backhand,landing_height,landing_area,landing_x,landing_y,lose_reason,getpoint_player,player_location_area,player_location_x,player_location_y,opponent_location_area,opponent_location_x,opponent_location_y,set,match_id,rally_id
38,1,01:16:53,138394,20,18,32,1,long service,0.0,1,1.0,4,1.1865853658536587,-1.5368750000000002,,,8,168.5,621.29,8,221.0,290.72,3,52,4483
38,2,01:16:54,138430,20,18,31,2,smash,1.0,0,2.0,5,1.3378048780487803,0.8823958333333332,,,8,222.6,218.87,8,214.8,671.67,3,52,4483
38,3,01:16:54,138448,20,18,32,2,defensive shot,0.0,0,2.0,7,0.0,-0.20109375,,,8,251.8,681.65,9,223.3,198.92,3,52,4483
38,4,01:16:55,138476,20,18,31,2,lob,0.0,0,1.0,5,1.3634146341463416,1.4958333333333336,,,7,190.4,382.27,8,197.0,618.48,3,52,4483
38,5,01:16:56,138509,20,18,32,2,clear,0.0,0,1.0,5,-1.3378048780487806,-1.329114583333333,,,9,248.5,776.41,8,179.8,283.42,3,52,4483
38,6,01:16:58,138543,20,18,31,2,drop,0.0,0,2.0,2,-1.170731707317073,0.5519791666666668,,,3,89.0,200.16,8,188.7,680.36,3,52,4483
38,7,01:16:58,138567,20,18,32,2,net shot,0.0,1,2.0,7,0.0475609756097561,-0.3187499999999999,,,6,98.5,605.72,8,121.5,241.82,3,52,4483
38,8,01:16:59,138590,20,18,31,2,push/rush,0.0,1,1.0,8,0.6573170731707317,1.0396875,,,7,150.1,380.31,8,155.8,632.35,3,52,4483
38,9,01:17:00,138610,20,18,32,3,smash,0.0,0,2.0,3,-1.2158536585365851,-1.4344270833333332,opponent's ball landed,32.0,8,165.3,664.04,8,159.2,315.87,3,52,4483
