rally,ball_round,time,frame_num,roundscore_A,roundscore_B,player,server,type,aroundhead,backhand,landing_height,landing_area,landing_x,landing_y,lose_reason,getpoint_player,player_location_area,player_location_x,player_location_y,opponent_location_area,opponent_location_x,opponent_location_y,set,match_id,rally_id
41,1,01:18:59,142181,20,21,31,1,short service,0.0,1,2.0,7,0.2939024390243901,0.4023958333333333,,,8,172.8,346.51,8,218.2,664.07,3,52,4486
41,2,01:19:00,142200,20,21,32,2,net shot,0.0,1,2.0,2,1.180487804878049,-0.1512500000000001,,,7,195.1,571.27,8,176.2,337.19,3,52,4486
41,3,01:19:00,142222,20,21,31,2,lob,0.0,1,1.0,6,-1.195121951219512,1.2535416666666663,,,7,237.6,390.67,7,203.6,593.95,3,52,4486
41,4,01:19:01,142252,20,21,32,3,smash,1.0,0,2.0,3,-1.3134146341463415,-1.6051041666666668,out,32.0,8,167.3,704.33,8,158.1,286.12,3,52,4486
