rally,ball_round,time,frame_num,roundscore_A,roundscore_B,player,server,type,aroundhead,backhand,landing_height,landing_area,landing_x,landing_y,lose_reason,getpoint_player,player_location_area,player_location_x,player_location_y,opponent_location_area,opponent_location_x,opponent_location_y,set,match_id,rally_id
15,1,01:00:03,108119,8,7,31,1,short service,0.0,1,2.0,7,-0.3109756097560975,-0.4288541666666665,,,8,184.1,608.54,8,133.3,281.22,3,52,4460
15,2,01:00:04,108141,8,7,32,2,net shot,0.0,1,2.0,2,-1.2865853658536586,0.2016666666666668,,,7,128.5,378.24,8,171.7,619.89,3,52,4460
15,3,01:00:05,108165,8,7,31,2,net shot,0.0,1,2.0,1,-1.2414634146341463,-0.0958854166666667,,,2,91.0,541.21,8,130.5,358.2,3,52,4460
15,4,01:00:06,108190,8,7,32,2,lob,0.0,0,1.0,3,1.4012195121951216,1.657916666666667,,,1,87.2,408.34,7,129.0,594.02,3,52,4460
15,5,01:00:08,108245,8,7,31,2,smash,0.0,0,2.0,6,1.253658536585366,-0.8941145833333334,,,10,263.7,811.4,8,173.4,313.34,3,52,4460
15,6,01:00:08,108259,8,7,32,2,defensive shot,0.0,1,2.0,7,0.2121951219512196,0.5269270833333332,,,8,175.5,305.99,8,239.9,752.0,3,52,4460
15,7,01:00:09,108284,8,7,31,2,net shot,0.0,1,2.0,2,1.0926829268292686,-0.1822395833333333,,,7,216.0,587.99,8,194.7,308.31,3,52,4460
15,8,01:00:10,108304,8,7,32,3,net shot,0.0,1,2.0,7,0.7000000000000001,0.0199999999999998,touched the net,32.0,7,242.8,381.99,8,206.5,607.09,3,52,4460
