rally,ball_round,time,frame_num,roundscore_A,roundscore_B,player,server,type,aroundhead,backhand,landing_height,landing_area,landing_x,landing_y,lose_reason,getpoint_player,player_location_area,player_location_x,player_location_y,opponent_location_area,opponent_location_x,opponent_location_y,set,match_id,rally_id
37,1,01:16:16,137280,19,18,32,1,short service,0.0,1,1.0,7,-0.2292682926829269,-0.2534895833333334,,,8,181.9,617.08,8,129.1,303.85,3,52,4482
37,2,01:16:16,137299,19,18,31,2,drive,0.0,0,1.0,8,-0.0804878048780487,0.7521354166666665,,,7,162.5,405.88,8,183.5,619.89,3,52,4482
37,3,01:16:16,137305,19,18,32,2,defensive shot,1.0,0,1.0,8,-0.2256097560975609,-0.5440104166666666,,,8,192.7,619.89,7,161.7,391.06,3,52,4482
37,4,01:16:17,137316,19,18,31,2,drive,0.0,0,2.0,8,0.0963414634146342,0.8325520833333334,,,8,139.8,351.31,8,198.7,615.66,3,52,4482
37,5,01:16:17,137327,19,18,32,2,defensive shot,0.0,1,2.0,2,0.9560975609756098,-0.2665625,,,8,200.7,645.82,8,150.1,318.35,3,52,4482
37,6,01:16:18,137351,19,18,31,2,net shot,0.0,1,2.0,7,0.3170731707317073,0.2360416666666669,,,7,236.1,382.02,8,193.6,626.85,3,52,4482
37,7,01:16:19,137372,19,18,32,2,lob,0.0,0,1.0,4,1.076829268292683,-1.4436979166666666,,,7,188.7,534.41,7,190.1,403.65,3,52,4482
37,8,01:16:20,137412,19,18,31,2,clear,0.0,1,1.0,8,0.421951219512195,1.2905208333333331,,,9,236.3,184.19,8,206.1,602.75,3,52,4482
37,9,01:16:21,137446,19,18,32,3,smash,0.0,0,2.0,5,-1.3914634146341462,-1.2270833333333333,opponent's ball landed,32.0,8,192.7,713.61,8,164.3,257.55,3,52,4482
