rally,ball_round,time,frame_num,roundscore_A,roundscore_B,player,server,type,aroundhead,backhand,landing_height,landing_area,landing_x,landing_y,lose_reason,getpoint_player,player_location_area,player_location_x,player_location_y,opponent_location_area,opponent_location_x,opponent_location_y,set,match_id,rally_id
13,1,00:13:12,23773,8,5,32,1,short service,0.0,1,2.0,7,0.5365853658536586,0.4527083333333331,,,8,170.6,318.21,8,221.8,653.73,1,52,4396
13,2,00:13:13,23803,8,5,31,2,net shot,0.0,1,2.0,1,-0.9573170731707316,-0.1473958333333334,,,7,216.6,586.49,8,183.3,322.93,1,52,4396
13,3,00:13:14,23831,8,5,32,2,lob,0.0,0,1.0,6,-0.8719512195121951,1.4108333333333334,,,7,114.7,408.2,8,167.7,602.78,1,52,4396
13,4,00:13:16,23884,8,5,31,2,smash,0.0,0,2.0,5,-1.0829268292682928,-0.96578125,,,6,102.2,733.54,8,138.2,273.47,1,52,4396
13,5,00:13:16,23896,8,5,32,2,defensive shot,0.0,0,1.0,7,0.6256097560975611,0.6610937499999997,,,8,126.4,270.97,8,107.4,733.55,1,52,4396
13,6,00:13:17,23925,8,5,31,2,drive,0.0,0,1.0,6,0.9914634146341464,-0.9724479166666664,,,8,204.2,632.34,8,145.7,281.12,1,52,4396
13,7,00:13:17,23939,8,5,32,3,defensive shot,0.0,1,2.0,2,1.159756097560976,-0.0002604166666667,touched the net,32.0,8,166.0,275.84,8,212.8,629.6,1,52,4396
