rally,ball_round,time,frame_num,roundscore_A,roundscore_B,player,server,type,aroundhead,backhand,landing_height,landing_area,landing_x,landing_y,lose_reason,getpoint_player,player_location_area,player_location_x,player_location_y,opponent_location_area,opponent_location_x,opponent_location_y,set,match_id,rally_id
35,1,01:14:16,133684,17,18,32,1,short service,0.0,1,2.0,7,0.4634146341463415,-0.2870833333333333,,,8,170.1,619.89,8,217.4,290.74,3,52,4480
35,2,01:14:16,133703,17,18,31,2,net shot,0.0,0,2.0,7,0.601219512195122,0.1718229166666667,,,7,215.6,390.78,8,176.5,617.08,3,52,4480
35,3,01:14:17,133723,17,18,32,2,net shot,0.0,0,1.0,7,0.4134146341463415,-0.0187500000000001,,,7,234.8,517.41,7,205.5,395.11,3,52,4480
35,4,01:14:17,133734,17,18,31,3,push/rush,0.0,1,2.0,8,-0.0085365853658535,1.389010416666667,opponent's ball landed,32.0,7,191.4,411.99,7,226.1,539.29,3,52,4480
