rally,ball_round,time,frame_num,roundscore_A,roundscore_B,player,server,type,aroundhead,backhand,landing_height,landing_area,landing_x,landing_y,lose_reason,getpoint_player,player_location_area,player_location_x,player_location_y,opponent_location_area,opponent_location_x,opponent_location_y,set,match_id,rally_id
27,1,00:22:04,39749,16,11,31,1,short service,0.0,1,2.0,7,-0.4414634146341462,-0.4398437499999999,,,8,179.8,609.97,8,132.4,276.09,1,52,4410
27,2,00:22:05,39771,16,11,32,2,lob,0.0,0,1.0,5,0.9621951219512196,1.4348958333333333,,,8,154.4,360.31,8,177.1,611.41,1,52,4410
27,3,00:22:06,39804,16,11,31,2,clear,0.0,0,1.0,8,0.8914634146341462,-1.3229166666666667,,,9,238.9,760.29,8,170.5,298.6,1,52,4410
27,4,00:22:07,39833,16,11,32,2,smash,0.0,0,2.0,6,-1.1634146341463416,0.9450000000000004,,,8,218.1,218.91,8,220.2,697.33,1,52,4410
27,5,00:22:08,39848,16,11,31,2,defensive shot,0.0,1,2.0,1,-1.329268292682927,-0.3929166666666666,,,8,205.5,675.42,8,215.0,218.93,1,52,4410
27,6,00:22:09,39881,16,11,32,3,lob,0.0,0,2.0,10,2.9560975609756093,0.5170312499999999,out,32.0,1,91.8,371.84,8,117.8,618.51,1,52,4410
