rally,ball_round,time,frame_num,roundscore_A,roundscore_B,player,server,type,aroundhead,backhand,landing_height,landing_area,landing_x,landing_y,lose_reason,getpoint_player,player_location_area,player_location_x,player_location_y,opponent_location_area,opponent_location_x,opponent_location_y,set,match_id,rally_id
29,1,00:17:54,32244,19,10,4,1,short service,0.0,1,2.0,7,0.4743902439024391,0.5519791666666668,,,8,167.1,312.74,8,213.2,649.08,1,3,209
29,2,00:17:55,32263,19,10,5,2,net shot,0.0,0,2.0,2,1.0573170731707315,-0.3881770833333332,,,8,214.2,613.69,8,184.3,295.49,1,3,209
29,3,00:17:56,32295,19,10,4,2,lob,0.0,1,1.0,9,-0.7719512195121951,1.621822916666667,,,8,219.2,350.0,8,202.9,623.54,1,3,209
29,4,00:17:57,32339,19,10,5,3,smash,1.0,0,2.0,10,1.8012195121951218,-0.8885416666666668,out,4.0,9,120.0,787.36,8,172.0,278.23,1,3,209
