rally,ball_round,time,frame_num,roundscore_A,roundscore_B,player,server,type,aroundhead,backhand,landing_height,landing_area,landing_x,landing_y,lose_reason,getpoint_player,player_location_area,player_location_x,player_location_y,opponent_location_area,opponent_location_x,opponent_location_y,set,match_id,rally_id
15,1,00:47:43,85900,6,9,4,1,short service,0.0,1,2.0,7,-0.4073170731707318,0.6161979166666663,,,8,185.5,302.83,8,131.5,610.58,3,3,264
15,2,00:47:44,85921,6,9,5,2,push/rush,0.0,0,1.0,8,-0.7780487804878048,-1.3600520833333334,,,8,129.5,612.23,8,186.9,278.06,3,3,264
15,3,00:47:44,85948,6,9,4,2,smash,0.0,0,2.0,8,-0.0573170731707315,0.9322395833333332,,,8,140.5,253.16,8,144.0,660.05,3,3,264
15,4,00:47:45,85959,6,9,5,2,defensive shot,0.0,1,1.0,8,0.7609756097560977,-0.8964062500000001,,,8,151.0,666.18,8,143.1,218.93,3,3,264
15,5,00:47:45,85979,6,9,4,2,defensive shot,0.0,1,2.0,5,1.159756097560976,0.7113541666666668,,,8,194.9,290.43,8,169.4,658.48,3,3,264
15,6,00:47:46,85996,6,9,5,3,lob,0.0,0,2.0,10,1.1134146341463416,-1.725,out,4.0,8,221.6,634.8,8,210.7,302.55,3,3,264
