rally,ball_round,time,frame_num,roundscore_A,roundscore_B,player,server,type,aroundhead,backhand,landing_height,landing_area,landing_x,landing_y,lose_reason,getpoint_player,player_location_area,player_location_x,player_location_y,opponent_location_area,opponent_location_x,opponent_location_y,set,match_id,rally_id
20,1,00:50:41,91230,9,11,5,1,short service,0.0,1,2.0,7,-0.5329268292682925,0.5261458333333332,,,8,189.0,319.72,8,127.6,633.36,3,3,269
20,2,00:50:41,91250,9,11,4,2,net shot,0.0,1,2.0,7,-0.8451219512195122,-0.3133854166666667,,,8,142.9,600.56,8,189.4,283.04,3,3,269
20,3,00:50:42,91281,9,11,5,2,lob,0.0,0,1.0,9,0.6804878048780489,1.5621354166666663,,,7,157.8,366.61,7,169.8,580.06,3,3,269
20,4,00:50:44,91331,9,11,4,2,smash,0.0,0,2.0,8,0.7085365853658536,-1.0929166666666663,,,9,227.2,766.92,8,189.9,292.96,3,3,269
20,5,00:50:44,91342,9,11,5,2,defensive shot,0.0,1,1.0,8,0.397560975609756,1.1701562499999998,,,8,185.5,223.72,8,247.2,726.2,3,3,269
20,6,00:50:45,91362,9,11,4,2,smash,0.0,0,2.0,5,-1.0743902439024389,-1.1915104166666668,,,8,207.4,697.55,8,182.8,242.24,3,3,269
20,7,00:50:45,91378,9,11,5,3,defensive shot,0.0,0,2.0,10,-1.726829268292683,1.2756249999999998,out,4.0,8,152.6,263.28,8,148.3,650.73,3,3,269
