rally,ball_round,time,frame_num,roundscore_A,roundscore_B,player,server,type,aroundhead,backhand,landing_height,landing_area,landing_x,landing_y,lose_reason,getpoint_player,player_location_area,player_location_x,player_location_y,opponent_location_area,opponent_location_x,opponent_location_y,set,match_id,rally_id
3,1,0:36:02,64882,3,0,10,1,long service,0.0,1,1.0,5,1.0329268292682925,1.3825520833333336,,,8,167.1,328.93,8,224.5,654.42,2,11,896
3,2,0:36:03,64913,3,0,11,2,smash,0.0,0,2.0,5,-1.2853658536585366,-1.0391666666666666,,,8,245.8,719.02,8,150.2,284.39,2,11,896
3,3,0:36:04,64930,3,0,10,2,defensive shot,0.0,0,2.0,7,-0.7573170731707316,0.6651041666666669,,,8,147.7,281.37,5,267.5,752.21,2,11,896
3,4,0:36:05,64954,3,0,11,2,net shot,0.0,1,2.0,2,1.0621951219512198,-0.2679687499999999,,,8,132.5,642.28,5,76.3,289.0,2,11,896
3,5,0:36:05,64978,3,0,10,2,net shot,0.0,1,2.0,1,1.065853658536585,0.2919791666666664,,,8,236.0,359.06,8,170.9,649.43,2,11,896
3,6,0:36:06,65002,3,0,11,3,push/rush,0.0,0,2.0,10,1.4768292682926831,-1.7522916666666666,out,10.0,7,233.8,565.55,8,205.1,325.25,2,11,896
