rally,ball_round,time,frame_num,roundscore_A,roundscore_B,player,server,type,aroundhead,backhand,landing_height,landing_area,landing_x,landing_y,lose_reason,getpoint_player,player_location_area,player_location_x,player_location_y,opponent_location_area,opponent_location_x,opponent_location_y,set,match_id,rally_id
17,1,00:38:33,69395,12,5,10,1,short service,0.0,1,2.0,7,-0.4170731707317072,0.4505208333333333,,,8,185.2,328.1,8,146.1,664.75,2,55,4688
17,2,00:38:33,69418,12,5,24,2,net shot,0.0,1,2.0,1,-0.8963414634146342,-0.1027083333333334,,,7,134.2,568.39,8,173.9,303.93,2,55,4688
17,3,00:38:34,69443,12,5,10,2,lob,0.0,0,1.0,5,1.3451219512195125,1.373333333333333,,,7,114.6,406.29,7,147.5,587.8,2,55,4688
17,4,00:38:36,69481,12,5,24,2,clear,1.0,0,1.0,4,1.3597560975609757,-1.5158333333333331,,,8,208.7,714.01,8,173.9,299.01,2,55,4688
17,5,00:38:37,69519,12,5,10,2,smash,0.0,0,2.0,5,1.351219512195122,1.06328125,,,4,261.2,167.12,8,191.9,702.42,2,55,4688
17,6,00:38:37,69534,12,5,24,2,defensive shot,0.0,1,1.0,6,1.3426829268292686,-0.6359895833333334,,,8,167.3,683.9,4,261.0,170.06,2,55,4688
17,7,00:38:38,69559,12,5,10,3,push/rush,0.0,1,2.0,8,0.425609756097561,1.0961458333333336,opponent's ball landed,10.0,6,255.2,354.0,8,235.5,648.47,2,55,4688
