rally,ball_round,time,frame_num,roundscore_A,roundscore_B,player,server,type,aroundhead,backhand,landing_height,landing_area,landing_x,landing_y,lose_reason,getpoint_player,player_location_area,player_location_x,player_location_y,opponent_location_area,opponent_location_x,opponent_location_y,set,match_id,rally_id
19,1,00:39:17,70713,13,6,10,1,short service,0.0,1,2.0,2,-1.0731707317073171,0.3422916666666668,,,8,186.0,320.95,8,146.6,663.37,2,55,4690
19,2,00:39:17,70732,13,6,24,2,lob,0.0,0,1.0,3,-1.2060975609756095,-1.4581770833333334,,,7,110.2,569.89,8,171.7,308.82,2,55,4690
19,3,00:39:19,70770,13,6,10,2,smash,0.0,0,2.0,2,-1.2182926829268292,0.5348958333333336,,,3,86.1,172.6,8,139.9,654.95,2,55,4690
19,4,00:39:19,70790,13,6,24,2,net shot,0.0,0,2.0,1,-1.2414634146341463,-0.4634375000000001,,,8,119.0,606.34,8,121.6,226.23,2,55,4690
19,5,00:39:20,70816,13,6,10,2,net shot,0.0,0,2.0,2,-1.3365853658536584,0.2030729166666667,,,5,98.1,348.82,8,123.7,597.09,2,55,4690
19,6,00:39:21,70838,13,6,24,2,push/rush,0.0,0,1.0,5,-1.1207317073170733,-0.9940104166666668,,,2,83.8,553.19,8,113.5,318.3,2,55,4690
19,7,00:39:21,70855,13,6,10,3,smash,0.0,0,2.0,10,2.0951219512195123,1.3110416666666669,out,10.0,8,122.8,260.83,2,97.7,576.32,2,55,4690
