rally,ball_round,time,frame_num,roundscore_A,roundscore_B,player,server,type,aroundhead,backhand,landing_height,landing_area,landing_x,landing_y,lose_reason,getpoint_player,player_location_area,player_location_x,player_location_y,opponent_location_area,opponent_location_x,opponent_location_y,set,match_id,rally_id
21,1,00:41:10,74106,15,6,10,1,short service,0.0,1,2.0,7,0.5999999999999999,0.5730729166666665,,,8,168.3,330.41,8,225.6,672.13,2,55,4692
21,2,00:41:10,74124,15,6,24,2,net shot,0.0,1,2.0,1,-0.9280487804878048,-0.2836458333333332,,,8,199.3,595.97,8,162.5,313.64,2,55,4692
21,3,00:41:11,74151,15,6,10,2,lob,0.0,0,1.0,6,-1.1560975609756097,1.4657812499999998,,,7,124.4,382.62,8,163.4,617.25,2,55,4692
21,4,00:41:13,74190,15,6,24,2,clear,0.0,0,1.0,3,-1.0097560975609756,-1.4729166666666669,,,9,118.0,773.91,8,132.7,268.62,2,55,4692
21,5,00:41:14,74220,15,6,10,3,smash,0.0,0,2.0,5,1.569512195121951,0.8644270833333335,opponent's ball landed,10.0,3,94.6,169.7,8,148.6,699.55,2,55,4692
