rally,ball_round,time,frame_num,roundscore_A,roundscore_B,player,server,type,aroundhead,backhand,landing_height,landing_area,landing_x,landing_y,lose_reason,getpoint_player,player_location_area,player_location_x,player_location_y,opponent_location_area,opponent_location_x,opponent_location_y,set,match_id,rally_id
22,1,00:52:10,93910,13,9,30,1,short service,0.0,1,2.0,7,-0.4341463414634146,-0.3336458333333333,,,8,181.5,649.26,8,128.4,288.35,2,43,3592
22,2,00:52:11,93931,13,9,31,2,push/rush,0.0,1,1.0,8,0.6500000000000001,1.0596354166666668,,,7,124.2,386.46,8,173.2,642.07,2,43,3592
22,3,00:52:11,93953,13,9,30,2,drive,0.0,0,2.0,6,1.1780487804878053,-0.98109375,,,8,181.8,698.02,8,149.2,344.64,2,43,3592
22,4,00:52:12,93965,13,9,31,2,defensive shot,0.0,1,1.0,7,-0.4170731707317072,0.6205208333333333,,,8,170.9,293.11,8,217.0,752.02,2,43,3592
22,5,00:52:12,93989,13,9,30,2,smash,1.0,0,2.0,8,-0.6109756097560974,-1.0979166666666669,,,8,205.8,634.74,8,157.4,280.04,2,43,3592
22,6,00:52:13,93999,13,9,31,2,defensive shot,0.0,0,1.0,8,0.8548780487804878,0.9016666666666668,,,8,141.6,277.57,8,185.8,634.78,2,43,3592
22,7,00:52:13,94016,13,9,30,2,drive,0.0,0,2.0,6,1.0865853658536588,-0.96671875,,,8,195.6,666.98,8,151.2,282.78,2,43,3592
22,8,00:52:14,94028,13,9,31,3,defensive shot,0.0,1,2.0,10,1.6524390243902438,0.47390625,out,30.0,8,163.5,277.3,8,233.7,672.2,2,43,3592
