rally,ball_round,time,frame_num,roundscore_A,roundscore_B,player,server,type,aroundhead,backhand,landing_height,landing_area,landing_x,landing_y,lose_reason,getpoint_player,player_location_area,player_location_x,player_location_y,opponent_location_area,opponent_location_x,opponent_location_y,set,match_id,rally_id
1,1,01:06:15,119253,1,0,31,1,short service,0.0,1,2.0,7,-0.3548780487804877,-0.2730208333333334,,,8,182.1,632.96,8,134.0,290.92,3,43,3608
1,2,01:06:15,119272,1,0,30,2,lob,0.0,0,1.0,4,-1.0451219512195122,1.6604687499999995,,,8,137.5,357.17,8,170.4,625.64,3,43,3608
1,3,01:06:16,119309,1,0,31,2,drop,1.0,0,2.0,5,-1.2426829268292685,-0.8859375000000002,,,9,130.7,758.2,8,145.3,298.66,3,43,3608
1,4,01:06:17,119328,1,0,30,2,defensive shot,0.0,0,2.0,2,-0.925609756097561,0.1684895833333334,,,5,100.0,288.7,9,125.6,772.17,3,43,3608
1,5,01:06:18,119349,1,0,31,2,push/rush,0.0,1,1.0,8,0.2012195121951219,-0.9069270833333332,,,7,115.1,572.64,8,136.5,272.28,3,43,3608
1,6,01:06:18,119361,1,0,30,2,defensive shot,0.0,1,2.0,5,1.2682926829268293,1.0957291666666666,,,8,161.6,331.93,7,138.4,588.08,3,43,3608
1,7,01:06:19,119389,1,0,31,3,drive,0.0,0,2.0,1,1.3036585365853657,0.1516145833333334,touched the net,30.0,8,229.2,670.45,8,214.6,336.41,3,43,3608
