rally,ball_round,time,frame_num,roundscore_A,roundscore_B,player,server,type,aroundhead,backhand,landing_height,landing_area,landing_x,landing_y,lose_reason,getpoint_player,player_location_area,player_location_x,player_location_y,opponent_location_area,opponent_location_x,opponent_location_y,set,match_id,rally_id
17,1,00:46:36,83894,9,8,31,1,short service,0.0,1,2.0,7,-0.3060975609756097,0.4463541666666669,,,8,186.8,331.66,8,131.7,679.24,2,43,3587
17,2,00:46:37,83915,9,8,30,2,net shot,0.0,0,2.0,7,-0.8439024390243903,-0.0930208333333334,,,7,125.6,588.12,8,156.7,337.03,2,43,3587
17,3,00:46:38,83942,9,8,31,2,lob,0.0,0,1.0,4,-0.9853658536585366,1.6447395833333331,,,7,118.9,424.06,8,148.6,603.3,2,43,3587
17,4,00:46:39,83997,9,8,30,2,drop,1.0,0,2.0,2,0.9841463414634144,-0.4761458333333334,,,9,121.4,773.7,8,129.8,301.46,2,43,3587
17,5,00:46:40,84019,9,8,31,2,lob,0.0,1,1.0,4,-1.0634146341463415,1.59703125,,,7,227.1,380.69,8,151.3,721.34,2,43,3587
17,6,00:46:41,84052,9,8,30,2,clear,1.0,0,1.0,4,0.9402439024390244,-1.5052604166666663,,,8,137.7,743.99,8,152.1,314.16,2,43,3587
17,7,00:46:42,84082,9,8,31,2,smash,1.0,0,2.0,5,1.0378048780487807,0.9858333333333332,,,8,191.4,233.26,8,172.4,719.7,2,43,3587
17,8,00:46:43,84096,9,8,30,3,defensive shot,0.0,0,2.0,10,-1.6317073170731708,-0.8703645833333334,out,30.0,8,223.4,696.31,8,214.8,244.05,2,43,3587
