rally,ball_round,time,frame_num,roundscore_A,roundscore_B,player,server,type,aroundhead,backhand,landing_height,landing_area,landing_x,landing_y,lose_reason,getpoint_player,player_location_area,player_location_x,player_location_y,opponent_location_area,opponent_location_x,opponent_location_y,set,match_id,rally_id
11,1,00:33:34,60424,7,4,18,1,short service,0.0,1,2.0,8,-0.4841463414634145,0.6668229166666665,,,8,183.0,318.82,8,124.0,687.71,2,18,1475
11,2,00:33:34,60448,7,4,15,2,net shot,0.0,1,2.0,1,-0.8914634146341462,-0.1566666666666666,,,8,113.8,611.48,8,167.0,325.79,2,18,1475
11,3,00:33:35,60475,7,4,18,2,lob,0.0,0,1.0,8,-0.6402439024390244,1.5083854166666668,,,7,113.7,402.54,8,142.9,643.38,2,18,1475
11,4,00:33:37,60513,7,4,15,2,smash,0.0,0,2.0,6,0.951219512195122,-0.7955729166666666,,,9,145.3,774.53,8,143.5,328.06,2,18,1475
11,5,00:33:37,60530,7,4,18,2,defensive shot,0.0,1,2.0,7,0.8499999999999999,0.4976041666666664,,,8,142.2,330.37,9,122.7,777.64,2,18,1475
11,6,00:33:38,60558,7,4,15,2,push/rush,0.0,1,1.0,8,0.9195121951219511,-0.8203125,,,8,212.9,595.42,8,183.7,309.38,2,18,1475
11,7,00:33:39,60572,7,4,18,2,drive,1.0,0,1.0,8,0.8012195121951218,0.7012499999999999,,,8,177.4,309.37,8,210.9,606.01,2,18,1475
11,8,00:33:39,60582,7,4,15,2,defensive shot,0.0,1,2.0,7,0.725609756097561,-0.5116666666666667,,,8,197.1,628.02,8,171.1,304.59,2,18,1475
11,9,00:33:40,60610,7,4,18,3,push/rush,0.0,1,2.0,10,1.6999999999999995,1.5269791666666663,out,18.0,7,200.9,368.67,8,182.0,673.64,2,18,1475
