rally,ball_round,time,frame_num,roundscore_A,roundscore_B,player,server,type,aroundhead,backhand,landing_height,landing_area,landing_x,landing_y,lose_reason,getpoint_player,player_location_area,player_location_x,player_location_y,opponent_location_area,opponent_location_x,opponent_location_y,set,match_id,rally_id
10,1,00:09:35,17250,8,2,18,1,short service,0.0,1,2.0,7,-0.2646341463414632,-0.2495833333333334,,,8,184.9,650.59,8,135.3,280.22,1,18,1438
10,2,00:09:35,17274,8,2,15,2,net shot,0.0,0,2.0,2,-0.9939024390243902,0.3386979166666665,,,7,136.9,366.33,8,175.2,640.75,1,18,1438
10,3,00:09:36,17298,8,2,18,2,lob,0.0,1,1.0,4,1.30609756097561,-1.524635416666667,,,7,117.3,569.97,8,146.9,325.75,1,18,1438
10,4,00:09:37,17339,8,2,15,2,clear,0.0,0,1.0,5,0.95,1.4654166666666668,,,4,256.6,177.1,8,198.9,669.74,1,18,1438
10,5,00:09:39,17370,8,2,18,2,clear,0.0,0,1.0,5,-1.0158536585365854,-1.32296875,,,8,216.7,736.45,8,210.8,265.33,1,18,1438
10,6,00:09:40,17402,8,2,15,2,smash,1.0,0,2.0,6,-1.345121951219512,1.2009895833333335,,,8,131.7,255.07,8,208.1,697.2,1,18,1438
10,7,00:09:40,17418,8,2,18,3,defensive shot,0.0,1,2.0,1,-0.952439024390244,-0.0856249999999999,not pass over the net,18.0,8,180.4,691.92,8,118.4,247.35,1,18,1438
