rally,ball_round,time,frame_num,roundscore_A,roundscore_B,player,server,type,aroundhead,backhand,landing_height,landing_area,landing_x,landing_y,lose_reason,getpoint_player,player_location_area,player_location_x,player_location_y,opponent_location_area,opponent_location_x,opponent_location_y,set,match_id,rally_id
23,1,00:18:12,32766,15,8,15,1,short service,0.0,0,2.0,7,0.6146341463414635,0.4461458333333332,,,8,171.1,302.19,8,220.3,687.0,1,18,1451
23,2,00:18:12,32789,15,8,18,2,lob,0.0,0,1.0,9,-0.6597560975609755,-1.5396875,,,8,210.1,595.4,8,185.2,304.61,1,18,1451
23,3,00:18:14,32836,15,8,15,2,smash,0.0,0,2.0,6,-1.054878048780488,0.9097916666666664,,,9,141.1,182.7,8,181.1,653.33,1,18,1451
23,4,00:18:15,32855,15,8,18,2,defensive shot,0.0,1,2.0,1,-0.8963414634146342,-0.3143229166666668,,,8,176.8,658.8,9,152.8,202.14,1,18,1451
23,5,00:18:16,32883,15,8,15,2,lob,0.0,1,1.0,3,1.281707317073171,1.5722916666666666,,,7,126.9,366.31,8,175.8,657.42,1,18,1451
23,6,00:18:17,32919,15,8,18,2,drop,0.0,0,2.0,2,1.0707317073170732,-0.3991666666666666,,,3,260.0,762.06,8,189.5,292.56,1,18,1451
23,7,00:18:18,32945,15,8,15,2,net shot,0.0,0,2.0,1,1.4109756097560977,0.3253645833333334,,,7,244.1,366.59,8,214.1,714.75,1,18,1451
23,8,00:18:19,32976,15,8,18,2,lob,0.0,0,1.0,9,-0.0512195121951218,-1.5247916666666663,,,1,262.2,561.0,8,220.3,351.01,1,18,1451
23,9,00:18:21,33031,15,8,15,3,drop,0.0,0,2.0,7,0.3426829268292682,0.0736979166666665,touched the net,18.0,9,185.9,196.66,8,196.1,650.65,1,18,1451
