rally,ball_round,time,frame_num,player,pos,type,lose_reason,getpoint_player,ball,top,bottom
31,2,00:53:42,96678,28,top,net shot,touched the net,27.0,"[769, 362]","[[836.3115234375, 366.1037902832031], [842.0117797851562, 363.2357177734375], [834.8863525390625, 361.8016662597656], [850.5621337890625, 371.8399963378906], [830.6112060546875, 368.9718933105469], [857.6875610351562, 397.65283203125], [827.7610473632812, 393.3506774902344], [850.5621337890625, 414.86138916015625], [834.8863525390625, 414.86138916015625], [824.9109497070312, 407.6911315917969], [853.4122924804688, 411.9932861328125], [866.2379150390625, 440.6741943359375], [844.8618774414062, 437.8061218261719], [864.8128662109375, 463.6189880371094], [820.6357421875, 480.8275146484375], [863.3878173828125, 508.07440185546875], [839.1616821289062, 489.4317932128906], [851.2747497558594, 498.7530975341797]]","[[980.4022827148438, 548.3656616210938], [954.6639404296875, 544.04296875], [978.972412109375, 544.04296875], [957.5237426757812, 546.9247436523438], [983.2620849609375, 545.48388671875], [950.374267578125, 577.1832275390625], [1003.28076171875, 577.1832275390625], [928.9255981445312, 620.4095458984375], [1027.5892333984375, 626.173095703125], [918.916259765625, 647.7862548828125], [1030.448974609375, 650.6680297851562], [983.2620849609375, 662.195068359375], [1017.579833984375, 657.8724365234375], [957.5237426757812, 722.7119750976562], [1009.0004272460938, 693.8944091796875], [956.0938720703125, 793.3150634765625], [1029.0191650390625, 744.3251953125], [992.5565185546875, 768.8201293945312]]"
