rally,ball_round,time,frame_num,roundscore_A,roundscore_B,player,server,type,aroundhead,backhand,landing_height,landing_area,landing_x,landing_y,lose_reason,getpoint_player,player_location_area,player_location_x,player_location_y,opponent_location_area,opponent_location_x,opponent_location_y,set,match_id,rally_id
15,1,00:13:48,24851,6,9,16,1,short service,0.0,1,2.0,7,0.4951219512195121,-0.2881770833333332,,,8,168.0,636.22,8,233.0,280.19,1,47,3952
15,2,00:13:49,24874,6,9,15,2,net shot,0.0,1,2.0,1,1.15,0.3035937499999998,,,8,238.1,354.95,8,180.6,658.62,1,47,3952
15,3,00:13:50,24900,6,9,16,2,lob,0.0,0,1.0,9,-0.7548780487804879,-1.5551562500000002,,,7,242.5,555.04,8,204.2,334.6,1,47,3952
15,4,00:13:51,24947,6,9,15,2,clear,0.0,0,1.0,3,1.40609756097561,1.5513020833333335,,,9,130.9,182.98,8,188.9,653.41,1,47,3952
15,5,00:13:52,24986,6,9,16,2,smash,0.0,0,2.0,6,1.2963414634146342,-1.0308854166666668,,,3,268.2,760.76,8,169.4,236.27,1,47,3952
15,6,00:13:53,25001,6,9,15,2,defensive shot,0.0,0,1.0,1,1.0402439024390244,0.2684895833333331,,,8,243.6,272.29,3,305.4,785.64,1,47,3952
15,7,00:13:54,25028,6,9,16,3,push/rush,0.0,0,2.0,10,-1.4,-1.8261979166666664,out,15.0,7,236.6,567.69,8,238.2,277.54,1,47,3952
