rally,ball_round,time,frame_num,roundscore_A,roundscore_B,player,server,type,aroundhead,backhand,landing_height,landing_area,landing_x,landing_y,lose_reason,getpoint_player,player_location_area,player_location_x,player_location_y,opponent_location_area,opponent_location_x,opponent_location_y,set,match_id,rally_id
19,1,00:44:59,80988,8,11,15,1,short service,0.0,0,2.0,2,1.05609756097561,-0.2480208333333333,,,8,165.7,661.23,8,220.3,290.55,2,47,3996
19,2,00:45:00,81013,8,11,16,2,lob,0.0,1,1.0,5,1.2060975609756095,1.4374479166666667,,,7,225.5,377.46,8,182.2,646.86,2,47,3996
19,3,00:45:01,81049,8,11,15,2,smash,0.0,0,2.0,6,1.2195121951219512,-1.0033333333333332,,,8,226.4,733.27,8,195.8,288.41,2,47,3996
19,4,00:45:02,81061,8,11,16,2,defensive shot,0.0,1,2.0,1,1.3841463414634143,0.4653125000000002,,,8,178.4,275.93,5,259.5,735.44,2,47,3996
19,5,00:45:02,81086,8,11,15,2,push/rush,0.0,1,1.0,6,1.159756097560976,-1.1825,,,1,262.9,579.85,8,198.0,285.85,2,47,3996
19,6,00:45:03,81102,8,11,16,2,clear,0.0,1,1.0,9,0.5865853658536585,1.5191666666666663,,,8,205.7,298.29,8,244.5,602.25,2,47,3996
19,7,00:45:04,81143,8,11,15,2,clear,0.0,0,1.0,5,-1.0451219512195122,-1.2516145833333334,,,8,205.3,737.62,8,177.7,265.56,2,47,3996
19,8,00:45:05,81173,8,11,16,2,drop,0.0,0,1.0,2,-1.0390243902439025,0.2665104166666664,,,5,96.8,237.55,8,165.2,701.66,2,47,3996
19,9,00:45:06,81200,8,11,15,3,push/rush,0.0,0,2.0,5,-1.0182926829268293,-0.9611458333333336,opponent's ball landed,15.0,2,102.8,543.08,8,113.7,264.0,2,47,3996
