rally,ball_round,time,frame_num,roundscore_A,roundscore_B,player,server,type,aroundhead,backhand,landing_height,landing_area,landing_x,landing_y,lose_reason,getpoint_player,player_location_area,player_location_x,player_location_y,opponent_location_area,opponent_location_x,opponent_location_y,set,match_id,rally_id
27,1,00:48:44,87736,11,16,15,1,short service,0.0,0,2.0,7,-0.4439024390243903,-0.3708333333333333,,,8,187.4,653.41,8,123.1,276.83,2,47,4003
27,2,00:48:45,87757,11,16,16,2,lob,0.0,1,1.0,4,-0.9414634146341464,1.529375,,,8,126.1,365.46,8,160.1,666.34,2,47,4003
27,3,00:48:46,87791,11,16,15,2,smash,0.0,0,2.0,6,0.9353658536585364,-0.94796875,,,9,112.9,766.72,8,144.0,271.32,2,47,4003
27,4,00:48:46,87805,11,16,16,2,defensive shot,0.0,1,1.0,7,0.2195121951219512,0.4602083333333334,,,8,146.6,255.53,4,88.6,780.49,2,47,4003
27,5,00:48:47,87835,11,16,15,3,push/rush,0.0,0,2.0,8,0.373170731707317,-1.024427083333333,opponent's ball landed,15.0,8,194.9,637.47,8,208.6,295.75,2,47,4003
