rally,ball_round,time,frame_num,roundscore_A,roundscore_B,player,server,type,aroundhead,backhand,landing_height,landing_area,landing_x,landing_y,lose_reason,getpoint_player,player_location_area,player_location_x,player_location_y,opponent_location_area,opponent_location_x,opponent_location_y,set,match_id,rally_id
6,1,00:08:50,15903,2,4,16,1,short service,0.0,1,2.0,7,0.573170731707317,-0.3649999999999999,,,8,167.0,638.92,8,235.7,285.25,1,47,3943
6,2,00:08:50,15924,2,4,15,2,lob,0.0,1,1.0,5,1.197560975609756,1.4705729166666668,,,8,245.6,354.85,8,182.1,659.9,1,47,3943
6,3,00:08:51,15955,2,4,16,2,drop,0.0,0,2.0,2,1.054878048780488,-0.3344270833333332,,,8,250.5,746.17,8,205.4,308.18,1,47,3943
6,4,00:08:52,15980,2,4,15,2,lob,0.0,0,1.0,6,-1.2829268292682927,1.4865104166666665,,,8,243.7,352.6,8,208.8,719.99,1,47,3943
6,5,00:08:53,16016,2,4,16,2,clear,0.0,1,1.0,5,-1.1158536585365857,-1.1796354166666667,,,6,99.1,750.34,8,175.5,306.18,1,47,3943
6,6,00:08:54,16043,2,4,15,2,smash,0.0,0,2.0,6,-1.15,1.11703125,,,8,109.3,248.16,8,157.8,701.67,1,47,3943
6,7,00:08:55,16058,2,4,16,2,defensive shot,0.0,1,2.0,1,-1.1353658536585365,-0.2801562500000001,,,8,165.9,683.73,5,91.2,221.09,1,47,3943
6,8,00:08:56,16089,2,4,15,3,lob,0.0,1,2.0,10,-1.554878048780488,1.5555208333333332,out,15.0,5,102.6,359.04,8,169.8,667.58,1,47,3943
