rally,ball_round,time,frame_num,roundscore_A,roundscore_B,player,server,type,aroundhead,backhand,landing_height,landing_area,landing_x,landing_y,lose_reason,getpoint_player,player_location_area,player_location_x,player_location_y,opponent_location_area,opponent_location_x,opponent_location_y,set,match_id,rally_id
39,1,00:28:56,52086,20,19,15,1,short service,0.0,0,2.0,7,-0.7341463414634146,0.4793749999999998,,,8,192.0,300.99,8,130.9,673.95,1,47,3975
39,2,00:28:57,52111,20,19,16,2,lob,0.0,1,1.0,4,1.1999999999999995,-1.49375,,,7,144.4,575.95,8,181.2,308.54,1,47,3975
39,3,00:28:58,52150,20,19,15,2,drop,0.0,0,2.0,7,0.7170731707317075,0.4084895833333331,,,4,255.6,189.4,8,211.9,664.94,1,47,3975
39,4,00:28:59,52175,20,19,16,2,net shot,0.0,0,2.0,7,0.0085365853658535,-0.1080729166666666,,,7,232.2,586.06,8,217.8,229.92,1,47,3975
39,5,00:29:00,52204,20,19,15,2,lob,0.0,0,1.0,8,-0.8414634146341463,1.4757291666666668,,,7,163.9,410.2,7,186.6,567.99,1,47,3975
39,6,00:29:01,52250,20,19,16,3,clear,0.0,1,2.0,10,0.0634146341463413,-1.6902604166666666,out,15.0,8,117.3,752.43,8,143.3,323.63,1,47,3975
