rally,ball_round,time,frame_num,roundscore_A,roundscore_B,player,server,type,aroundhead,backhand,landing_height,landing_area,landing_x,landing_y,lose_reason,getpoint_player,player_location_area,player_location_x,player_location_y,opponent_location_area,opponent_location_x,opponent_location_y,set,match_id,rally_id
31,1,00:50:27,90836,11,20,16,1,short service,0.0,1,2.0,7,-0.6207317073170733,0.6075520833333332,,,8,182.6,315.83,8,119.7,665.18,2,47,4007
31,2,00:50:28,90854,11,20,15,2,net shot,0.0,0,2.0,7,0.0707317073170733,-0.2011458333333333,,,7,150.1,580.48,8,171.9,298.81,2,47,4007
31,3,00:50:29,90877,11,20,16,2,net shot,0.0,0,2.0,7,0.7585365853658536,0.2063541666666667,,,7,190.4,384.44,8,165.0,606.96,2,47,4007
31,4,00:50:30,90902,11,20,15,2,net shot,0.0,1,1.0,7,0.0475609756097561,-0.1388541666666668,,,7,219.7,535.69,7,193.7,386.56,2,47,4007
31,5,00:50:30,90923,11,20,16,3,push/rush,0.0,0,2.0,9,-0.2902439024390245,1.51359375,opponent's ball landed,15.0,7,191.5,399.4,7,203.5,570.99,2,47,4007
