rally,ball_round,time,frame_num,roundscore_A,roundscore_B,player,server,type,aroundhead,backhand,landing_height,landing_area,landing_x,landing_y,lose_reason,getpoint_player,player_location_area,player_location_x,player_location_y,opponent_location_area,opponent_location_x,opponent_location_y,set,match_id,rally_id
30,1,00:22:19,40171,13,17,15,1,short service,0.0,0,2.0,7,0.7853658536585366,0.4252083333333332,,,8,167.0,301.37,8,231.8,683.6,1,47,3967
30,2,00:22:19,40194,13,17,16,2,net shot,0.0,1,2.0,2,1.1378048780487806,-0.0129166666666667,,,7,247.0,573.82,8,187.7,301.05,1,47,3967
30,3,00:22:20,40219,13,17,15,2,lob,0.0,0,1.0,3,0.9829268292682928,1.6339583333333334,,,2,252.6,417.43,7,211.5,587.67,1,47,3967
30,4,00:22:22,40267,13,17,16,2,clear,0.0,0,1.0,5,-1.2097560975609756,-1.2503645833333332,,,9,230.1,791.25,8,205.8,325.11,1,47,3967
30,5,00:22:23,40301,13,17,15,2,clear,0.0,0,1.0,4,-1.2634146341463417,1.513333333333333,,,8,139.4,236.8,8,179.0,687.35,1,47,3967
30,6,00:22:24,40339,13,17,16,2,smash,0.0,0,2.0,5,-1.1573170731707318,-1.054375,,,6,88.0,750.34,8,162.2,257.92,1,47,3967
30,7,00:22:25,40351,13,17,15,2,defensive shot,0.0,1,2.0,2,-1.0439024390243905,0.3540104166666668,,,8,179.9,270.74,6,82.1,738.71,1,47,3967
30,8,00:22:26,40381,13,17,16,3,lob,0.0,1,2.0,10,0.651219512195122,-1.7947395833333335,out,15.0,7,114.1,566.88,8,140.4,296.81,1,47,3967
