rally,ball_round,time,frame_num,roundscore_A,roundscore_B,player,server,type,aroundhead,backhand,landing_height,landing_area,landing_x,landing_y,lose_reason,getpoint_player,player_location_area,player_location_x,player_location_y,opponent_location_area,opponent_location_x,opponent_location_y,set,match_id,rally_id
29,1,00:33:35,60453,14,15,2,1,long service,0.0,0,1.0,9,-0.7365853658536586,1.5971874999999998,,,8,189.4,318.73,8,129.9,691.9,2,15,1234
29,2,00:33:36,60506,14,15,14,2,drop,0.0,0,2.0,1,-1.0817073170731708,-0.5129687500000001,,,9,119.8,763.88,8,148.7,273.89,2,15,1234
29,3,00:33:37,60525,14,15,2,2,lob,0.0,0,1.0,4,-1.0317073170731708,1.54671875,,,8,114.4,310.0,8,137.6,711.37,2,15,1234
29,4,00:33:38,60559,14,15,14,3,drop,0.0,0,2.0,10,-1.5317073170731708,0.1421875,touched the net,2.0,8,107.5,738.96,8,147.5,271.03,2,15,1234
