rally,ball_round,time,frame_num,roundscore_A,roundscore_B,player,server,type,aroundhead,backhand,landing_height,landing_area,landing_x,landing_y,lose_reason,getpoint_player,player_location_area,player_location_x,player_location_y,opponent_location_area,opponent_location_x,opponent_location_y,set,match_id,rally_id
9,1,00:02:47,5033,3,6,14,1,long service,0.0,0,1.0,9,0.5634146341463413,1.5531770833333336,,,8,160.6,348.03,8,221.9,711.21,1,15,1178
9,2,00:02:49,5082,3,6,2,2,drop,0.0,0,2.0,1,-1.098780487804878,-0.3146354166666668,,,9,212.1,786.13,8,179.4,302.19,1,15,1178
9,3,00:02:50,5109,3,6,14,2,lob,0.0,0,1.0,4,-1.0975609756097562,1.5638541666666663,,,5,95.8,347.62,8,175.5,690.04,1,15,1178
9,4,00:02:51,5141,3,6,2,2,clear,1.0,0,1.0,3,-1.1317073170731706,-1.44140625,,,8,137.6,711.37,8,132.6,296.3,1,15,1178
9,5,00:02:52,5176,3,6,14,2,clear,0.0,0,1.0,9,-0.774390243902439,1.6391145833333336,,,5,102.5,208.82,8,155.8,706.07,1,15,1178
9,6,00:02:53,5213,3,6,2,2,smash,0.0,0,2.0,6,1.0512195121951218,-0.9277083333333334,,,9,122.4,776.86,8,155.1,236.24,1,15,1178
9,7,00:02:54,5232,3,6,14,2,defensive shot,0.0,1,2.0,1,1.3097560975609754,0.3523958333333332,,,8,159.7,302.05,9,138.1,767.09,1,15,1178
9,8,00:02:55,5264,3,6,2,2,lob,0.0,0,1.0,9,-0.6439024390243903,-1.4072916666666666,,,1,262.5,547.46,8,221.4,327.07,1,15,1178
9,9,00:02:57,5311,3,6,14,3,clear,0.0,0,2.0,10,-0.5573170731707315,1.833697916666667,out,2.0,9,134.6,196.92,8,190.4,645.74,1,15,1178
