rally,ball_round,time,frame_num,roundscore_A,roundscore_B,player,server,type,aroundhead,backhand,landing_height,landing_area,landing_x,landing_y,lose_reason,getpoint_player,player_location_area,player_location_x,player_location_y,opponent_location_area,opponent_location_x,opponent_location_y,set,match_id,rally_id
39,1,00:38:59,70176,21,18,2,1,long service,0.0,0,1.0,3,1.0134146341463417,1.5184895833333332,,,8,158.8,323.94,8,227.7,682.76,2,15,1244
39,2,00:39:01,70231,21,18,14,2,smash,0.0,0,2.0,6,1.2682926829268293,-0.8545833333333333,,,8,240.9,755.31,8,165.9,307.61,2,15,1244
39,3,00:39:01,70249,21,18,2,2,defensive shot,0.0,1,2.0,7,0.2390243902439023,0.2375520833333334,,,8,239.6,277.45,8,217.2,721.63,2,15,1244
39,4,00:39:02,70281,21,18,14,2,net shot,0.0,0,2.0,7,0.0999999999999998,0.0009375,,,7,189.6,568.36,8,192.4,291.16,2,15,1244
39,5,00:39:03,70306,21,18,2,2,lob,0.0,1,1.0,9,-0.6926829268292682,1.5633333333333332,,,7,169.7,433.94,7,172.6,582.76,2,15,1244
39,6,00:39:04,70346,21,18,14,3,clear,0.0,0,2.0,10,1.0024390243902437,-1.69515625,out,2.0,8,139.7,743.93,8,158.0,302.04,2,15,1244
