rally,ball_round,time,frame_num,roundscore_A,roundscore_B,player,server,type,aroundhead,backhand,landing_height,landing_area,landing_x,landing_y,lose_reason,getpoint_player,player_location_area,player_location_x,player_location_y,opponent_location_area,opponent_location_x,opponent_location_y,set,match_id,rally_id
8,1,00:21:05,37964,5,3,2,1,long service,0.0,0,1.0,9,-0.625609756097561,1.6138541666666668,,,8,184.9,310.5,8,129.9,691.9,2,15,1213
8,2,00:21:07,38015,5,3,14,2,clear,0.0,0,1.0,3,-1.4402439024390243,-1.475,,,9,125.6,767.13,8,150.7,301.98,2,15,1213
8,3,00:21:08,38057,5,3,2,2,clear,0.0,0,1.0,4,-1.0097560975609756,1.5975520833333334,,,3,67.3,177.67,8,160.0,677.38,2,15,1213
8,4,00:21:09,38096,5,3,14,2,clear,0.0,0,1.0,3,-1.3439024390243903,-1.4584374999999998,,,9,109.4,762.28,8,134.2,265.2,2,15,1213
8,5,00:21:10,38129,5,3,2,2,clear,0.0,0,1.0,4,-1.0365853658536586,1.5125,,,3,75.2,193.27,8,138.5,691.88,2,15,1213
8,6,00:21:12,38170,5,3,14,2,drop,0.0,0,2.0,6,0.952439024390244,-0.6029166666666667,,,6,102.4,744.03,8,142.5,276.69,2,15,1213
8,7,00:21:13,38193,5,3,2,2,lob,0.0,1,1.0,5,0.9902439024390244,1.3526041666666668,,,8,226.0,318.98,8,129.5,711.39,2,15,1213
8,8,00:21:14,38225,5,3,14,3,smash,0.0,0,2.0,6,1.3231707317073171,-1.0150520833333332,opponent's ball landed,2.0,8,234.3,735.27,8,188.4,296.71,2,15,1213
