rally,ball_round,time,frame_num,roundscore_A,roundscore_B,player,server,type,aroundhead,backhand,landing_height,landing_area,landing_x,landing_y,lose_reason,getpoint_player,player_location_area,player_location_x,player_location_y,opponent_location_area,opponent_location_x,opponent_location_y,set,match_id,rally_id
30,1,00:12:44,22937,12,18,14,1,long service,0.0,0,1.0,9,0.7426829268292684,1.5951041666666663,,,8,162.1,323.97,8,218.6,702.44,1,15,1199
30,2,00:12:46,22993,12,18,2,2,clear,0.0,0,1.0,4,0.9365853658536588,-1.4488541666666668,,,9,227.4,771.68,8,177.7,279.8,1,15,1199
30,3,00:12:47,23028,12,18,14,2,drop,1.0,0,2.0,7,-0.8207317073170731,0.5811979166666669,,,8,225.2,216.0,8,203.0,693.58,1,15,1199
30,4,00:12:48,23050,12,18,2,2,lob,0.0,1,1.0,3,-1.25,-1.393802083333333,,,8,134.8,616.8,9,239.7,179.4,1,15,1199
30,5,00:12:49,23080,12,18,14,2,clear,0.0,0,1.0,4,-0.8853658536585365,1.6309375,,,5,96.1,226.82,8,160.6,636.22,1,15,1199
30,6,00:12:50,23116,12,18,2,2,drop,0.0,0,2.0,1,-1.2439024390243902,-0.2249999999999999,,,8,125.0,735.53,8,143.4,262.39,1,15,1199
30,7,00:12:51,23144,12,18,14,3,net shot,0.0,0,2.0,7,0.6207317073170733,0.0857812500000001,touched the net,2.0,1,92.3,381.41,8,138.2,699.03,1,15,1199
