rally,ball_round,time,frame_num,roundscore_A,roundscore_B,player,server,type,aroundhead,backhand,landing_height,landing_area,landing_x,landing_y,lose_reason,getpoint_player,player_location_area,player_location_x,player_location_y,opponent_location_area,opponent_location_x,opponent_location_y,set,match_id,rally_id
25,1,00:10:10,18317,9,16,2,1,long service,0.0,0,1.0,9,0.6500000000000001,-1.6133333333333333,,,8,169.0,649.54,8,218.1,271.59,1,15,1194
25,2,00:10:12,18374,9,16,14,2,drop,0.0,0,2.0,7,-0.7463414634146341,0.6238541666666665,,,9,238.5,160.52,8,202.1,666.32,1,15,1194
25,3,00:10:13,18394,9,16,2,2,net shot,0.0,1,2.0,7,-0.0646341463414635,-0.1973958333333332,,,8,151.2,634.3,9,209.0,203.74,1,15,1194
25,4,00:10:14,18422,9,16,14,2,lob,0.0,1,1.0,3,1.3585365853658533,1.5858854166666667,,,7,159.4,391.93,8,166.5,614.84,1,15,1194
25,5,00:10:15,18456,9,16,2,2,clear,0.0,0,1.0,4,1.0951219512195125,-1.4481770833333334,,,8,248.5,750.32,8,186.1,299.47,1,15,1194
25,6,00:10:16,18494,9,16,14,2,drop,0.0,0,2.0,2,-0.901219512195122,0.4836979166666666,,,9,248.7,194.95,8,211.0,700.68,1,15,1194
25,7,00:10:17,18522,9,16,2,3,net shot,0.0,1,2.0,7,-0.4365853658536587,0.0843229166666666,not pass over the net,2.0,8,126.8,602.93,8,220.1,260.14,1,15,1194
