rally,ball_round,time,frame_num,roundscore_A,roundscore_B,player,server,type,aroundhead,backhand,landing_height,landing_area,landing_x,landing_y,lose_reason,getpoint_player,player_location_area,player_location_x,player_location_y,opponent_location_area,opponent_location_x,opponent_location_y,set,match_id,rally_id
12,1,00:46:59,84574,5,7,2,1,long service,0.0,0,1.0,9,-0.045121951219512,-1.4208333333333334,,,8,187.5,653.29,8,117.6,282.16,3,15,1256
12,2,00:47:00,84629,5,7,14,2,clear,0.0,0,1.0,3,1.2402439024390242,1.54375,,,9,163.1,203.31,8,190.4,690.02,3,15,1256
12,3,00:47:02,84663,5,7,2,2,drop,0.0,0,2.0,7,0.8914634146341462,-0.5215624999999999,,,9,250.4,773.21,8,180.5,282.64,3,15,1256
12,4,00:47:03,84690,5,7,14,2,net shot,0.0,1,2.0,1,1.0304878048780488,0.3183333333333333,,,8,226.2,356.32,8,200.5,709.5,3,15,1256
12,5,00:47:04,84722,5,7,2,2,lob,0.0,0,1.0,5,-1.0109756097560976,-1.3136458333333334,,,7,239.3,590.95,8,201.9,335.0,3,15,1256
12,6,00:47:05,84769,5,7,14,3,drop,0.0,0,2.0,10,1.7121951219512193,0.4195312499999997,out,2.0,5,102.9,220.89,8,170.5,673.72,3,15,1256
