rally,ball_round,time,frame_num,roundscore_A,roundscore_B,player,server,type,aroundhead,backhand,landing_height,landing_area,landing_x,landing_y,lose_reason,getpoint_player,player_location_area,player_location_x,player_location_y,opponent_location_area,opponent_location_x,opponent_location_y,set,match_id,rally_id
14,1,00:34:13,61609,4,10,16,1,short service,0.0,1,2.0,7,0.25,-0.5096354166666668,,,8,167.6,664.06,8,230.5,315.99,2,23,1886
14,2,00:34:14,61626,4,10,20,2,push/rush,0.0,0,1.0,5,1.0817073170731706,0.9867187500000002,,,7,220.6,375.46,8,179.7,671.59,2,23,1886
14,3,00:34:14,61647,4,10,16,2,smash,0.0,0,2.0,6,1.1817073170731704,-0.96359375,,,8,212.1,695.32,8,192.8,330.51,2,23,1886
14,4,00:34:15,61659,4,10,20,2,defensive shot,0.0,1,2.0,1,1.1439024390243904,0.3415104166666669,,,8,166.5,298.81,5,258.6,746.15,2,23,1886
14,5,00:34:16,61683,4,10,16,2,net shot,0.0,0,2.0,7,0.5512195121951218,-0.1756250000000001,,,5,254.8,603.56,8,184.2,305.54,2,23,1886
14,6,00:34:17,61711,4,10,20,2,lob,0.0,1,1.0,9,0.528048780487805,1.5645833333333332,,,7,196.1,414.01,8,215.4,596.68,2,23,1886
14,7,00:34:18,61762,4,10,16,3,smash,0.0,0,2.0,6,1.3573170731707318,-1.08203125,opponent's ball landed,20.0,9,213.7,762.7,8,174.7,302.17,2,23,1886
