rally,ball_round,time,frame_num,roundscore_A,roundscore_B,player,server,type,aroundhead,backhand,landing_height,landing_area,landing_x,landing_y,lose_reason,getpoint_player,player_location_area,player_location_x,player_location_y,opponent_location_area,opponent_location_x,opponent_location_y,set,match_id,rally_id
22,1,00:38:04,68520,8,14,16,1,short service,0.0,1,2.0,7,-0.5829268292682926,-0.5023958333333333,,,8,182.6,660.62,8,136.8,278.83,2,23,1894
22,2,00:38:04,68534,8,14,20,2,push/rush,0.0,0,1.0,8,0.876829268292683,1.137135416666667,,,7,149.5,368.14,8,183.6,641.8,2,23,1894
22,3,00:38:05,68558,8,14,16,2,drop,0.0,0,2.0,2,1.0987804878048784,-0.2122395833333333,,,8,198.6,710.6,8,167.9,320.75,2,23,1894
22,4,00:38:06,68585,8,14,20,2,lob,0.0,1,1.0,6,-1.2926829268292683,1.3448958333333334,,,7,240.1,398.47,8,219.3,690.17,2,23,1894
22,5,00:38:07,68621,8,14,16,2,clear,1.0,0,1.0,8,-0.7012195121951219,-1.3366145833333334,,,8,123.4,742.38,8,158.5,320.54,2,23,1894
22,6,00:38:08,68658,8,14,20,2,smash,0.0,0,2.0,5,1.2317073170731707,1.0361458333333335,,,8,106.2,227.65,8,164.9,716.8,2,23,1894
22,7,00:38:09,68676,8,14,16,2,defensive shot,0.0,0,2.0,6,1.2792682926829266,-0.7324479166666666,,,8,205.2,686.4,5,99.4,209.93,2,23,1894
22,8,00:38:10,68704,8,14,20,3,push/rush,0.0,1,2.0,4,-1.276829268292683,1.7230208333333337,misjudged,20.0,8,249.5,349.83,5,293.5,678.97,2,23,1894
