rally,ball_round,time,frame_num,roundscore_A,roundscore_B,player,server,type,aroundhead,backhand,landing_height,landing_area,landing_x,landing_y,lose_reason,getpoint_player,player_location_area,player_location_x,player_location_y,opponent_location_area,opponent_location_x,opponent_location_y,set,match_id,rally_id
32,1,00:43:25,78177,12,20,20,1,short service,0.0,1,2.0,7,0.5219512195121953,0.5328645833333331,,,8,156.1,326.63,8,223.2,697.25,2,23,1904
32,2,00:43:26,78192,12,20,16,2,push/rush,0.0,1,1.0,8,0.9207317073170732,-1.0002083333333334,,,8,237.6,623.32,8,172.3,333.09,2,23,1904
32,3,00:43:26,78207,12,20,20,2,clear,0.0,1,1.0,8,0.5878048780487803,1.323489583333333,,,8,195.4,318.29,8,222.2,634.79,2,23,1904
32,4,00:43:27,78239,12,20,16,2,clear,0.0,0,1.0,8,0.8439024390243901,-1.26546875,,,8,198.0,748.36,8,184.8,305.56,2,23,1904
32,5,00:43:29,78275,12,20,20,2,smash,1.0,0,2.0,5,1.2451219512195124,1.0266666666666666,,,8,214.8,233.74,8,199.6,708.91,2,23,1904
32,6,00:43:29,78287,12,20,16,2,defensive shot,0.0,0,1.0,8,0.8219512195121952,-0.6421354166666667,,,8,227.8,688.55,8,215.2,244.04,2,23,1904
32,7,00:43:30,78308,12,20,20,2,push/rush,1.0,0,2.0,8,-0.0853658536585365,0.9780208333333332,,,8,226.6,358.18,8,238.6,699.24,2,23,1904
32,8,00:43:30,78322,12,20,16,2,defensive shot,0.0,1,1.0,5,-1.119512195121951,-0.9527604166666668,,,8,219.4,698.92,7,204.6,366.45,2,23,1904
32,9,00:43:31,78343,12,20,20,3,defensive shot,0.0,0,2.0,7,-0.5170731707317073,0.0290104166666666,not pass over the net,20.0,8,110.3,316.34,8,180.1,705.17,2,23,1904
