rally,ball_round,time,frame_num,roundscore_A,roundscore_B,player,server,type,aroundhead,backhand,landing_height,landing_area,landing_x,landing_y,lose_reason,getpoint_player,player_location_area,player_location_x,player_location_y,opponent_location_area,opponent_location_x,opponent_location_y,set,match_id,rally_id
19,1,00:36:39,65994,6,13,16,1,short service,0.0,1,2.0,7,0.4390243902439024,-0.3313541666666666,,,8,166.1,662.19,8,228.5,300.24,2,23,1891
19,2,00:36:40,66005,6,13,20,2,net shot,0.0,0,2.0,7,0.5109756097560977,0.3123437500000001,,,7,230.1,381.38,8,176.8,669.72,2,23,1891
19,3,00:36:40,66028,6,13,16,2,net shot,0.0,0,2.0,7,0.1134146341463416,-0.0843229166666666,,,7,211.9,594.55,7,198.7,397.57,2,23,1891
19,4,00:36:41,66055,6,13,20,2,net shot,0.0,1,1.0,7,-0.4036585365853657,0.1949479166666667,,,7,174.5,418.96,7,180.7,575.05,2,23,1891
19,5,00:36:42,66072,6,13,16,3,push/rush,0.0,1,2.0,7,-0.0024390243902437,0.2230729166666666,touched the net,20.0,7,167.1,557.48,7,160.3,405.04,2,23,1891
