rally,ball_round,time,frame_num,roundscore_A,roundscore_B,player,server,type,aroundhead,backhand,landing_height,landing_area,landing_x,landing_y,lose_reason,getpoint_player,player_location_area,player_location_x,player_location_y,opponent_location_area,opponent_location_x,opponent_location_y,set,match_id,rally_id
28,1,00:44:19,79794,10,18,16,1,long service,0.0,0,1.0,9,-0.1975609756097559,1.5594270833333332,,,8,184.7,299.0,8,134.9,676.61,2,33,2701
28,2,00:44:22,79860,10,18,14,2,clear,0.0,0,1.0,9,-0.7353658536585366,-1.4350520833333331,,,9,144.8,773.72,8,157.1,276.57,2,33,2701
28,3,00:44:23,79900,10,18,16,2,clear,0.0,0,1.0,6,-1.0890243902439023,1.3717708333333334,,,9,127.4,168.66,8,170.5,671.31,2,33,2701
28,4,00:44:24,79936,10,18,14,2,clear,1.0,0,1.0,9,-0.7182926829268294,-1.4936979166666664,,,8,120.5,717.8,8,154.6,253.23,2,33,2701
28,5,00:44:26,79980,10,18,16,2,clear,0.0,0,1.0,6,-1.0048780487804878,1.3792187499999995,,,9,139.0,159.87,8,170.5,679.42,2,33,2701
28,6,00:44:27,80019,10,18,14,3,smash,1.0,0,2.0,10,1.8695121951219515,-0.9915104166666668,out,14.0,8,118.8,728.49,8,159.1,245.25,2,33,2701
