rally,ball_round,time,frame_num,roundscore_A,roundscore_B,player,server,type,aroundhead,backhand,landing_height,landing_area,landing_x,landing_y,lose_reason,getpoint_player,player_location_area,player_location_x,player_location_y,opponent_location_area,opponent_location_x,opponent_location_y,set,match_id,rally_id
10,1,00:13:04,23524,5,5,16,1,long service,0.0,0,1.0,9,-0.578048780487805,-1.3925520833333334,,,8,195.1,649.51,8,125.1,282.15,1,33,2650
10,2,00:13:06,23586,5,5,14,2,smash,0.0,0,2.0,6,-1.3658536585365857,0.8883854166666669,,,9,137.0,179.89,8,194.2,647.84,1,33,2650
10,3,00:13:06,23604,5,5,16,2,defensive shot,0.0,1,2.0,7,-0.4048780487804876,-0.3168749999999998,,,8,178.1,659.72,8,156.6,218.43,1,33,2650
10,4,00:13:07,23633,5,5,14,2,net shot,0.0,0,2.0,7,0.0829268292682928,0.1456249999999999,,,7,132.8,397.29,8,142.8,608.84,1,33,2650
10,5,00:13:08,23656,5,5,16,2,lob,0.0,1,1.0,9,0.3414634146341463,-1.3984895833333333,,,7,193.9,512.82,7,164.5,410.31,1,33,2650
10,6,00:13:10,23702,5,5,14,3,clear,0.0,0,2.0,10,-1.5853658536585369,1.6474479166666665,out,14.0,9,214.6,167.32,8,192.6,630.87,1,33,2650
