rally,ball_round,time,frame_num,roundscore_A,roundscore_B,player,server,type,aroundhead,backhand,landing_height,landing_area,landing_x,landing_y,lose_reason,getpoint_player,player_location_area,player_location_x,player_location_y,opponent_location_area,opponent_location_x,opponent_location_y,set,match_id,rally_id
33,1,01:14:25,133970,20,13,14,1,long service,0.0,0,1.0,9,-0.8426829268292683,-1.5372916666666665,,,8,191.4,613.53,8,116.3,245.88,3,33,2737
33,2,01:14:27,134037,20,13,16,2,clear,0.0,0,1.0,6,-0.9390243902439024,1.3631770833333334,,,3,102.0,177.59,8,174.9,669.62,3,33,2737
33,3,01:14:28,134068,20,13,14,2,clear,0.0,0,1.0,3,-1.0902439024390245,-1.5208333333333333,,,8,126.0,728.41,8,131.4,243.0,3,33,2737
33,4,01:14:30,134104,20,13,16,2,drop,0.0,0,2.0,5,1.1536585365853662,0.8217187499999999,,,3,92.8,166.33,8,159.3,693.95,3,33,2737
33,5,01:14:30,134122,20,13,14,2,lob,0.0,0,1.0,8,0.852439024390244,-1.1892708333333333,,,8,223.9,644.12,3,92.6,174.9,3,33,2737
33,6,01:14:31,134144,20,13,16,2,clear,0.0,1,1.0,8,0.8073170731707315,1.37828125,,,8,197.8,255.22,8,219.0,660.88,3,33,2737
33,7,01:14:32,134182,20,13,14,2,drop,0.0,0,2.0,5,-1.1182926829268294,-0.5392187499999999,,,8,226.5,737.8,8,169.8,268.65,3,33,2737
33,8,01:14:33,134206,20,13,16,2,net shot,0.0,0,2.0,2,-1.0219512195121951,0.1936979166666666,,,8,143.9,284.43,8,221.2,705.81,3,33,2737
33,9,01:14:34,134230,20,13,14,3,net shot,0.0,1,2.0,7,0.7560975609756098,0.1207291666666667,not pass over the net,14.0,2,92.3,535.63,5,68.0,277.87,3,33,2737
