rally,ball_round,time,frame_num,roundscore_A,roundscore_B,player,server,type,aroundhead,backhand,landing_height,landing_area,landing_x,landing_y,lose_reason,getpoint_player,player_location_area,player_location_x,player_location_y,opponent_location_area,opponent_location_x,opponent_location_y,set,match_id,rally_id
16,1,00:37:18,67156,6,10,16,1,long service,0.0,0,1.0,6,-0.9182926829268292,1.49484375,,,8,185.3,296.48,8,134.0,678.24,2,33,2689
16,2,00:37:20,67222,6,10,14,2,smash,0.0,0,2.0,5,-1.196341463414634,-0.919375,,,9,107.7,772.7,8,140.6,281.93,2,33,2689
16,3,00:37:21,67239,6,10,16,2,defensive shot,0.0,0,2.0,1,1.104878048780488,0.2748958333333332,,,8,112.5,284.89,8,127.3,728.4,2,33,2689
16,4,00:37:22,67269,6,10,14,2,lob,0.0,0,1.0,6,1.2073170731707317,-1.2896354166666668,,,7,240.0,589.79,8,170.4,273.8,2,33,2689
16,5,00:37:23,67296,6,10,16,2,smash,1.0,0,2.0,5,1.545121951219512,0.9527083333333332,,,8,228.5,217.35,8,211.6,634.07,2,33,2689
16,6,00:37:23,67312,6,10,14,3,defensive shot,0.0,0,2.0,10,1.729268292682927,-0.8071354166666668,out,14.0,8,230.9,675.48,8,247.7,222.49,2,33,2689
