rally,ball_round,time,frame_num,roundscore_A,roundscore_B,player,server,type,aroundhead,backhand,landing_height,landing_area,landing_x,landing_y,lose_reason,getpoint_player,player_location_area,player_location_x,player_location_y,opponent_location_area,opponent_location_x,opponent_location_y,set,match_id,rally_id
35,1,01:15:40,136216,21,14,16,1,long service,0.0,0,1.0,3,0.9621951219512196,1.6207291666666663,,,8,156.8,304.4,8,231.6,691.52,3,33,2739
35,2,01:15:42,136272,21,14,14,2,smash,0.0,0,2.0,6,1.2597560975609758,-0.92140625,,,9,233.0,786.85,8,161.6,286.71,3,33,2739
35,3,01:15:43,136290,21,14,16,2,defensive shot,0.0,1,1.0,5,1.2487804878048778,1.4996875000000005,,,8,174.3,286.53,8,216.8,724.34,3,33,2739
35,4,01:15:44,136326,21,14,14,2,drop,0.0,0,2.0,6,1.069512195121951,-0.7138541666666667,,,9,251.6,768.25,8,179.8,281.36,3,33,2739
35,5,01:15:44,136347,21,14,16,2,lob,0.0,1,1.0,8,-0.7597560975609756,1.3936979166666668,,,8,236.8,295.73,8,215.9,724.35,3,33,2739
35,6,01:15:46,136383,21,14,14,2,clear,0.0,0,1.0,9,-0.7463414634146341,-1.4935416666666663,,,8,152.5,735.64,8,161.6,286.71,3,33,2739
35,7,01:15:47,136422,21,14,16,3,smash,0.0,0,2.0,1,-0.995121951219512,0.0017708333333332,touched the net,14.0,9,111.8,174.6,8,179.3,677.7,3,33,2739
