rally,ball_round,time,frame_num,roundscore_A,roundscore_B,player,server,type,aroundhead,backhand,landing_height,landing_area,landing_x,landing_y,lose_reason,getpoint_player,player_location_area,player_location_x,player_location_y,opponent_location_area,opponent_location_x,opponent_location_y,set,match_id,rally_id
9,1,00:33:40,60611,4,5,14,1,long service,0.0,0,1.0,9,-0.5317073170731706,-1.4509375000000002,,,8,189.7,602.95,8,119.3,232.5,2,33,2682
9,2,00:33:42,60677,4,5,16,2,smash,0.0,0,2.0,6,-1.1756097560975611,0.7976562499999998,,,9,134.8,157.04,8,181.6,664.62,2,33,2682
9,3,00:33:43,60696,4,5,14,2,defensive shot,0.0,1,2.0,5,-1.276829268292683,-0.6120833333333332,,,8,114.4,635.25,8,146.5,232.1,2,33,2682
9,4,00:33:44,60720,4,5,16,2,push/rush,0.0,0,1.0,6,-1.0560975609756096,1.3479166666666664,,,5,97.5,349.09,8,140.1,655.18,2,33,2682
9,5,00:33:44,60748,4,5,14,2,clear,1.0,0,1.0,5,-1.0597560975609757,-1.16328125,,,8,123.0,716.23,8,132.6,294.72,2,33,2682
9,6,00:33:45,60767,4,5,16,3,smash,0.0,0,2.0,5,0.9414634146341462,1.20109375,opponent's ball landed,14.0,8,115.6,259.05,8,131.0,725.32,2,33,2682
