rally,ball_round,time,frame_num,roundscore_A,roundscore_B,player,server,type,aroundhead,backhand,landing_height,landing_area,landing_x,landing_y,lose_reason,getpoint_player,player_location_area,player_location_x,player_location_y,opponent_location_area,opponent_location_x,opponent_location_y,set,match_id,rally_id
22,1,01:06:36,119900,13,9,16,1,long service,0.0,0,1.0,3,0.9658536585365852,1.5161979166666668,,,8,159.6,306.85,8,228.1,678.75,3,33,2726
22,2,01:06:38,119961,13,9,14,2,smash,0.0,0,2.0,6,1.0573170731707315,-0.8547395833333334,,,9,234.3,775.57,8,160.5,291.8,3,33,2726
22,3,01:06:39,119980,13,9,16,2,defensive shot,0.0,1,2.0,1,1.031707317073171,0.3864062500000003,,,8,197.3,301.32,8,210.1,718.31,3,33,2726
22,4,01:06:40,120004,13,9,14,2,push/rush,0.0,0,1.0,8,-0.3841463414634146,-1.085208333333333,,,7,239.2,573.38,8,200.0,298.77,3,33,2726
22,5,01:06:40,120027,13,9,16,2,smash,0.0,0,2.0,6,-0.9292682926829268,1.0,,,8,180.4,260.7,8,197.8,618.7,3,33,2726
22,6,01:06:41,120039,13,9,14,3,defensive shot,0.0,1,2.0,2,-0.9865853658536586,0.1830729166666665,touched the net,14.0,8,184.8,641.21,8,127.5,245.72,3,33,2726
