rally,ball_round,time,frame_num,roundscore_A,roundscore_B,player,server,type,aroundhead,backhand,landing_height,landing_area,landing_x,landing_y,lose_reason,getpoint_player,player_location_area,player_location_x,player_location_y,opponent_location_area,opponent_location_x,opponent_location_y,set,match_id,rally_id
23,1,01:03:20,114021,17,6,16,1,long service,0.0,0,1.0,4,1.1280487804878048,-1.5505729166666669,,,8,167.4,665.28,8,244.6,233.33,3,13,1095
23,2,01:03:21,114057,17,6,15,2,drop,0.0,0,2.0,1,1.2439024390243902,0.4822916666666668,,,4,266.4,189.28,8,201.7,682.9,3,13,1095
23,3,01:03:22,114080,17,6,16,2,net shot,0.0,0,2.0,2,1.0780487804878045,-0.2089583333333333,,,5,257.8,631.82,8,205.6,257.3,3,13,1095
23,4,01:03:23,114111,17,6,15,2,lob,0.0,0,1.0,3,1.0,1.52796875,,,7,236.9,410.53,8,193.3,638.06,3,13,1095
23,5,01:03:25,114158,17,6,16,3,smash,0.0,0,2.0,6,1.3719512195121952,-1.2891145833333333,opponent's ball landed,15.0,3,258.3,762.69,8,211.6,304.82,3,13,1095
