rally,ball_round,time,frame_num,roundscore_A,roundscore_B,player,server,type,aroundhead,backhand,landing_height,landing_area,landing_x,landing_y,lose_reason,getpoint_player,player_location_area,player_location_x,player_location_y,opponent_location_area,opponent_location_x,opponent_location_y,set,match_id,rally_id
26,1,00:19:04,34349,14,12,15,1,short service,0.0,0,2.0,7,-0.4975609756097562,-0.3670833333333334,,,8,186.8,655.35,8,120.9,288.43,1,13,1028
26,2,00:19:05,34375,14,12,16,2,lob,0.0,1,1.0,4,-0.8890243902439026,1.561875,,,8,121.0,352.55,8,164.8,636.76,1,13,1028
26,3,00:19:06,34407,14,12,15,2,drive,0.0,0,1.0,5,-1.023170731707317,-0.8016145833333335,,,9,125.2,766.77,8,126.8,268.26,1,13,1028
26,4,00:19:07,34425,14,12,16,2,drive,0.0,0,2.0,8,-0.0573170731707315,0.9443229166666663,,,8,108.6,283.56,8,139.2,717.19,1,13,1028
26,5,00:19:08,34443,14,12,15,2,defensive shot,0.0,1,1.0,7,-0.7121951219512196,-0.4223958333333334,,,8,131.2,669.63,8,132.2,263.1,1,13,1028
26,6,00:19:08,34467,14,12,16,2,drive,0.0,0,1.0,8,0.0499999999999999,0.8298958333333335,,,8,121.8,331.79,8,142.5,666.8,1,13,1028
26,7,00:19:09,34479,14,12,15,2,drive,0.0,0,2.0,8,0.574390243902439,-0.8832291666666666,,,8,146.7,669.55,8,121.7,329.44,1,13,1028
26,8,00:19:09,34491,14,12,16,3,defensive shot,0.0,1,2.0,3,1.270731707317073,1.6693229166666663,opponent's ball landed,15.0,8,142.4,302.98,8,183.5,653.95,1,13,1028
