rally,ball_round,time,frame_num,roundscore_A,roundscore_B,player,server,type,aroundhead,backhand,landing_height,landing_area,landing_x,landing_y,lose_reason,getpoint_player,player_location_area,player_location_x,player_location_y,opponent_location_area,opponent_location_x,opponent_location_y,set,match_id,rally_id
29,1,00:20:46,37394,16,13,16,1,long service,0.0,0,1.0,9,-0.8170731707317073,1.701875,,,8,182.5,292.84,8,113.5,723.61,1,13,1031
29,2,00:20:48,37458,16,13,15,2,drop,0.0,0,2.0,7,0.2097560975609754,-0.4595833333333334,,,9,110.1,804.55,8,146.2,273.17,1,13,1031
29,3,00:20:49,37479,16,13,16,2,lob,0.0,1,1.0,9,0.848780487804878,1.5882812500000003,,,8,168.5,349.89,8,149.3,712.05,1,13,1031
29,4,00:20:50,37510,16,13,15,2,smash,0.0,0,2.0,6,1.0865853658536588,-0.8596875,,,9,204.2,773.28,8,171.6,290.47,1,13,1031
29,5,00:20:50,37525,16,13,16,2,defensive shot,0.0,1,1.0,9,0.9182926829268294,1.528125,,,8,172.2,302.73,8,225.5,737.87,1,13,1031
29,6,00:20:52,37561,16,13,15,2,smash,0.0,0,2.0,8,-0.0414634146341464,-0.8177083333333334,,,8,230.5,702.61,8,176.0,267.83,1,13,1031
29,7,00:20:52,37575,16,13,16,3,defensive shot,0.0,1,2.0,7,-0.528048780487805,0.0523958333333333,touched the net,15.0,8,166.1,288.04,8,231.6,717.99,1,13,1031
