rally,ball_round,time,frame_num,roundscore_A,roundscore_B,player,server,type,aroundhead,backhand,landing_height,landing_area,landing_x,landing_y,lose_reason,getpoint_player,player_location_area,player_location_x,player_location_y,opponent_location_area,opponent_location_x,opponent_location_y,set,match_id,rally_id
6,1,00:29:54,53827,1,5,16,1,long service,0.0,0,1.0,9,-0.4621951219512196,-1.469479166666667,,,8,195.4,658.12,8,129.1,273.32,2,13,1043
6,2,00:29:56,53891,1,5,15,2,smash,0.0,0,2.0,5,1.0719512195121947,1.0444791666666664,,,9,160.4,181.79,8,196.1,663.73,2,13,1043
6,3,00:29:56,53907,1,5,16,2,defensive shot,0.0,0,1.0,9,0.5146341463414633,-1.4002604166666668,,,8,227.3,686.8,8,161.8,206.99,2,13,1043
6,4,00:29:57,53937,1,5,15,2,smash,0.0,0,2.0,6,-1.171951219512195,0.93953125,,,8,219.7,211.94,8,210.5,662.25,2,13,1043
6,5,00:29:58,53955,1,5,16,2,defensive shot,0.0,1,2.0,1,-1.0585365853658537,-0.2341666666666665,,,8,185.5,659.59,8,236.4,211.79,2,13,1043
6,6,00:29:59,53987,1,5,15,2,lob,0.0,1,1.0,3,1.0609756097560976,1.5878645833333334,,,7,109.6,400.97,8,125.6,642.8,2,13,1043
6,7,00:30:00,54022,1,5,16,2,clear,0.0,0,1.0,4,1.0853658536585369,-1.3880729166666663,,,9,228.5,767.45,8,180.2,309.93,2,13,1043
6,8,00:30:02,54063,1,5,15,3,smash,0.0,0,2.0,10,1.645121951219512,1.3895833333333332,out,15.0,6,269.4,225.06,8,202.8,689.6,2,13,1043
