rally,ball_round,time,frame_num,roundscore_A,roundscore_B,player,server,type,aroundhead,backhand,landing_height,landing_area,landing_x,landing_y,lose_reason,getpoint_player,player_location_area,player_location_x,player_location_y,opponent_location_area,opponent_location_x,opponent_location_y,set,match_id,rally_id
17,1,00:36:42,66080,5,12,15,1,short service,0.0,0,2.0,7,0.6195121951219513,0.4491145833333334,,,8,169.4,300.32,8,233.2,681.38,2,13,1054
17,2,00:36:43,66108,5,12,16,2,net shot,0.0,1,2.0,2,1.3219512195121947,-0.0332812499999999,,,8,234.3,606.32,8,190.5,302.57,2,13,1054
17,3,00:36:44,66135,5,12,15,2,lob,0.0,0,1.0,3,1.329268292682927,1.6168750000000005,,,2,256.2,406.19,8,214.4,595.55,2,13,1054
17,4,00:36:46,66187,5,12,16,2,smash,0.0,0,2.0,6,1.517073170731707,-0.9641145833333334,,,3,272.4,786.44,8,206.1,285.2,2,13,1054
17,5,00:36:46,66201,5,12,15,2,defensive shot,0.0,0,2.0,1,1.069512195121951,0.3136979166666667,,,8,239.2,277.4,3,282.0,785.29,2,13,1054
17,6,00:36:47,66234,5,12,16,2,net shot,0.0,0,2.0,2,0.9292682926829268,0.0380729166666666,,,7,242.3,571.36,8,224.4,292.48,2,13,1054
17,7,00:36:48,66261,5,12,15,2,net shot,0.0,0,2.0,2,-1.326829268292683,0.1616666666666667,,,7,227.2,427.15,7,215.1,551.62,2,13,1054
17,8,00:36:49,66295,5,12,16,3,net shot,0.0,1,2.0,2,-1.3902439024390243,0.1039583333333332,touched the net,15.0,2,97.7,482.96,7,149.8,392.11,2,13,1054
