rally,ball_round,time,frame_num,roundscore_A,roundscore_B,player,server,type,aroundhead,backhand,landing_height,landing_area,landing_x,landing_y,lose_reason,getpoint_player,player_location_area,player_location_x,player_location_y,opponent_location_area,opponent_location_x,opponent_location_y,set,match_id,rally_id
3,1,00:06:17,11336,2,1,15,1,short service,0.0,0,2.0,7,-0.626829268292683,-0.2141666666666667,,,8,185.9,656.76,8,117.9,283.48,1,13,1005
3,2,00:06:18,11363,2,1,16,2,lob,0.0,1,1.0,4,-0.9719512195121952,1.6735937500000002,,,7,117.3,366.09,8,164.8,645.47,1,13,1005
3,3,00:06:20,11400,2,1,15,2,clear,0.0,0,1.0,3,-1.0451219512195122,-1.4671354166666666,,,9,112.2,779.34,8,141.8,300.55,1,13,1005
3,4,00:06:21,11438,2,1,16,2,clear,0.0,0,1.0,4,-1.2792682926829269,1.5983333333333334,,,3,103.0,179.49,8,154.0,689.85,1,13,1005
3,5,00:06:22,11473,2,1,15,2,clear,0.0,0,1.0,3,-0.902439024390244,-1.39453125,,,4,90.3,763.46,8,139.4,263.04,1,13,1005
3,6,00:06:23,11509,2,1,16,2,clear,0.0,0,1.0,3,1.1060975609756096,1.5458854166666665,,,3,102.6,196.44,8,146.8,692.55,1,13,1005
3,7,00:06:24,11548,2,1,15,2,drop,0.0,1,2.0,2,1.246341463414634,-0.3395833333333333,,,8,237.3,752.23,8,184.9,265.2,1,13,1005
3,8,00:06:25,11574,2,1,16,2,push/rush,0.0,1,1.0,5,1.4426829268292685,1.4780208333333331,,,7,245.0,369.52,8,192.3,672.06,1,13,1005
3,9,00:06:26,11600,2,1,15,3,drive,1.0,0,2.0,1,1.3182926829268296,0.1346875,touched the net,15.0,8,220.0,716.79,8,213.7,323.97,1,13,1005
