rally,ball_round,time,frame_num,roundscore_A,roundscore_B,player,server,type,aroundhead,backhand,landing_height,landing_area,landing_x,landing_y,lose_reason,getpoint_player,player_location_area,player_location_x,player_location_y,opponent_location_area,opponent_location_x,opponent_location_y,set,match_id,rally_id
15,1,00:43:27,78230,11,4,14,1,long service,0.0,0,1.0,5,1.2219512195121949,1.40046875,,,8,161.0,341.59,8,215.2,716.88,2,31,2559
15,2,00:43:29,78297,11,4,2,2,drop,0.0,0,2.0,7,-0.7890243902439025,-0.4656770833333334,,,8,249.4,752.44,8,186.0,274.15,2,31,2559
15,3,00:43:30,78322,11,4,14,2,net shot,0.0,0,2.0,2,-1.0670731707317074,0.3498437499999998,,,8,127.6,356.33,8,197.7,685.75,2,31,2559
15,4,00:43:31,78351,11,4,2,2,lob,0.0,1,1.0,3,-1.0146341463414634,-1.4887500000000002,,,2,104.9,569.89,8,148.9,315.0,2,31,2559
15,5,00:43:33,78396,11,4,14,2,drop,0.0,0,2.0,2,-1.0219512195121951,0.6320833333333334,,,9,105.4,169.58,8,167.8,650.11,2,31,2559
15,6,00:43:34,78424,11,4,2,2,lob,0.0,1,1.0,3,-1.1292682926829267,-1.502708333333333,,,6,104.6,607.87,8,147.3,240.69,2,31,2559
15,7,00:43:35,78469,11,4,14,2,drop,0.0,0,2.0,5,1.0621951219512198,0.7420312500000001,,,3,98.7,163.95,8,165.5,650.14,2,31,2559
15,8,00:43:36,78491,11,4,2,3,lob,0.0,0,2.0,10,1.1060975609756096,-1.7903125,out,14.0,8,221.7,641.04,9,150.8,202.64,2,31,2559
