rally,ball_round,time,frame_num,roundscore_A,roundscore_B,player,server,type,aroundhead,backhand,landing_height,landing_area,landing_x,landing_y,lose_reason,getpoint_player,player_location_area,player_location_x,player_location_y,opponent_location_area,opponent_location_x,opponent_location_y,set,match_id,rally_id
28,1,00:24:40,44405,13,15,2,1,long service,0.0,0,1.0,3,1.315853658536585,1.567604166666667,,,8,161.3,314.82,8,230.3,677.33,1,31,2532
28,2,00:24:42,44462,13,15,14,2,drop,0.0,0,2.0,1,-1.2158536585365851,-0.4511458333333333,,,9,249.0,768.35,8,174.4,302.22,1,31,2532
28,3,00:24:43,44492,13,15,2,2,net shot,0.0,0,2.0,2,-1.1097560975609757,0.2482812499999998,,,5,87.1,352.17,8,178.9,676.32,1,31,2532
28,4,00:24:44,44522,13,15,14,2,lob,0.0,1,1.0,3,-0.9804878048780488,-1.5780729166666667,,,2,101.3,532.06,8,126.3,325.14,1,31,2532
28,5,00:24:45,44562,13,15,2,2,drop,0.0,0,2.0,1,1.2170731707317075,0.3974479166666664,,,9,119.2,163.63,8,154.3,643.54,1,31,2532
28,6,00:24:46,44590,13,15,14,2,lob,0.0,0,1.0,9,-0.7792682926829269,-1.475572916666667,,,1,261.9,578.97,8,135.7,224.76,1,31,2532
28,7,00:24:47,44634,13,15,2,2,drop,0.0,0,2.0,7,0.8341463414634147,0.3795833333333333,,,9,117.1,172.26,8,182.1,638.13,1,31,2532
28,8,00:24:48,44660,13,15,14,3,lob,0.0,0,2.0,10,-1.0378048780487803,-1.72953125,out,14.0,7,225.1,559.07,8,165.3,227.02,1,31,2532
