rally,ball_round,time,frame_num,roundscore_A,roundscore_B,player,server,type,aroundhead,backhand,landing_height,landing_area,landing_x,landing_y,lose_reason,getpoint_player,player_location_area,player_location_x,player_location_y,opponent_location_area,opponent_location_x,opponent_location_y,set,match_id,rally_id
10,1,00:39:46,71601,6,4,14,1,long service,0.0,0,1.0,9,0.4926829268292683,1.5114062500000005,,,8,162.6,341.56,8,218.8,712.22,2,31,2554
10,2,00:39:48,71666,6,4,2,2,smash,0.0,0,2.0,8,-0.4207317073170731,-0.8556770833333335,,,9,206.6,758.74,8,171.0,256.2,2,31,2554
10,3,00:39:49,71681,6,4,14,2,defensive shot,0.0,0,1.0,5,1.298780487804878,1.1175520833333337,,,8,159.9,274.54,8,196.8,717.09,2,31,2554
10,4,00:39:50,71705,6,4,2,2,defensive shot,0.0,0,1.0,7,-0.3792682926829268,-0.3143229166666668,,,8,217.7,674.24,8,190.8,294.45,2,31,2554
10,5,00:39:51,71736,6,4,14,3,push/rush,0.0,0,2.0,7,-0.6951219512195121,0.2356770833333333,opponent's ball landed,14.0,7,179.1,394.92,8,207.1,651.31,2,31,2554
