rally,ball_round,time,frame_num,roundscore_A,roundscore_B,player,server,type,aroundhead,backhand,landing_height,landing_area,landing_x,landing_y,lose_reason,getpoint_player,player_location_area,player_location_x,player_location_y,opponent_location_area,opponent_location_x,opponent_location_y,set,match_id,rally_id
6,1,00:12:20,22208,2,4,14,1,long service,0.0,0,1.0,4,1.169512195121951,-1.5622916666666669,,,8,169.4,614.12,8,231.9,239.44,1,31,2510
6,2,00:12:22,22271,2,4,2,2,drop,0.0,0,2.0,6,-1.2085365853658536,0.75390625,,,4,268.5,155.56,8,197.9,667.96,1,31,2510
6,3,00:12:23,22294,2,4,14,2,net shot,0.0,1,2.0,7,-0.7865853658536586,-0.3704687499999999,,,8,106.5,628.78,8,225.2,215.26,1,31,2510
6,4,00:12:24,22322,2,4,2,2,push/rush,0.0,0,1.0,6,-1.2902439024390244,1.1137500000000002,,,7,126.1,379.67,8,135.1,648.82,1,31,2510
6,5,00:12:24,22348,2,4,14,2,smash,0.0,0,2.0,5,-1.1097560975609757,-0.9433333333333334,,,8,137.9,673.56,8,130.9,337.2,1,31,2510
6,6,00:12:25,22360,2,4,2,3,defensive shot,0.0,0,2.0,10,2.021951219512195,-0.4944270833333333,not pass over the net,14.0,8,116.5,285.41,8,120.5,693.02,1,31,2510
