rally,ball_round,time,frame_num,roundscore_A,roundscore_B,player,server,type,aroundhead,backhand,landing_height,landing_area,landing_x,landing_y,lose_reason,getpoint_player,player_location_area,player_location_x,player_location_y,opponent_location_area,opponent_location_x,opponent_location_y,set,match_id,rally_id
22,1,00:21:28,38651,11,11,14,1,long service,0.0,0,1.0,9,-0.7963414634146341,-1.504895833333333,,,8,183.9,644.88,8,124.2,241.04,1,31,2526
22,2,00:21:29,38675,11,11,2,2,clear,0.0,0,1.0,8,-0.8475609756097561,1.1031249999999997,,,9,119.4,169.37,8,174.5,664.96,1,31,2526
22,3,00:21:29,38697,11,11,14,2,smash,0.0,0,2.0,5,-1.3231707317073171,-0.8761979166666668,,,8,141.0,692.78,8,129.9,246.26,1,31,2526
22,4,00:21:30,38714,11,11,2,2,defensive shot,0.0,0,2.0,2,-1.0817073170731708,0.3800520833333334,,,5,99.5,288.19,8,144.7,705.32,1,31,2526
22,5,00:21:31,38739,11,11,14,2,push/rush,0.0,1,1.0,5,-1.14390243902439,-1.0638020833333333,,,7,111.3,566.1,8,115.3,282.87,1,31,2526
22,6,00:21:31,38753,11,11,2,3,drive,0.0,0,2.0,10,-1.0621951219512191,1.8027083333333331,out,14.0,8,134.1,259.36,7,107.6,591.77,1,31,2526
