rally,ball_round,time,frame_num,roundscore_A,roundscore_B,player,server,type,aroundhead,backhand,landing_height,landing_area,landing_x,landing_y,lose_reason,getpoint_player,player_location_area,player_location_x,player_location_y,opponent_location_area,opponent_location_x,opponent_location_y,set,match_id,rally_id
26,1,00:44:29,80075,16,10,5,1,short service,0.0,1,2.0,8,0.25,-0.5284895833333335,,,8,168.1,633.99,8,233.3,281.37,2,19,1561
26,2,00:44:29,80088,16,10,10,2,push/rush,0.0,0,1.0,8,-0.5634146341463413,0.9202604166666668,,,8,212.6,358.95,8,185.6,631.21,2,19,1561
26,3,00:44:30,80101,16,10,5,2,smash,0.0,1,2.0,8,0.0378048780487804,-0.9291145833333332,,,8,198.4,644.11,8,197.9,343.12,2,19,1561
26,4,00:44:30,80111,16,10,10,3,defensive shot,0.0,1,2.0,10,-1.6743902439024392,1.412864583333333,out,10.0,8,147.0,266.05,8,184.9,639.79,2,19,1561
