rally,ball_round,time,frame_num,roundscore_A,roundscore_B,player,server,type,aroundhead,backhand,landing_height,landing_area,landing_x,landing_y,lose_reason,getpoint_player,player_location_area,player_location_x,player_location_y,opponent_location_area,opponent_location_x,opponent_location_y,set,match_id,rally_id
26,1,00:20:41,37247,12,14,10,1,long service,0.0,1,1.0,5,-0.9548780487804878,-1.30640625,,,8,187.7,632.67,8,129.1,295.79,1,19,1521
26,2,00:20:42,37278,12,14,5,2,drop,0.0,0,2.0,8,-0.6524390243902439,0.7695833333333333,,,8,109.2,229.61,8,187.7,680.81,1,19,1521
26,3,00:20:43,37297,12,14,10,2,net shot,0.0,1,2.0,6,1.0341463414634149,-0.5851562500000002,,,8,150.4,643.82,8,111.3,208.05,1,19,1521
26,4,00:20:44,37321,12,14,5,2,net shot,0.0,1,2.0,7,-0.0256097560975609,0.4366145833333335,,,8,224.1,358.99,8,182.0,671.48,1,19,1521
26,5,00:20:44,37345,12,14,10,3,lob,0.0,0,2.0,10,1.2963414634146342,-1.8144270833333331,out,10.0,8,161.8,604.52,8,184.2,338.5,1,19,1521
