rally,ball_round,time,frame_num,roundscore_A,roundscore_B,player,server,type,aroundhead,backhand,landing_height,landing_area,landing_x,landing_y,lose_reason,getpoint_player,player_location_area,player_location_x,player_location_y,opponent_location_area,opponent_location_x,opponent_location_y,set,match_id,rally_id
6,1,00:52:17,94124,2,4,5,1,short service,0.0,1,2.0,7,0.5048780487804879,0.4118229166666669,,,8,171.7,319.86,8,226.5,667.73,3,19,1573
6,2,00:52:18,94140,2,4,10,2,net shot,0.0,0,2.0,7,-0.0780487804878049,-0.3716145833333334,,,7,189.7,559.14,8,168.3,322.2,3,19,1573
6,3,00:52:18,94163,2,4,5,2,net shot,0.0,0,2.0,7,0.2402439024390242,0.1953645833333332,,,7,171.9,367.65,8,182.3,622.48,3,19,1573
6,4,00:52:19,94182,2,4,10,2,net shot,0.0,0,2.0,7,-0.0292682926829268,-0.23140625,,,7,178.7,540.84,8,169.0,333.84,3,19,1573
6,5,00:52:20,94208,2,4,5,3,lob,0.0,1,2.0,10,1.6426829268292682,1.583125,out,10.0,7,159.3,389.25,8,175.7,612.1,3,19,1573
