rally,ball_round,time,frame_num,roundscore_A,roundscore_B,player,server,type,aroundhead,backhand,landing_height,landing_area,landing_x,landing_y,lose_reason,getpoint_player,player_location_area,player_location_x,player_location_y,opponent_location_area,opponent_location_x,opponent_location_y,set,match_id,rally_id
33,1,00:23:32,42360,16,17,10,1,short service,0.0,1,2.0,8,-0.2036585365853657,-0.5406770833333333,,,8,184.4,639.79,8,122.7,295.77,1,19,1528
33,2,00:23:32,42380,16,17,5,2,net shot,0.0,1,2.0,2,-1.0146341463414634,0.4941145833333333,,,7,137.7,378.43,8,200.7,659.41,1,19,1528
33,3,00:23:33,42405,16,17,10,2,net shot,0.0,1,1.0,7,0.2756097560975609,-0.1268229166666667,,,6,82.9,610.07,8,152.2,360.95,1,19,1528
33,4,00:23:34,42427,16,17,5,3,push/rush,0.0,1,2.0,8,-0.6097560975609756,1.2124479166666664,opponent's ball landed,10.0,7,183.1,412.39,8,133.5,640.9,1,19,1528
