rally,ball_round,time,frame_num,roundscore_A,roundscore_B,player,server,type,aroundhead,backhand,landing_height,landing_area,landing_x,landing_y,lose_reason,getpoint_player,player_location_area,player_location_x,player_location_y,opponent_location_area,opponent_location_x,opponent_location_y,set,match_id,rally_id
10,1,00:54:00,97229,4,6,10,1,short service,0.0,1,2.0,7,-0.274390243902439,-0.4385416666666666,,,8,181.3,613.62,8,126.0,285.99,3,19,1577
10,2,00:54:02,97270,4,6,5,2,net shot,0.0,0,2.0,7,0.1402439024390244,0.3406770833333332,,,8,152.1,354.25,8,181.3,615.11,3,19,1577
10,3,00:54:03,97290,4,6,10,2,net shot,0.0,0,2.0,1,-0.873170731707317,-0.3510416666666665,,,7,185.5,579.97,8,157.2,326.84,3,19,1577
10,4,00:54:03,97313,4,6,5,2,lob,0.0,0,1.0,6,-1.2073170731707317,1.2173958333333337,,,7,124.8,371.85,8,179.7,606.13,3,19,1577
10,5,00:54:04,97344,4,6,10,3,smash,1.0,0,2.0,10,-1.8231707317073167,-0.2452083333333332,not pass over the net,10.0,8,150.9,712.49,8,136.1,290.93,3,19,1577
