rally,ball_round,time,frame_num,roundscore_A,roundscore_B,player,server,type,aroundhead,backhand,landing_height,landing_area,landing_x,landing_y,lose_reason,getpoint_player,player_location_area,player_location_x,player_location_y,opponent_location_area,opponent_location_x,opponent_location_y,set,match_id,rally_id
28,1,01:05:56,118709,15,13,10,1,short service,0.0,1,2.0,7,-0.3890243902439025,0.4615104166666667,,,8,187.7,329.27,8,137.2,669.86,3,19,1595
28,2,01:05:57,118733,15,13,5,2,net shot,0.0,0,2.0,2,1.0121951219512195,-0.38078125,,,8,134.6,595.23,8,175.2,322.23,3,19,1595
28,3,01:05:58,118760,15,13,10,2,lob,0.0,1,1.0,8,-0.397560975609756,1.4591145833333332,,,7,225.6,391.64,8,184.6,621.03,3,19,1595
28,4,01:06:00,118802,15,13,5,3,smash,1.0,0,2.0,5,-1.482926829268293,-1.11453125,opponent's ball landed,10.0,8,150.6,742.56,8,144.3,273.61,3,19,1595
