rally,ball_round,time,frame_num,roundscore_A,roundscore_B,player,server,type,aroundhead,backhand,landing_height,landing_area,landing_x,landing_y,lose_reason,getpoint_player,player_location_area,player_location_x,player_location_y,opponent_location_area,opponent_location_x,opponent_location_y,set,match_id,rally_id
13,1,00:36:54,66424,7,6,5,1,short service,0.0,1,1.0,7,-0.2817073170731706,-0.2213541666666666,,,8,180.7,628.3,8,135.9,283.55,2,19,1548
13,2,00:36:54,66440,7,6,10,2,net shot,0.0,0,2.0,1,1.2597560975609758,0.4047916666666668,,,7,152.2,399.79,8,181.2,625.39,2,19,1548
13,3,00:36:55,66465,7,6,5,2,lob,0.0,0,1.0,4,1.3475609756097562,-1.5965104166666666,,,7,248.3,562.71,8,188.5,322.27,2,19,1548
13,4,00:36:56,66504,7,6,10,2,smash,0.0,0,2.0,5,1.4073170731707314,1.0263541666666665,,,9,229.2,194.53,8,206.5,662.18,2,19,1548
13,5,00:36:57,66521,7,6,5,2,defensive shot,0.0,0,1.0,2,1.125609756097561,-0.2826041666666666,,,5,257.7,674.63,9,234.9,183.31,2,19,1548
13,6,00:36:58,66547,7,6,10,2,net shot,0.0,1,2.0,2,-1.2707317073170732,0.4509895833333335,,,7,243.9,372.31,8,235.0,666.43,2,19,1548
13,7,00:36:59,66574,7,6,5,3,net shot,0.0,1,2.0,2,-1.1865853658536585,0.0884895833333333,not pass over the net,10.0,2,92.0,573.12,8,180.9,295.96,2,19,1548
