rally,ball_round,time,frame_num,roundscore_A,roundscore_B,player,server,type,aroundhead,backhand,landing_height,landing_area,landing_x,landing_y,lose_reason,getpoint_player,player_location_area,player_location_x,player_location_y,opponent_location_area,opponent_location_x,opponent_location_y,set,match_id,rally_id
23,1,00:19:10,34519,10,13,1,1,short service,0.0,1,2.0,7,-0.479268292682927,-0.4831770833333332,,,8,184.9,636.91,8,131.7,270.02,1,1,22
23,2,00:19:11,34542,10,13,0,2,net shot,0.0,1,2.0,2,-1.0707317073170732,0.2909895833333333,,,7,122.3,376.6,8,176.6,616.07,1,1,22
23,3,00:19:12,34562,10,13,1,2,push/rush,0.0,1,1.0,4,1.1890243902439024,-1.47625,,,7,124.2,584.7,8,136.7,335.43,1,1,22
23,4,00:19:13,34591,10,13,0,2,clear,1.0,0,1.0,3,1.4,1.6781250000000003,,,8,207.8,253.79,8,192.7,669.36,1,1,22
23,5,00:19:14,34643,10,13,1,2,smash,0.0,0,2.0,5,-0.9365853658536584,-1.02375,,,3,267.4,770.03,8,179.6,238.64,1,1,22
23,6,00:19:15,34658,10,13,0,3,defensive shot,0.0,0,2.0,1,-1.146341463414634,0.0633854166666667,touched the net,0.0,8,148.7,294.64,5,257.0,752.94,1,1,22
