rally,ball_round,time,frame_num,roundscore_A,roundscore_B,player,server,type,aroundhead,backhand,landing_height,landing_area,landing_x,landing_y,lose_reason,getpoint_player,player_location_area,player_location_x,player_location_y,opponent_location_area,opponent_location_x,opponent_location_y,set,match_id,rally_id
15,1,00:13:31,24340,6,9,0,1,short service,0.0,1,2.0,7,0.6134146341463416,0.5473437500000001,,,8,168.9,287.01,8,233.5,672.22,1,1,14
15,2,00:13:31,24359,6,9,1,2,lob,0.0,0,1.0,9,-0.7353658536585366,-1.50765625,,,8,205.6,596.07,8,170.8,267.0,1,1,14
15,3,00:13:33,24395,6,9,0,2,drop,0.0,0,2.0,1,1.340243902439024,0.6347916666666666,,,9,116.6,174.71,8,192.5,654.08,1,1,14
15,4,00:13:34,24420,6,9,1,2,lob,0.0,0,1.0,5,-1.0841463414634147,-1.3484375,,,8,245.9,647.64,8,170.8,238.76,1,1,14
15,5,00:13:35,24452,6,9,0,2,drop,0.0,0,2.0,1,1.05609756097561,0.4915624999999999,,,9,107.4,194.21,8,183.3,647.91,1,1,14
15,6,00:13:36,24481,6,9,1,2,net shot,0.0,0,2.0,1,-0.8890243902439026,-0.3781250000000001,,,7,224.1,590.92,8,161.3,236.28,1,1,14
15,7,00:13:36,24508,6,9,0,3,lob,0.0,0,2.0,10,1.7353658536585368,1.7106250000000005,out,0.0,8,136.5,353.91,8,184.5,627.35,1,1,14
