rally,ball_round,time,frame_num,roundscore_A,roundscore_B,player,server,type,aroundhead,backhand,landing_height,landing_area,landing_x,landing_y,lose_reason,getpoint_player,player_location_area,player_location_x,player_location_y,opponent_location_area,opponent_location_x,opponent_location_y,set,match_id,rally_id
27,1,01:03:57,115132,14,13,9,1,short service,0.0,1,2.0,7,0.6524390243902439,0.4964062499999997,,,8,173.0,356.17,8,225.6,679.34,2,34,2808
27,2,01:03:59,115173,14,13,26,2,net shot,0.0,0,2.0,7,-0.1939024390243903,-0.4004166666666666,,,7,188.6,590.21,8,181.7,341.26,2,34,2808
27,3,01:03:59,115197,14,13,9,2,net shot,0.0,0,2.0,1,0.9829268292682928,0.3146354166666665,,,8,171.8,361.08,8,182.5,615.26,2,34,2808
27,4,01:04:00,115221,14,13,26,2,lob,0.0,0,1.0,9,-0.6000000000000001,-1.4575000000000002,,,7,237.0,558.25,8,199.7,343.59,2,34,2808
27,5,01:04:02,115262,14,13,9,2,drop,0.0,0,2.0,5,1.242682926829268,0.7103125,,,9,140.3,178.39,8,196.9,650.62,2,34,2808
27,6,01:04:02,115284,14,13,26,2,lob,0.0,0,1.0,6,1.1792682926829268,-1.2320833333333334,,,8,252.0,622.54,8,165.4,231.55,2,34,2808
27,7,01:04:03,115310,14,13,9,2,smash,0.0,0,2.0,5,1.3146341463414637,1.1234895833333336,,,8,239.3,236.27,8,234.8,668.61,2,34,2808
27,8,01:04:04,115324,14,13,26,3,defensive shot,0.0,0,2.0,10,1.8134146341463413,-0.6224479166666667,out,26.0,8,233.4,700.36,8,237.5,257.99,2,34,2808
