rally,ball_round,time,frame_num,roundscore_A,roundscore_B,player,server,type,aroundhead,backhand,landing_height,landing_area,landing_x,landing_y,lose_reason,getpoint_player,player_location_area,player_location_x,player_location_y,opponent_location_area,opponent_location_x,opponent_location_y,set,match_id,rally_id
21,1,00:19:40,35413,9,12,9,1,short service,0.0,1,2.0,7,-0.3390243902439026,-0.3139583333333332,,,8,180.9,599.95,8,125.7,269.78,1,34,2760
21,2,00:19:41,35435,9,12,26,2,lob,0.0,0,1.0,4,-1.146341463414634,1.6799999999999995,,,7,162.1,390.09,8,177.6,607.65,1,34,2760
21,3,00:19:42,35476,9,12,9,2,clear,1.0,0,1.0,9,0.6975609756097559,-1.50859375,,,9,125.4,772.12,8,140.4,298.48,1,34,2760
21,4,00:19:44,35524,9,12,26,2,smash,1.0,0,2.0,5,1.3170731707317074,0.9642708333333332,,,9,199.2,189.19,8,199.6,690.0,1,34,2760
21,5,00:19:44,35541,9,12,9,2,defensive shot,0.0,0,1.0,6,1.2073170731707317,-1.11859375,,,8,242.8,654.11,9,208.5,191.94,1,34,2760
21,6,00:19:45,35563,9,12,26,3,smash,1.0,0,2.0,5,1.4670731707317075,1.3040104166666666,opponent's ball landed,26.0,6,254.3,260.5,8,227.9,691.67,1,34,2760
