rally,ball_round,time,frame_num,roundscore_A,roundscore_B,player,server,type,aroundhead,backhand,landing_height,landing_area,landing_x,landing_y,lose_reason,getpoint_player,player_location_area,player_location_x,player_location_y,opponent_location_area,opponent_location_x,opponent_location_y,set,match_id,rally_id
1,1,00:07:02,12684,0,1,9,1,short service,0.0,1,2.0,7,-0.5146341463414633,-0.2769270833333334,,,8,180.3,605.72,8,129.1,277.69,1,34,2740
1,2,00:07:03,12705,0,1,26,2,lob,0.0,0,1.0,3,1.1219512195121952,1.6705208333333337,,,7,152.1,368.55,8,169.4,615.31,1,34,2740
1,3,00:07:04,12743,0,1,9,2,drop,0.0,0,2.0,8,-0.5060975609756098,-0.5372916666666668,,,9,235.6,792.48,8,167.8,316.2,1,34,2740
1,4,00:07:05,12764,0,1,26,2,defensive shot,0.0,0,2.0,2,-1.1073170731707316,0.3196874999999999,,,8,142.9,336.61,8,208.8,736.1,1,34,2740
1,5,00:07:06,12793,0,1,9,2,net shot,0.0,1,2.0,7,0.7792682926829269,-0.16109375,,,8,109.5,598.34,8,145.7,311.3,1,34,2740
1,6,00:07:07,12819,0,1,26,2,net shot,0.0,1,2.0,7,0.9121951219512195,0.1719270833333332,,,7,221.4,384.85,7,159.4,594.24,1,34,2740
1,7,00:07:08,12845,0,1,9,2,lob,0.0,0,1.0,9,-0.6170731707317072,-1.47234375,,,7,235.1,548.12,7,202.6,370.56,1,34,2740
1,8,00:07:09,12882,0,1,26,3,smash,0.0,0,2.0,10,-1.5963414634146342,1.30734375,out,26.0,9,147.7,184.05,8,192.1,635.89,1,34,2740
