rally,ball_round,time,frame_num,roundscore_A,roundscore_B,player,server,type,aroundhead,backhand,landing_height,landing_area,landing_x,landing_y,lose_reason,getpoint_player,player_location_area,player_location_x,player_location_y,opponent_location_area,opponent_location_x,opponent_location_y,set,match_id,rally_id
32,1,00:26:50,48325,19,13,11,1,long service,0.0,1,1.0,9,0.295121951219512,-1.403072916666667,,,8,170.4,624.76,8,210.5,284.25,1,38,3096
32,2,00:26:51,48354,19,13,5,2,drop,0.0,0,2.0,2,-1.4939024390243902,0.6652083333333335,,,8,203.9,290.54,8,185.9,655.37,1,38,3096
32,3,00:26:52,48382,19,13,11,2,net shot,0.0,1,2.0,1,-1.174390243902439,-0.2834895833333333,,,6,74.3,657.36,8,175.9,260.33,1,38,3096
32,4,00:26:53,48411,19,13,5,2,net shot,0.0,0,2.0,7,-0.5804878048780487,0.2005208333333333,,,1,93.4,388.19,8,135.4,641.01,1,38,3096
32,5,00:26:54,48440,19,13,11,2,lob,0.0,1,1.0,4,1.05609756097561,-1.5018229166666668,,,7,140.5,532.68,7,123.3,392.86,1,38,3096
32,6,00:26:56,48501,19,13,5,2,smash,0.0,0,2.0,6,-1.329268292682927,1.0601562499999997,,,9,246.1,186.0,8,204.8,669.98,1,38,3096
32,7,00:26:57,48520,19,13,11,3,defensive shot,0.0,1,2.0,1,-0.9475609756097562,0.0430208333333332,touched the net,11.0,8,186.4,653.47,8,214.4,220.54,1,38,3096
