rally,ball_round,time,frame_num,roundscore_A,roundscore_B,player,server,type,aroundhead,backhand,landing_height,landing_area,landing_x,landing_y,lose_reason,getpoint_player,player_location_area,player_location_x,player_location_y,opponent_location_area,opponent_location_x,opponent_location_y,set,match_id,rally_id
6,1,00:08:42,15685,3,3,5,1,short service,0.0,1,1.0,7,-0.3707317073170732,0.6016666666666666,,,8,182.9,326.87,8,129.3,669.45,1,38,3075
6,2,00:08:43,15704,3,3,11,2,net shot,0.0,0,2.0,1,-0.9890243902439024,-0.4816666666666667,,,7,132.8,582.75,8,180.5,335.64,1,38,3075
6,3,00:08:44,15727,3,3,5,2,push/rush,0.0,0,1.0,3,1.2219512195121949,1.5766666666666669,,,8,114.1,357.3,8,152.3,601.0,1,38,3075
6,4,00:08:45,15765,3,3,11,2,drive,0.0,0,1.0,6,0.9280487804878048,-0.9416145833333336,,,9,245.3,781.13,8,165.3,318.54,1,38,3075
6,5,00:08:45,15779,3,3,5,2,drive,0.0,1,2.0,8,0.2036585365853657,0.7152083333333336,,,8,172.9,297.45,8,238.8,722.65,1,38,3075
6,6,00:08:46,15797,3,3,11,2,net shot,0.0,0,2.0,7,0.2768292682926828,-0.4097916666666667,,,8,198.2,624.24,8,196.6,296.81,1,38,3075
6,7,00:08:47,15820,3,3,5,2,net shot,0.0,0,2.0,7,0.5,0.1660937499999999,,,7,179.7,415.39,8,186.9,604.41,1,38,3075
6,8,00:08:48,15843,3,3,11,2,lob,0.0,0,1.0,9,0.7304878048780489,-1.4976041666666664,,,7,208.6,524.47,7,185.9,391.32,1,38,3075
6,9,00:08:49,15885,3,3,5,3,smash,0.0,0,2.0,10,-1.5853658536585369,1.1003125,out,11.0,9,201.0,200.93,8,198.5,662.66,1,38,3075
