rally,ball_round,time,frame_num,roundscore_A,roundscore_B,player,server,type,aroundhead,backhand,landing_height,landing_area,landing_x,landing_y,lose_reason,getpoint_player,player_location_area,player_location_x,player_location_y,opponent_location_area,opponent_location_x,opponent_location_y,set,match_id,rally_id
19,1,00:16:59,30578,11,8,11,1,short service,0.0,1,2.0,8,0.3536585365853658,-0.6127604166666666,,,8,171.8,618.78,8,214.3,277.99,1,38,3086
19,2,00:17:00,30600,11,8,5,2,net shot,0.0,1,2.0,2,-0.9658536585365854,0.3117708333333334,,,8,188.4,363.82,8,170.4,616.82,1,38,3086
19,3,00:17:00,30623,11,8,11,2,lob,0.0,1,1.0,9,0.8329268292682929,-1.5169270833333333,,,7,114.7,564.0,8,160.3,347.63,1,38,3086
19,4,00:17:02,30663,11,8,5,2,smash,0.0,0,2.0,5,1.2134146341463414,1.021822916666667,,,9,201.1,197.55,8,197.2,657.06,1,38,3086
19,5,00:17:02,30676,11,8,11,2,defensive shot,0.0,0,2.0,8,-0.5792682926829268,-0.6321875,,,8,223.3,684.28,8,214.4,217.24,1,38,3086
19,6,00:17:03,30704,11,8,5,2,net shot,0.0,0,1.0,2,-1.0695121951219513,0.3361979166666664,,,8,151.1,345.01,8,206.2,671.8,1,38,3086
19,7,00:17:04,30729,11,8,11,2,net shot,0.0,0,2.0,2,0.9695121951219512,-0.3609895833333333,,,7,109.0,570.54,8,136.5,310.42,1,38,3086
19,8,00:17:05,30754,11,8,5,2,net shot,0.0,1,2.0,1,1.202439024390244,0.1226041666666667,,,7,234.5,379.24,8,147.7,640.79,1,38,3086
19,9,00:17:06,30782,11,8,11,3,lob,0.0,0,2.0,10,1.7085365853658538,-1.6010937499999998,out,11.0,7,250.2,556.93,8,207.3,357.74,1,38,3086
