rally,ball_round,time,frame_num,roundscore_A,roundscore_B,player,server,type,aroundhead,backhand,landing_height,landing_area,landing_x,landing_y,lose_reason,getpoint_player,player_location_area,player_location_x,player_location_y,opponent_location_area,opponent_location_x,opponent_location_y,set,match_id,rally_id
40,1,01:20:53,145618,21,19,5,1,short service,0.0,1,2.0,7,0.2207317073170731,-0.3392708333333332,,,8,168.0,624.81,8,224.1,289.99,3,38,3171
40,2,01:20:54,145638,21,19,11,2,net shot,0.0,0,2.0,7,0.0658536585365854,0.2667708333333334,,,7,217.2,395.93,8,170.4,624.76,3,38,3171
40,3,01:20:55,145660,21,19,5,2,lob,0.0,0,1.0,9,-0.6000000000000001,-1.409375,,,7,178.2,569.15,8,189.5,360.99,3,38,3171
40,4,01:20:56,145701,21,19,11,2,smash,0.0,0,2.0,6,-1.048780487804878,1.1622916666666665,,,9,116.8,189.86,8,183.0,668.51,3,38,3171
40,5,01:20:57,145713,21,19,5,2,defensive shot,0.0,1,1.0,8,-0.8097560975609757,-0.6296354166666666,,,8,200.6,697.2,5,90.7,210.88,3,38,3171
40,6,01:20:57,145737,21,19,11,2,push/rush,0.0,0,2.0,8,-0.774390243902439,1.1321875,,,5,100.4,317.31,8,191.6,686.62,3,38,3171
40,7,01:20:58,145748,21,19,5,3,defensive shot,0.0,1,2.0,10,-2.395121951219512,-1.3515625,out,11.0,8,192.8,699.1,7,112.8,382.27,3,38,3171
