rally,ball_round,time,frame_num,roundscore_A,roundscore_B,player,server,type,aroundhead,backhand,landing_height,landing_area,landing_x,landing_y,lose_reason,getpoint_player,player_location_area,player_location_x,player_location_y,opponent_location_area,opponent_location_x,opponent_location_y,set,match_id,rally_id
14,1,01:00:56,109697,6,8,11,1,short service,0.0,1,2.0,7,-0.2475609756097562,-0.3205729166666667,,,8,179.1,606.59,8,130.9,298.59,3,38,3145
14,2,01:00:57,109718,6,8,5,2,lob,0.0,1,1.0,8,-0.7731707317073171,1.33328125,,,7,139.8,381.6,8,176.6,618.69,3,38,3145
14,3,01:00:58,109750,6,8,11,2,smash,0.0,0,2.0,5,-1.221951219512195,-1.0290104166666667,,,8,130.7,724.38,8,151.6,298.03,3,38,3145
14,4,01:00:58,109762,6,8,5,2,defensive shot,0.0,0,2.0,2,-1.1219512195121952,0.5197395833333331,,,8,124.7,245.88,8,122.2,742.95,3,38,3145
14,5,01:00:59,109788,6,8,11,2,net shot,0.0,1,2.0,7,0.4865853658536586,-0.2459895833333334,,,6,99.9,595.86,5,90.7,250.04,3,38,3145
14,6,01:01:00,109812,6,8,5,2,net shot,0.0,1,2.0,7,-0.0475609756097561,0.2077083333333333,,,7,207.6,398.84,8,156.4,654.01,3,38,3145
14,7,01:01:01,109836,6,8,11,3,lob,0.0,0,2.0,10,-1.5829268292682928,-1.5764583333333333,out,11.0,7,157.4,541.26,7,193.8,391.12,3,38,3145
