rally,ball_round,time,frame_num,roundscore_A,roundscore_B,player,server,type,aroundhead,backhand,landing_height,landing_area,landing_x,landing_y,lose_reason,getpoint_player,player_location_area,player_location_x,player_location_y,opponent_location_area,opponent_location_x,opponent_location_y,set,match_id,rally_id
4,1,00:38:38,69563,1,3,12,1,short service,0.0,1,2.0,1,1.1817073170731704,0.3234375000000001,,,8,175.9,319.02,8,212.4,666.38,2,8,689
4,2,00:38:39,69590,1,3,11,2,net shot,0.0,0,2.0,2,1.3317073170731706,-0.2527604166666665,,,7,237.0,572.61,8,175.4,295.3,2,8,689
4,3,00:38:40,69616,1,3,12,2,lob,0.0,1,1.0,3,1.434146341463415,1.5796874999999997,,,7,246.6,371.8,8,200.5,619.45,2,8,689
4,4,00:38:41,69656,1,3,11,2,drop,0.0,0,2.0,2,1.3475609756097562,-0.4511458333333333,,,3,259.0,782.79,8,198.2,313.33,2,8,689
4,5,00:38:42,69678,1,3,12,2,push/rush,0.0,1,2.0,5,1.4731707317073173,1.10046875,,,8,247.2,355.05,8,227.1,728.52,2,8,689
4,6,00:38:43,69697,1,3,11,2,clear,0.0,0,1.0,4,1.1426829268292682,-1.524375,,,8,211.1,667.66,8,193.8,297.56,2,8,689
4,7,00:38:44,69737,1,3,12,2,drop,0.0,0,2.0,8,-0.3939024390243903,0.7597395833333334,,,4,251.8,181.29,8,228.0,689.73,2,8,689
4,8,00:38:45,69755,1,3,11,2,net shot,0.0,1,1.0,7,-0.1378048780487806,-0.2302604166666665,,,8,190.4,643.04,8,227.9,216.53,2,8,689
4,9,00:38:46,69780,1,3,12,3,push/rush,0.0,0,2.0,8,-0.3109756097560975,1.086666666666667,opponent's ball landed,11.0,7,179.3,405.08,8,190.4,677.82,2,8,689
