rally,ball_round,time,frame_num,roundscore_A,roundscore_B,player,server,type,aroundhead,backhand,landing_height,landing_area,landing_x,landing_y,lose_reason,getpoint_player,player_location_area,player_location_x,player_location_y,opponent_location_area,opponent_location_x,opponent_location_y,set,match_id,rally_id
24,1,00:50:41,91257,13,11,11,1,short service,0.0,1,2.0,7,0.3463414634146342,-0.2006249999999999,,,8,173.6,625.35,8,227.3,296.79,2,8,709
24,2,00:50:42,91278,13,11,12,2,net shot,0.0,0,2.0,7,0.1780487804878048,0.2280208333333332,,,7,219.0,377.04,8,183.7,637.69,2,8,709
24,3,00:50:43,91302,13,11,11,2,lob,0.0,0,1.0,4,1.1365853658536584,-1.4402604166666666,,,7,187.9,552.2,8,192.6,361.0,2,8,709
24,4,00:50:45,91359,13,11,12,2,clear,0.0,0,1.0,3,1.2487804878048778,1.5950520833333333,,,9,230.7,197.83,8,207.7,661.3,2,8,709
24,5,00:50:46,91400,13,11,11,2,clear,0.0,0,1.0,3,-1.3365853658536584,-1.3784374999999998,,,3,257.2,788.36,8,188.9,267.45,2,8,709
24,6,00:50:47,91436,13,11,12,2,clear,0.0,0,1.0,4,-0.8585365853658538,1.5373437499999998,,,5,84.1,214.23,8,191.9,710.96,2,8,709
24,7,00:50:49,91474,13,11,11,3,smash,0.0,0,2.0,10,-1.6097560975609757,-1.2475,out,11.0,9,107.1,769.97,8,149.0,251.3,2,8,709
