rally,ball_round,time,frame_num,roundscore_A,roundscore_B,player,server,type,aroundhead,backhand,landing_height,landing_area,landing_x,landing_y,lose_reason,getpoint_player,player_location_area,player_location_x,player_location_y,opponent_location_area,opponent_location_x,opponent_location_y,set,match_id,rally_id
18,1,00:16:13,29193,10,8,11,1,short service,0.0,1,2.0,7,0.4451219512195122,0.4764062500000001,,,8,168.9,334.47,8,215.1,683.77,1,8,657
18,2,00:16:13,29208,10,8,12,2,net shot,0.0,1,2.0,2,1.3012195121951218,-0.0051041666666667,,,8,224.5,595.84,8,170.0,326.85,1,8,657
18,3,00:16:14,29236,10,8,11,2,lob,0.0,1,1.0,9,0.1987804878048782,1.5815104166666665,,,7,250.4,410.37,7,219.0,582.19,1,8,657
18,4,00:16:16,29295,10,8,12,2,smash,0.0,0,2.0,5,-0.95,-0.8708333333333332,,,9,192.8,781.11,8,159.8,287.55,1,8,657
18,5,00:16:17,29312,10,8,11,2,defensive shot,0.0,0,2.0,2,-1.3365853658536584,0.4857291666666666,,,8,145.3,282.42,9,185.7,766.78,1,8,657
18,6,00:16:18,29343,10,8,12,2,net shot,0.0,1,2.0,7,-0.6792682926829269,0.0084895833333333,,,6,95.2,621.89,8,122.5,340.47,1,8,657
18,7,00:16:19,29370,10,8,11,3,lob,0.0,0,2.0,7,0.1987804878048782,-0.3468750000000001,touched the net,11.0,7,119.6,434.17,8,130.2,605.73,1,8,657
