rally,ball_round,time,frame_num,roundscore_A,roundscore_B,player,server,type,aroundhead,backhand,landing_height,landing_area,landing_x,landing_y,lose_reason,getpoint_player,player_location_area,player_location_x,player_location_y,opponent_location_area,opponent_location_x,opponent_location_y,set,match_id,rally_id
5,1,00:35:05,63150,2,3,10,1,short service,0.0,1,2.0,7,0.6073170731707318,0.4528645833333335,,,8,167.1,326.41,8,220.5,684.89,2,32,2608
5,2,00:35:05,63171,2,3,13,2,net shot,0.0,0,2.0,7,-0.5975609756097561,-0.3145833333333332,,,8,208.7,598.37,8,168.7,319.02,2,32,2608
5,3,00:35:06,63193,2,3,10,2,net shot,0.0,0,2.0,1,1.101219512195122,0.3608333333333332,,,7,146.7,369.7,8,186.5,647.33,2,32,2608
5,4,00:35:07,63218,2,3,13,2,net shot,0.0,0,2.0,2,1.170731707317073,-0.2422916666666665,,,7,237.5,583.58,8,179.1,321.35,2,32,2608
5,5,00:35:08,63245,2,3,10,2,lob,0.0,1,1.0,9,-0.8158536585365854,1.71546875,,,7,241.4,384.78,8,215.9,624.77,2,32,2608
5,6,00:35:09,63288,2,3,13,2,smash,1.0,0,2.0,5,-1.0597560975609757,-0.9219791666666666,,,9,136.4,773.61,8,142.6,284.19,2,32,2608
5,7,00:35:10,63306,2,3,10,2,defensive shot,0.0,0,2.0,2,-1.304878048780488,0.2908854166666668,,,8,122.0,279.32,8,137.2,741.48,2,32,2608
5,8,00:35:11,63331,2,3,13,3,push/rush,0.0,1,2.0,3,-1.0646341463414637,-1.49609375,opponent's ball landed,10.0,6,92.2,606.73,8,141.5,284.2,2,32,2608
