rally,ball_round,time,frame_num,roundscore_A,roundscore_B,player,server,type,aroundhead,backhand,landing_height,landing_area,landing_x,landing_y,lose_reason,getpoint_player,player_location_area,player_location_x,player_location_y,opponent_location_area,opponent_location_x,opponent_location_y,set,match_id,rally_id
18,1,00:44:25,79979,9,9,10,1,short service,0.0,1,2.0,7,-0.4353658536585365,0.3981250000000003,,,8,184.4,333.51,8,126.0,679.37,2,32,2621
18,2,00:44:26,80003,9,9,13,2,net shot,0.0,0,2.0,1,-0.9378048780487804,-0.3716666666666667,,,7,132.4,590.15,8,166.5,301.63,2,32,2621
18,3,00:44:27,80027,9,9,10,2,lob,0.0,0,1.0,3,1.2170731707317075,1.5528125,,,7,117.9,379.35,8,155.6,618.42,2,32,2621
18,4,00:44:28,80063,9,9,13,2,drive,0.0,0,1.0,8,0.848780487804878,-0.8927083333333332,,,9,245.5,758.16,8,163.2,299.15,2,32,2621
18,5,00:44:29,80078,9,9,10,2,net shot,0.0,1,2.0,7,-0.8500000000000001,0.5762499999999999,,,8,172.0,293.99,8,232.8,708.52,2,32,2621
18,6,00:44:30,80102,9,9,13,2,lob,0.0,1,2.0,3,-0.9390243902439024,-1.5265104166666668,,,8,143.1,632.44,8,165.5,319.06,2,32,2621
18,7,00:44:31,80139,9,9,10,2,drive,0.0,0,1.0,8,-0.5402439024390245,0.7625520833333331,,,9,122.0,196.21,8,143.5,654.49,2,32,2621
18,8,00:44:31,80155,9,9,13,2,smash,0.0,0,2.0,8,-0.425609756097561,-1.1976041666666666,,,8,141.7,632.45,9,146.6,178.96,2,32,2621
18,9,00:44:32,80166,9,9,10,3,defensive shot,0.0,1,2.0,7,-0.6975609756097562,-0.1306249999999999,touched the net,10.0,8,125.7,229.16,8,145.4,635.85,2,32,2621
