rally,ball_round,time,frame_num,roundscore_A,roundscore_B,player,server,type,aroundhead,backhand,landing_height,landing_area,landing_x,landing_y,lose_reason,getpoint_player,player_location_area,player_location_x,player_location_y,opponent_location_area,opponent_location_x,opponent_location_y,set,match_id,rally_id
9,1,00:37:02,66689,4,5,10,1,short service,0.0,1,2.0,7,0.5878048780487803,0.4033333333333336,,,8,167.7,338.56,8,216.5,686.54,2,32,2612
9,2,00:37:03,66710,4,5,13,2,net shot,0.0,0,2.0,2,0.952439024390244,-0.2527083333333332,,,7,200.0,591.25,8,169.3,319.01,2,32,2612
9,3,00:37:04,66735,4,5,10,2,lob,0.0,1,1.0,9,-0.8329268292682926,1.650104166666667,,,8,234.2,363.96,8,203.5,631.82,2,32,2612
9,4,00:37:05,66774,4,5,13,3,smash,1.0,0,2.0,5,-1.4878048780487805,-1.1777604166666666,opponent's ball landed,10.0,8,135.5,754.81,8,144.6,273.87,2,32,2612
