rally,ball_round,time,frame_num,roundscore_A,roundscore_B,player,server,type,aroundhead,backhand,landing_height,landing_area,landing_x,landing_y,lose_reason,getpoint_player,player_location_area,player_location_x,player_location_y,opponent_location_area,opponent_location_x,opponent_location_y,set,match_id,rally_id
11,1,00:37:49,68072,5,6,13,1,short service,0.0,1,1.0,7,-0.3048780487804878,-0.2810937500000001,,,8,179.8,626.88,8,136.0,286.82,2,32,2614
11,2,00:37:49,68089,5,6,10,2,push/rush,0.0,0,1.0,8,-0.2999999999999999,1.028125,,,7,145.6,397.34,8,192.0,640.5,2,32,2614
11,3,00:37:49,68098,5,6,13,2,drive,1.0,0,1.0,8,-0.4512195121951219,-0.7049479166666668,,,8,198.3,642.13,7,148.4,378.98,2,32,2614
11,4,00:37:50,68111,5,6,10,2,smash,0.0,0,2.0,6,-1.0719512195121952,1.0142187500000002,,,8,141.2,326.73,8,178.9,657.48,2,32,2614
11,5,00:37:50,68123,5,6,13,2,defensive shot,0.0,1,1.0,1,-0.9085365853658536,-0.4554166666666666,,,8,173.5,678.9,8,135.6,291.92,2,32,2614
11,6,00:37:51,68138,5,6,10,3,smash,0.0,0,2.0,6,-1.154878048780488,1.2656770833333333,opponent's ball landed,10.0,8,108.0,336.88,8,188.5,681.99,2,32,2614
