rally,ball_round,time,frame_num,roundscore_A,roundscore_B,player,server,type,aroundhead,backhand,landing_height,landing_area,landing_x,landing_y,lose_reason,getpoint_player,player_location_area,player_location_x,player_location_y,opponent_location_area,opponent_location_x,opponent_location_y,set,match_id,rally_id
30,1,00:53:32,96380,18,12,10,1,short service,0.0,1,2.0,7,-0.3548780487804877,0.5063020833333335,,,8,184.4,331.08,8,124.4,685.84,2,32,2633
30,2,00:53:33,96403,18,12,13,2,net shot,0.0,0,2.0,1,-0.9768292682926828,-0.3714583333333333,,,8,132.7,602.75,8,164.2,286.47,2,32,2633
30,3,00:53:34,96427,18,12,10,2,lob,0.0,0,1.0,4,-1.0719512195121952,1.5544270833333336,,,8,117.0,351.18,8,161.3,640.81,2,32,2633
30,4,00:53:35,96464,18,12,13,2,drop,1.0,0,2.0,5,-0.9634146341463414,-0.7531770833333334,,,8,118.7,754.97,8,133.7,284.3,2,32,2633
30,5,00:53:36,96485,18,12,10,2,defensive shot,0.0,0,2.0,7,-0.3902439024390244,0.4869270833333334,,,8,114.3,281.98,8,140.8,714.08,2,32,2633
30,6,00:53:37,96516,18,12,13,3,net shot,0.0,1,2.0,2,-1.0365853658536586,0.1011979166666667,touched the net,10.0,8,159.3,627.09,8,162.1,296.65,2,32,2633
