rally,ball_round,time,frame_num,roundscore_A,roundscore_B,player,server,type,aroundhead,backhand,landing_height,landing_area,landing_x,landing_y,lose_reason,getpoint_player,player_location_area,player_location_x,player_location_y,opponent_location_area,opponent_location_x,opponent_location_y,set,match_id,rally_id
20,1,00:25:13,45415,16,4,10,1,short service,0.0,1,2.0,7,0.3414634146341463,-0.3900520833333332,,,8,168.9,630.45,8,223.8,267.68,1,32,2597
20,2,00:25:14,45437,16,4,13,2,lob,0.0,0,1.0,3,1.218292682926829,1.5753125,,,8,219.4,359.42,8,181.6,650.75,1,32,2597
20,3,00:25:15,45475,16,4,10,2,drop,0.0,0,2.0,2,1.135365853658537,-0.4780208333333332,,,9,248.5,765.39,8,191.6,316.26,1,32,2597
20,4,00:25:16,45500,16,4,13,2,net shot,0.0,1,2.0,2,-0.902439024390244,0.2889583333333334,,,8,241.8,344.87,8,216.4,689.74,1,32,2597
20,5,00:25:17,45527,16,4,10,2,lob,0.0,1,1.0,4,1.170731707317073,-1.4353125000000002,,,7,134.9,577.33,8,189.0,303.85,1,32,2597
20,6,00:25:18,45568,16,4,13,2,clear,1.0,0,1.0,3,1.1743902439024392,1.656875,,,9,232.5,197.53,8,195.3,665.6,1,32,2597
20,7,00:25:20,45613,16,4,10,3,smash,0.0,0,2.0,5,-1.4670731707317073,-0.8540104166666668,opponent's ball landed,10.0,3,258.2,785.24,8,190.3,268.11,1,32,2597
