rally,ball_round,time,frame_num,roundscore_A,roundscore_B,player,server,type,aroundhead,backhand,landing_height,landing_area,landing_x,landing_y,lose_reason,getpoint_player,player_location_area,player_location_x,player_location_y,opponent_location_area,opponent_location_x,opponent_location_y,set,match_id,rally_id
29,1,00:52:42,94860,21,8,31,1,short service,0.0,1,2.0,7,0.4597560975609754,0.4936458333333332,,,8,172.1,333.22,8,221.3,684.75,2,51,4383
29,2,00:52:42,94881,21,8,10,2,lob,0.0,0,1.0,3,-1.0585365853658537,-1.4018229166666665,,,7,206.4,593.57,8,166.1,308.13,2,51,4383
29,3,00:52:44,94923,21,8,31,2,smash,0.0,0,2.0,8,-0.5658536585365854,0.8370833333333335,,,3,94.9,175.61,8,186.2,644.22,2,51,4383
29,4,00:52:44,94940,21,8,10,2,defensive shot,0.0,1,2.0,2,1.297560975609756,-0.3378645833333333,,,8,179.3,649.02,9,125.3,204.0,2,51,4383
29,5,00:52:45,94969,21,8,31,2,lob,0.0,1,1.0,3,1.5231707317073169,1.568072916666667,,,2,252.2,371.12,8,182.1,650.23,2,51,4383
29,6,00:52:47,95013,21,8,10,2,smash,0.0,0,2.0,6,1.2121951219512193,-0.9786458333333332,,,3,272.1,781.97,8,170.0,276.41,2,51,4383
29,7,00:52:47,95025,21,8,31,2,defensive shot,0.0,1,1.0,8,0.1817073170731708,1.199947916666667,,,8,167.4,270.94,3,301.8,789.42,2,51,4383
29,8,00:52:48,95048,21,8,10,3,smash,1.0,0,2.0,4,1.3792682926829272,-1.4692187500000002,opponent's ball landed,10.0,8,228.3,685.89,8,160.5,273.68,2,51,4383
