rally,ball_round,time,frame_num,roundscore_A,roundscore_B,player,server,type,aroundhead,backhand,landing_height,landing_area,landing_x,landing_y,lose_reason,getpoint_player,player_location_area,player_location_x,player_location_y,opponent_location_area,opponent_location_x,opponent_location_y,set,match_id,rally_id
28,1,00:52:12,93981,20,8,10,1,long service,0.0,1,1.0,3,-0.9914634146341464,-1.4675,,,8,182.2,622.89,8,129.7,281.83,2,51,4382
28,2,00:52:14,94020,20,8,31,2,drop,0.0,0,2.0,6,-1.4817073170731707,0.8612500000000001,,,9,109.0,175.59,8,179.3,641.73,2,51,4382
28,3,00:52:14,94046,20,8,10,2,net shot,0.0,1,2.0,7,0.8804878048780487,-0.3049479166666667,,,6,72.0,670.52,8,127.0,239.9,2,51,4382
28,4,00:52:15,94075,20,8,31,2,lob,0.0,1,1.0,6,-1.0560975609756096,1.49671875,,,7,212.6,373.34,8,160.3,668.79,2,51,4382
28,5,00:52:17,94114,20,8,10,2,clear,1.0,0,1.0,4,1.0878048780487803,-1.4359375,,,8,133.3,752.05,8,143.9,297.76,2,51,4382
28,6,00:52:18,94162,20,8,31,2,drop,0.0,0,2.0,8,-0.7646341463414634,0.7068229166666669,,,9,242.6,178.58,8,191.6,693.18,2,51,4382
28,7,00:52:19,94185,20,8,10,2,net shot,0.0,1,2.0,1,-1.3658536585365857,-0.28484375,,,8,141.7,631.59,9,232.1,181.81,2,51,4382
28,8,00:52:20,94218,20,8,31,2,lob,0.0,0,1.0,4,-1.1146341463414635,1.58140625,,,1,85.5,386.58,8,139.8,651.18,2,51,4382
28,9,00:52:22,94278,20,8,10,3,drop,0.0,0,2.0,10,1.6475609756097565,-0.8406770833333335,out,10.0,4,77.1,768.9,8,137.4,281.83,2,51,4382
