rally,ball_round,time,frame_num,roundscore_A,roundscore_B,player,server,type,aroundhead,backhand,landing_height,landing_area,landing_x,landing_y,lose_reason,getpoint_player,player_location_area,player_location_x,player_location_y,opponent_location_area,opponent_location_x,opponent_location_y,set,match_id,rally_id
24,1,00:16:49,30285,18,6,18,1,short service,0.0,1,2.0,7,0.3902439024390244,0.4942187499999999,,,8,171.7,308.71,8,216.4,676.64,1,24,1961
24,2,00:16:50,30308,18,6,20,2,net shot,0.0,0,2.0,7,-0.2060975609756098,-0.101875,,,8,206.6,601.85,8,171.6,299.29,1,24,1961
24,3,00:16:51,30336,18,6,18,2,net shot,0.0,0,2.0,7,0.0256097560975609,0.2206770833333333,,,7,154.4,429.08,8,179.7,615.52,1,24,1961
24,4,00:16:52,30361,18,6,20,2,lob,0.0,1,1.0,9,0.8195121951219511,-1.466875,,,7,184.6,537.16,8,167.1,365.69,1,24,1961
24,5,00:16:53,30402,18,6,18,2,clear,1.0,0,1.0,5,1.0670731707317074,1.3892187500000002,,,9,214.3,192.01,8,199.5,633.49,1,24,1961
24,6,00:16:54,30445,18,6,20,3,smash,0.0,0,2.0,5,-1.2878048780487803,-0.6915104166666666,opponent's ball landed,20.0,5,256.5,748.09,8,183.1,260.66,1,24,1961
