rally,ball_round,time,frame_num,roundscore_A,roundscore_B,player,server,type,aroundhead,backhand,landing_height,landing_area,landing_x,landing_y,lose_reason,getpoint_player,player_location_area,player_location_x,player_location_y,opponent_location_area,opponent_location_x,opponent_location_y,set,match_id,rally_id
7,1,00:08:52,15962,4,3,20,1,short service,0.0,1,2.0,7,-0.3804878048780486,-0.4851041666666666,,,8,189.1,637.19,8,133.8,279.3,1,24,1950
7,2,00:08:53,16007,4,3,18,2,lob,0.0,0,1.0,6,-0.9231707317073172,1.3343750000000003,,,8,150.5,350.76,8,188.1,635.25,1,24,1950
7,3,00:08:54,16038,4,3,20,2,smash,1.0,0,2.0,5,-0.9646341463414634,-0.8163020833333334,,,8,150.5,725.58,8,141.3,295.49,1,24,1950
7,4,00:08:55,16053,4,3,18,2,defensive shot,0.0,0,2.0,7,0.6109756097560974,0.5183333333333332,,,8,123.4,291.94,8,130.0,735.09,1,24,1950
7,5,00:08:56,16080,4,3,20,2,lob,0.0,0,1.0,4,1.3390243902439023,-1.4053125,,,7,212.1,585.42,8,160.2,289.51,1,24,1950
7,6,00:08:56,16107,4,3,18,2,smash,1.0,0,2.0,5,0.95,0.8105729166666666,,,8,193.8,220.01,8,208.6,645.13,1,24,1950
7,7,00:08:57,16126,4,3,20,3,defensive shot,0.0,0,2.0,3,-1.3158536585365854,-1.6423958333333335,out,20.0,8,229.1,645.45,8,210.6,241.07,1,24,1950
