rally,ball_round,time,frame_num,roundscore_A,roundscore_B,player,server,type,aroundhead,backhand,landing_height,landing_area,landing_x,landing_y,lose_reason,getpoint_player,player_location_area,player_location_x,player_location_y,opponent_location_area,opponent_location_x,opponent_location_y,set,match_id,rally_id
1,1,00:21:11,38153,1,0,20,1,short service,0.0,1,2.0,7,0.5487804878048781,0.4152083333333334,,,8,162.9,311.64,8,217.9,673.06,2,24,1966
1,2,00:21:12,38176,1,0,18,2,net shot,0.0,0,2.0,1,-1.2085365853658536,-0.3172395833333334,,,7,194.2,576.7,8,166.7,317.91,2,24,1966
1,3,00:21:13,38203,1,0,20,2,net shot,0.0,0,2.0,2,-1.2939024390243905,0.2352604166666664,,,1,94.8,378.61,7,160.9,594.96,2,24,1966
1,4,00:21:14,38227,1,0,18,2,lob,0.0,1,1.0,9,0.7439024390243902,-1.5442708333333333,,,2,89.7,537.79,8,119.5,353.09,2,24,1966
1,5,00:21:15,38269,1,0,20,2,drop,1.0,0,2.0,7,0.6439024390243904,0.5072916666666666,,,8,200.3,227.11,8,173.9,648.37,2,24,1966
1,6,00:21:16,38298,1,0,18,3,lob,0.0,0,2.0,10,1.1060975609756096,-1.7184375,out,20.0,7,207.4,587.43,8,202.2,237.48,2,24,1966
