rally,ball_round,time,frame_num,roundscore_A,roundscore_B,player,server,type,aroundhead,backhand,landing_height,landing_area,landing_x,landing_y,lose_reason,getpoint_player,player_location_area,player_location_x,player_location_y,opponent_location_area,opponent_location_x,opponent_location_y,set,match_id,rally_id
33,1,00:37:36,67680,17,16,18,1,short service,0.0,1,2.0,8,0.7512195121951218,-0.5356249999999999,,,8,170.9,633.04,8,235.6,274.93,2,24,1993
33,2,00:37:36,67704,17,16,20,2,push/rush,0.0,1,1.0,5,1.2304878048780483,1.2336979166666666,,,8,237.9,346.58,8,184.2,639.03,2,24,1993
33,3,00:37:37,67730,17,16,18,2,drive,0.0,0,1.0,6,1.201219512195122,-0.8955729166666666,,,8,239.2,721.9,8,201.5,287.17,2,24,1993
33,4,00:37:38,67745,17,16,20,2,defensive shot,0.0,1,2.0,7,-0.3902439024390244,0.5669270833333334,,,8,200.4,270.92,8,228.7,699.73,2,24,1993
33,5,00:37:38,67768,17,16,18,2,net shot,0.0,1,2.0,7,0.0292682926829268,-0.3644270833333334,,,8,161.1,607.2,8,211.3,274.42,2,24,1993
33,6,00:37:39,67794,17,16,20,2,push/rush,0.0,0,2.0,5,1.1280487804878048,1.4730208333333337,,,7,197.7,383.43,8,192.1,631.44,2,24,1993
33,7,00:37:40,67824,17,16,18,2,clear,0.0,0,1.0,6,1.0573170731707315,-1.1709895833333337,,,8,232.0,755.61,8,195.9,330.73,2,24,1993
33,8,00:37:41,67850,17,16,20,3,drop,1.0,0,2.0,10,1.5865853658536588,-0.0345312499999999,touched the net,20.0,8,215.0,281.0,8,214.1,702.96,2,24,1993
