rally,ball_round,time,frame_num,roundscore_A,roundscore_B,player,server,type,aroundhead,backhand,landing_height,landing_area,landing_x,landing_y,lose_reason,getpoint_player,player_location_area,player_location_x,player_location_y,opponent_location_area,opponent_location_x,opponent_location_y,set,match_id,rally_id
22,1,00:31:38,56966,13,9,20,1,short service,0.0,1,2.0,7,-0.6158536585365854,0.5207812500000001,,,8,183.0,312.05,8,131.5,673.56,2,24,1985
22,2,00:31:39,56989,13,9,18,2,lob,0.0,1,1.0,4,1.295121951219512,-1.38703125,,,7,144.1,575.87,8,174.1,286.6,2,24,1985
22,3,00:31:40,57023,13,9,20,2,smash,1.0,0,2.0,5,1.1402439024390243,0.8728125000000002,,,9,206.0,202.61,8,201.4,661.85,2,24,1985
22,4,00:31:41,57042,13,9,18,2,net shot,0.0,0,2.0,7,0.0939024390243901,-0.2925000000000001,,,8,243.1,656.93,8,231.7,217.33,2,24,1985
22,5,00:31:42,57067,13,9,20,2,net shot,0.0,0,2.0,7,0.5756097560975608,0.2247916666666668,,,7,184.0,366.03,8,206.4,654.5,2,24,1985
22,6,00:31:43,57095,13,9,18,2,net shot,0.0,0,2.0,7,0.3487804878048779,-0.0707812499999998,,,7,218.1,537.73,8,181.1,324.34,2,24,1985
22,7,00:31:44,57121,13,9,20,2,lob,0.0,1,1.0,8,-0.5963414634146342,1.1127604166666665,,,7,194.3,419.17,7,190.9,544.0,2,24,1985
22,8,00:31:45,57161,13,9,18,2,smash,1.0,0,2.0,5,-1.2121951219512197,-0.9335416666666668,,,8,157.5,708.96,8,157.0,289.45,2,24,1985
22,9,00:31:45,57174,13,9,20,3,defensive shot,0.0,0,2.0,10,-1.6768292682926829,-0.2088541666666667,not pass over the net,20.0,8,113.6,269.1,8,144.5,720.53,2,24,1985
