rally,ball_round,time,frame_num,roundscore_A,roundscore_B,player,server,type,aroundhead,backhand,landing_height,landing_area,landing_x,landing_y,lose_reason,getpoint_player,player_location_area,player_location_x,player_location_y,opponent_location_area,opponent_location_x,opponent_location_y,set,match_id,rally_id
3,1,00:24:53,44809,2,1,2,1,long service,0.0,0,1.0,9,-0.2695121951219511,-1.5809895833333334,,,8,186.4,617.28,8,120.1,249.22,2,2,110
3,2,00:24:55,44869,2,1,3,2,clear,1.0,0,1.0,5,1.1,1.2932812499999995,,,9,152.5,182.98,8,178.3,668.32,2,2,110
3,3,00:24:56,44893,2,1,2,2,smash,0.0,0,2.0,6,1.2134146341463414,-1.0091145833333333,,,8,209.1,665.63,8,187.9,244.63,2,2,110
3,4,00:24:57,44910,2,1,3,2,defensive shot,0.0,0,1.0,9,0.8865853658536584,1.6948437499999998,,,8,223.9,287.71,8,242.3,702.43,2,2,110
3,5,00:24:58,44944,2,1,2,3,drop,0.0,0,2.0,10,1.6817073170731704,-0.5735416666666667,out,2.0,9,206.4,756.49,8,202.2,257.54,2,2,110
