rally,ball_round,time,frame_num,roundscore_A,roundscore_B,player,server,type,aroundhead,backhand,landing_height,landing_area,landing_x,landing_y,lose_reason,getpoint_player,player_location_area,player_location_x,player_location_y,opponent_location_area,opponent_location_x,opponent_location_y,set,match_id,rally_id
20,1,00:34:22,61862,8,12,3,1,short service,0.0,1,2.0,2,-0.921951219512195,0.5894270833333332,,,8,185.1,299.58,8,117.5,632.51,2,2,127
20,2,00:34:22,61886,8,12,2,2,lob,0.0,1,1.0,3,-1.1280487804878048,-1.5109375,,,8,127.1,613.49,8,168.6,287.25,2,2,127
20,3,00:34:24,61925,8,12,3,2,clear,1.0,0,1.0,6,-0.9987804878048782,1.391354166666667,,,8,106.4,204.44,8,152.9,639.11,2,2,127
20,4,00:34:25,61956,8,12,2,2,smash,1.0,0,2.0,5,-1.1670731707317072,-1.1359375,,,6,102.8,720.61,8,135.7,246.78,2,2,127
20,5,00:34:25,61970,8,12,3,2,defensive shot,0.0,1,1.0,7,-0.8341463414634147,0.4184895833333334,,,8,135.7,246.78,8,118.2,724.88,2,2,127
20,6,00:34:26,61993,8,12,2,2,net shot,0.0,1,2.0,1,-0.9426829268292682,-0.3646354166666666,,,8,116.9,595.4,8,137.0,220.7,2,2,127
20,7,00:34:27,62022,8,12,3,2,net shot,0.0,1,2.0,2,-1.2317073170731707,0.3611979166666668,,,8,119.7,332.28,8,139.4,643.63,2,2,127
20,8,00:34:28,62055,8,12,2,3,net shot,0.0,1,2.0,7,0.1304878048780486,0.0953125,not pass over the net,2.0,2,94.9,590.21,8,126.9,313.51,2,2,127
