rally,ball_round,time,frame_num,roundscore_A,roundscore_B,player,server,type,aroundhead,backhand,landing_height,landing_area,landing_x,landing_y,lose_reason,getpoint_player,player_location_area,player_location_x,player_location_y,opponent_location_area,opponent_location_x,opponent_location_y,set,match_id,rally_id
1,1,00:41:52,75367,1,0,3,1,long service,0.0,1,1.0,9,-0.3292682926829268,-1.4651041666666669,,,8,187.1,651.79,8,143.0,299.24,3,2,142
1,2,00:41:53,75399,1,0,2,2,smash,0.0,0,2.0,5,1.425609756097561,1.0543229166666663,,,8,135.0,218.04,8,187.1,654.84,3,2,142
1,3,00:41:54,75422,1,0,3,2,defensive shot,0.0,1,2.0,2,1.2390243902439029,-0.3565624999999999,,,8,236.5,695.23,8,176.5,259.88,3,2,142
1,4,00:41:54,75449,1,0,2,2,lob,0.0,1,1.0,3,1.170731707317073,1.5315104166666664,,,8,233.1,340.19,8,225.3,667.28,3,2,142
1,5,00:41:56,75488,1,0,3,3,smash,1.0,0,2.0,10,-1.5426829268292683,-1.0056770833333333,out,2.0,5,256.7,739.81,8,208.3,299.77,3,2,142
