rally,ball_round,time,frame_num,roundscore_A,roundscore_B,player,server,type,aroundhead,backhand,landing_height,landing_area,landing_x,landing_y,lose_reason,getpoint_player,player_location_area,player_location_x,player_location_y,opponent_location_area,opponent_location_x,opponent_location_y,set,match_id,rally_id
21,1,00:45:44,82346,13,8,10,1,short service,0.0,1,1.0,7,0.5365853658536586,0.6227083333333331,,,8,164.6,333.47,8,223.8,668.91,2,50,4307
21,2,00:45:45,82361,13,8,34,2,defensive shot,0.0,0,2.0,1,-0.9182926829268292,-0.454375,,,7,223.0,593.59,8,168.0,340.78,2,50,4307
21,3,00:45:46,82383,13,8,10,2,net shot,0.0,0,2.0,2,-1.0743902439024389,0.3518749999999997,,,7,118.1,386.54,8,197.5,603.0,2,50,4307
21,4,00:45:47,82413,13,8,34,3,lob,0.0,1,2.0,10,1.3280487804878045,-1.7022395833333337,out,10.0,7,105.1,568.44,8,133.5,350.1,2,50,4307
