rally,ball_round,time,frame_num,roundscore_A,roundscore_B,player,server,type,aroundhead,backhand,landing_height,landing_area,landing_x,landing_y,lose_reason,getpoint_player,player_location_area,player_location_x,player_location_y,opponent_location_area,opponent_location_x,opponent_location_y,set,match_id,rally_id
36,1,00:53:46,96781,21,15,10,1,short service,0.0,1,1.0,1,1.1024390243902435,0.6022395833333333,,,8,162.1,326.06,8,223.2,670.04,2,50,4322
36,2,00:53:46,96796,21,15,34,2,net shot,0.0,0,2.0,7,-0.1195121951219513,-0.4871354166666665,,,7,240.3,592.32,8,152.3,297.99,2,50,4322
36,3,00:53:47,96818,21,15,10,2,net shot,0.0,1,2.0,2,-0.876829268292683,0.2934375000000002,,,7,130.3,366.39,8,209.6,620.3,2,50,4322
36,4,00:53:48,96848,21,15,34,2,lob,0.0,1,1.0,4,1.0926829268292686,-1.5630208333333335,,,7,123.0,552.03,8,144.6,318.45,2,50,4322
36,5,00:53:49,96899,21,15,10,2,smash,0.0,0,2.0,5,1.2073170731707317,1.255,,,4,258.9,166.86,8,227.1,660.89,2,50,4322
36,6,00:53:50,96911,21,15,34,3,defensive shot,0.0,0,2.0,1,1.5865853658536588,0.1779166666666668,touched the net,10.0,8,230.0,704.58,9,244.3,173.3,2,50,4322
