rally,ball_round,time,frame_num,roundscore_A,roundscore_B,player,server,type,aroundhead,backhand,landing_height,landing_area,landing_x,landing_y,lose_reason,getpoint_player,player_location_area,player_location_x,player_location_y,opponent_location_area,opponent_location_x,opponent_location_y,set,match_id,rally_id
29,1,00:50:17,90527,17,12,34,1,short service,0.0,1,1.0,1,-1.2414634146341463,-0.4553645833333333,,,8,187.1,608.3,8,128.6,257.17,2,50,4315
29,2,00:50:18,90542,17,12,10,2,push/rush,0.0,0,1.0,6,-1.2548780487804878,1.1494791666666668,,,7,112.6,408.06,8,176.9,632.8,2,50,4315
29,3,00:50:18,90558,17,12,34,2,defensive shot,0.0,1,1.0,8,0.6707317073170732,-0.8775000000000001,,,8,151.2,675.14,8,128.3,357.12,2,50,4315
29,4,00:50:19,90577,17,12,10,2,defensive shot,0.0,1,2.0,8,0.7487804878048782,0.6670312500000003,,,8,159.9,298.04,8,123.9,692.34,2,50,4315
29,5,00:50:19,90598,17,12,34,2,lob,0.0,0,1.0,3,-0.8658536585365854,-1.3858854166666668,,,8,214.0,628.02,8,187.1,282.32,2,50,4315
29,6,00:50:20,90619,17,12,10,3,smash,0.0,0,2.0,6,-1.3414634146341464,1.2786458333333333,opponent's ball landed,10.0,8,148.5,216.51,8,200.3,652.48,2,50,4315
