rally,ball_round,time,frame_num,roundscore_A,roundscore_B,player,server,type,aroundhead,backhand,landing_height,landing_area,landing_x,landing_y,lose_reason,getpoint_player,player_location_area,player_location_x,player_location_y,opponent_location_area,opponent_location_x,opponent_location_y,set,match_id,rally_id
23,1,00:46:38,83952,14,9,10,1,short service,0.0,1,2.0,7,0.4060975609756099,0.6442708333333336,,,8,162.1,328.53,8,222.4,690.92,2,50,4309
23,2,00:46:39,83972,14,9,34,2,net shot,0.0,1,2.0,2,1.3597560975609757,-0.4593229166666666,,,7,229.1,593.63,8,173.5,318.65,2,50,4309
23,3,00:46:39,83999,14,9,10,2,net shot,0.0,1,2.0,1,1.395121951219512,0.283125,,,7,247.7,385.23,8,213.9,629.29,2,50,4309
23,4,00:46:40,84024,14,9,34,2,net shot,0.0,0,2.0,2,1.385365853658537,-0.1306249999999999,,,1,260.3,571.02,8,217.3,345.92,2,50,4309
23,5,00:46:41,84053,14,9,10,2,lob,0.0,1,1.0,9,-0.7060975609756098,1.6934375,,,2,256.9,415.35,8,238.1,620.5,2,50,4309
23,6,00:46:43,84098,14,9,34,2,smash,0.0,0,2.0,5,-1.2109756097560975,-0.9658333333333332,,,9,128.6,780.34,8,151.2,287.43,2,50,4309
23,7,00:46:43,84114,14,9,10,2,defensive shot,0.0,0,2.0,6,-1.1109756097560974,0.6756770833333334,,,8,126.0,295.19,9,118.3,785.87,2,50,4309
23,8,00:46:44,84140,14,9,34,2,net shot,0.0,1,2.0,7,-0.196341463414634,-0.4873958333333332,,,8,115.1,639.79,8,123.3,308.14,2,50,4309
23,9,00:46:45,84168,14,9,10,3,lob,0.0,0,2.0,10,-0.9792682926829268,1.809375,out,10.0,8,174.5,355.09,8,163.5,631.45,2,50,4309
