rally,ball_round,time,frame_num,roundscore_A,roundscore_B,player,server,type,aroundhead,backhand,landing_height,landing_area,landing_x,landing_y,lose_reason,getpoint_player,player_location_area,player_location_x,player_location_y,opponent_location_area,opponent_location_x,opponent_location_y,set,match_id,rally_id
7,1,00:36:04,64921,5,2,10,1,long service,0.0,1,1.0,3,1.024390243902439,1.6411458333333335,,,8,163.8,328.55,8,228.7,677.92,2,50,4294
7,2,00:36:05,64951,5,2,34,2,drop,0.0,0,2.0,6,0.9487804878048782,-0.5678124999999999,,,9,223.2,790.58,8,159.6,276.72,2,50,4294
7,3,00:36:05,64970,5,2,10,2,net shot,0.0,1,1.0,1,1.281707317073171,0.3084895833333334,,,8,232.7,343.63,8,205.6,745.83,2,50,4294
7,4,00:36:06,64996,5,2,34,2,drive,0.0,0,1.0,8,-0.3121951219512194,-0.9632291666666668,,,7,242.0,561.98,8,202.0,306.11,2,50,4294
7,5,00:36:06,65006,5,2,10,2,drive,0.0,0,2.0,6,-1.2841463414634149,1.360104166666667,,,8,173.5,318.65,7,249.7,569.47,2,50,4294
7,6,00:36:07,65030,5,2,34,2,defensive shot,0.0,1,1.0,1,-0.9865853658536586,-0.4662499999999999,,,6,102.5,716.74,8,141.7,257.26,2,50,4294
7,7,00:36:08,65068,5,2,10,3,smash,0.0,0,2.0,8,0.2439024390243902,1.142864583333333,opponent's ball landed,10.0,1,90.0,375.2,10,48.2,761.43,2,50,4294
