rally,ball_round,time,frame_num,roundscore_A,roundscore_B,player,server,type,aroundhead,backhand,landing_height,landing_area,landing_x,landing_y,lose_reason,getpoint_player,player_location_area,player_location_x,player_location_y,opponent_location_area,opponent_location_x,opponent_location_y,set,match_id,rally_id
1,1,00:11:18,20360,0,1,34,1,short service,0.0,1,2.0,1,1.2170731707317075,0.5422916666666667,,,8,167.3,355.04,8,222.8,684.46,1,50,4253
1,2,00:11:20,20411,0,1,10,2,lob,0.0,0,1.0,4,1.389024390243902,-1.4944270833333333,,,7,240.8,593.71,8,170.3,323.63,1,50,4253
1,3,00:11:21,20448,0,1,34,2,drop,0.0,1,2.0,7,-0.7987804878048781,0.4819791666666664,,,4,264.1,160.29,8,219.2,660.84,1,50,4253
1,4,00:11:22,20473,0,1,10,2,net shot,0.0,1,2.0,7,-0.3902439024390244,-0.2948958333333333,,,8,123.1,606.51,8,200.1,225.85,1,50,4253
1,5,00:11:23,20497,0,1,34,2,net shot,0.0,0,2.0,7,0.0926829268292682,0.3302604166666665,,,7,166.0,377.98,8,159.2,646.19,1,50,4253
1,6,00:11:24,20525,0,1,10,2,lob,0.0,0,1.0,4,1.1073170731707318,-1.4454166666666666,,,7,167.1,558.44,8,171.2,331.06,1,50,4253
1,7,00:11:25,20559,0,1,34,2,smash,1.0,0,2.0,5,1.5231707317073169,1.024635416666667,,,9,213.7,189.13,8,201.4,673.27,1,50,4253
1,8,00:11:25,20575,0,1,10,3,defensive shot,0.0,0,2.0,10,1.7134146341463414,-0.7156770833333335,out,10.0,8,241.1,681.32,9,240.1,182.95,1,50,4253
