rally,ball_round,time,frame_num,roundscore_A,roundscore_B,player,server,type,aroundhead,backhand,landing_height,landing_area,landing_x,landing_y,lose_reason,getpoint_player,player_location_area,player_location_x,player_location_y,opponent_location_area,opponent_location_x,opponent_location_y,set,match_id,rally_id
34,1,00:30:13,54416,20,14,34,1,short service,0.0,1,2.0,6,-0.9939024390243902,0.6689062499999997,,,8,184.2,348.07,8,115.3,686.93,1,50,4286
34,2,00:30:14,54439,20,14,10,2,lob,0.0,1,1.0,4,1.2219512195121949,-1.5797916666666667,,,7,114.9,587.23,8,177.7,323.68,1,50,4286
34,3,00:30:15,54476,20,14,34,2,drop,0.0,1,2.0,2,-1.197560975609756,0.5878125000000001,,,9,249.8,192.53,8,211.4,633.04,1,50,4286
34,4,00:30:16,54500,20,14,10,2,push/rush,0.0,1,2.0,3,-1.3512195121951218,-1.5530208333333333,,,6,94.7,600.91,8,185.5,254.74,1,50,4286
34,5,00:30:17,54532,20,14,34,2,drive,0.0,0,1.0,6,-1.1256097560975609,0.8534895833333334,,,5,95.2,207.02,8,132.2,627.43,1,50,4286
34,6,00:30:18,54545,20,14,10,3,drive,0.0,1,2.0,7,0.0951219512195123,0.1461979166666666,touched the net,10.0,8,116.4,634.86,8,112.4,204.06,1,50,4286
