rally,ball_round,time,frame_num,roundscore_A,roundscore_B,player,server,type,aroundhead,backhand,landing_height,landing_area,landing_x,landing_y,lose_reason,getpoint_player,player_location_area,player_location_x,player_location_y,opponent_location_area,opponent_location_x,opponent_location_y,set,match_id,rally_id
16,1,00:20:08,36259,13,3,10,1,short service,0.0,1,2.0,8,-0.4743902439024391,-0.5842187500000001,,,8,182.8,629.06,8,124.7,284.58,1,50,4268
16,2,00:20:09,36281,13,3,34,2,push/rush,0.0,1,1.0,3,1.170731707317073,1.6161979166666665,,,8,108.5,359.31,8,183.4,631.59,1,50,4268
16,3,00:20:10,36318,13,3,10,2,drive,0.0,0,2.0,6,1.44390243902439,-0.7553124999999999,,,9,239.0,775.43,8,175.1,303.35,1,50,4268
16,4,00:20:11,36342,13,3,34,2,net shot,0.0,1,2.0,1,1.3475609756097562,0.5196354166666666,,,6,264.9,336.6,8,220.2,727.31,1,50,4268
16,5,00:20:12,36372,13,3,10,3,net shot,0.0,0,2.0,1,-1.451219512195122,-0.2980729166666667,opponent's ball landed,10.0,1,258.6,593.84,8,194.8,276.97,1,50,4268
