rally,ball_round,time,frame_num,roundscore_A,roundscore_B,player,server,type,aroundhead,backhand,landing_height,landing_area,landing_x,landing_y,lose_reason,getpoint_player,player_location_area,player_location_x,player_location_y,opponent_location_area,opponent_location_x,opponent_location_y,set,match_id,rally_id
8,1,00:14:41,26436,5,3,10,1,long service,0.0,1,1.0,3,-1.274390243902439,-1.51890625,,,8,190.9,637.87,8,129.3,292.58,1,50,4260
8,2,00:14:42,26467,5,3,34,2,drop,0.0,0,1.0,7,0.6060975609756096,0.4940625,,,3,85.1,181.9,8,179.3,667.45,1,50,4260
8,3,00:14:43,26492,5,3,10,2,net shot,0.0,0,2.0,1,-1.232926829268293,-0.3083854166666666,,,7,199.9,582.17,8,139.9,204.25,1,50,4260
8,4,00:14:43,26517,5,3,34,2,net shot,0.0,0,1.0,2,-1.3353658536585369,0.4407812499999999,,,1,102.4,403.75,8,157.0,631.4,1,50,4260
8,5,00:14:44,26543,5,3,10,2,net shot,0.0,1,2.0,2,1.1182926829268292,-0.4483333333333332,,,2,100.2,582.88,8,124.9,354.75,1,50,4260
8,6,00:14:45,26568,5,3,34,2,lob,0.0,1,1.0,9,-0.7707317073170732,1.7013020833333332,,,7,242.3,371.73,8,171.6,620.02,1,50,4260
8,7,00:14:47,26610,5,3,10,2,smash,0.0,0,2.0,5,-1.1609756097560977,-0.9797395833333334,,,9,127.0,784.34,8,141.9,313.37,1,50,4260
8,8,00:14:47,26624,5,3,34,3,defensive shot,0.0,0,2.0,10,-2.7902439024390246,0.0061458333333333,out,10.0,8,136.1,271.1,9,125.3,800.63,1,50,4260
