rally,ball_round,time,frame_num,roundscore_A,roundscore_B,player,server,type,aroundhead,backhand,landing_height,landing_area,landing_x,landing_y,lose_reason,getpoint_player,player_location_area,player_location_x,player_location_y,opponent_location_area,opponent_location_x,opponent_location_y,set,match_id,rally_id
31,1,00:51:41,93035,17,14,34,1,short service,0.0,1,1.0,8,0.5475609756097561,-0.5568750000000001,,,8,166.0,606.81,8,236.3,274.53,2,50,4317
31,2,00:51:41,93050,17,14,10,2,push/rush,0.0,0,1.0,3,1.3353658536585369,1.703854166666667,,,7,232.0,387.33,8,188.7,624.01,2,50,4317
31,3,00:51:42,93084,17,14,34,2,drive,0.0,0,1.0,8,0.8658536585365854,-0.7310416666666667,,,3,258.0,796.26,8,181.0,298.19,2,50,4317
31,4,00:51:43,93096,17,14,10,3,defensive shot,0.0,1,2.0,1,1.2317073170731707,0.0848437500000001,not pass over the net,10.0,8,180.9,350.42,3,254.9,802.33,2,50,4317
