rally,ball_round,time,frame_num,roundscore_A,roundscore_B,player,server,type,aroundhead,backhand,landing_height,landing_area,landing_x,landing_y,lose_reason,getpoint_player,player_location_area,player_location_x,player_location_y,opponent_location_area,opponent_location_x,opponent_location_y,set,match_id,rally_id
7,1,00:29:00,52213,3,4,12,1,short service,0.0,1,2.0,7,0.7439024390243902,0.5642187500000002,,,8,164.3,316.66,8,221.6,672.72,2,46,3908
7,2,00:29:01,52236,3,4,5,2,lob,0.0,0,1.0,6,1.0817073170731706,-1.24859375,,,8,211.4,597.97,8,164.3,311.78,2,46,3908
7,3,00:29:01,52259,3,4,12,2,smash,0.0,0,2.0,5,1.0402439024390244,1.084322916666667,,,8,202.0,233.47,8,217.9,641.54,2,46,3908
7,4,00:29:02,52270,3,4,5,2,defensive shot,0.0,0,1.0,7,0.1500000000000001,-0.5169791666666667,,,8,223.6,683.89,8,208.5,249.76,2,46,3908
7,5,00:29:03,52292,3,4,12,2,net shot,0.0,0,2.0,1,1.3231707317073171,0.6502604166666668,,,8,205.4,354.03,8,210.0,697.19,2,46,3908
7,6,00:29:03,52316,3,4,5,2,lob,0.0,0,1.0,5,-0.8707317073170733,-1.31265625,,,5,261.5,613.77,8,203.8,330.73,2,46,3908
7,7,00:29:05,52350,3,4,12,3,smash,0.0,0,2.0,10,1.81219512195122,1.4510416666666668,out,5.0,8,145.8,220.15,8,204.7,657.41,2,46,3908
