rally,ball_round,time,frame_num,roundscore_A,roundscore_B,player,server,type,aroundhead,backhand,landing_height,landing_area,landing_x,landing_y,lose_reason,getpoint_player,player_location_area,player_location_x,player_location_y,opponent_location_area,opponent_location_x,opponent_location_y,set,match_id,rally_id
13,1,00:33:12,59761,8,5,5,1,short service,0.0,1,2.0,7,-0.3402439024390244,-0.4010416666666667,,,8,178.8,633.48,8,137.3,292.15,2,46,3914
13,2,00:33:12,59782,8,5,12,2,push/rush,0.0,1,1.0,4,-1.2158536585365851,1.553020833333333,,,7,135.7,370.37,8,179.9,630.74,2,46,3914
13,3,00:33:14,59820,8,5,5,2,smash,0.0,1,2.0,5,-1.0463414634146342,-0.9479166666666666,,,4,90.9,770.21,8,141.6,289.58,2,46,3914
13,4,00:33:14,59834,8,5,12,2,defensive shot,0.0,0,2.0,6,-1.2439024390243902,1.1869270833333332,,,8,105.5,277.15,8,128.0,729.29,2,46,3914
13,5,00:33:15,59854,8,5,5,2,drive,0.0,1,1.0,5,-0.9768292682926828,-0.7296875000000002,,,8,158.7,690.03,8,121.6,294.82,2,46,3914
13,6,00:33:15,59872,8,5,12,2,push/rush,0.0,0,2.0,8,0.5012195121951218,1.0583854166666669,,,5,95.9,309.95,8,153.4,658.79,2,46,3914
13,7,00:33:16,59886,8,5,5,3,defensive shot,0.0,0,2.0,10,0.2658536585365855,-1.8416666666666668,out,5.0,8,189.9,680.23,8,109.9,331.53,2,46,3914
