rally,ball_round,time,frame_num,roundscore_A,roundscore_B,player,server,type,aroundhead,backhand,landing_height,landing_area,landing_x,landing_y,lose_reason,getpoint_player,player_location_area,player_location_x,player_location_y,opponent_location_area,opponent_location_x,opponent_location_y,set,match_id,rally_id
7,1,00:09:05,16357,2,5,5,1,short service,0.0,1,2.0,7,0.5512195121951218,0.4830729166666667,,,8,175.0,328.59,8,220.3,668.94,1,46,3869
7,2,00:09:06,16386,2,5,12,2,net shot,0.0,1,2.0,2,1.201219512195122,-0.2736458333333334,,,7,228.5,578.42,8,178.5,333.31,1,46,3869
7,3,00:09:06,16409,2,5,5,2,push/rush,0.0,1,1.0,4,-1.1939024390243904,1.61015625,,,7,243.0,395.75,8,207.9,605.28,1,46,3869
7,4,00:09:08,16445,2,5,12,2,drop,0.0,1,2.0,8,0.4573170731707317,-0.7600000000000001,,,9,110.5,787.84,8,164.2,306.87,1,46,3869
7,5,00:09:08,16463,2,5,5,2,net shot,0.0,1,2.0,6,-1.328048780487805,0.7145833333333336,,,8,144.3,281.92,8,166.8,736.95,1,46,3869
7,6,00:09:09,16490,2,5,12,2,net shot,0.0,1,2.0,1,-1.3158536585365854,-0.2879687500000001,,,6,103.9,612.73,8,156.9,340.55,1,46,3869
7,7,00:09:10,16517,2,5,5,3,net shot,0.0,0,2.0,2,0.9585365853658536,0.0438020833333334,touched the net,5.0,1,96.3,379.51,8,138.4,633.57,1,46,3869
