rally,ball_round,time,frame_num,roundscore_A,roundscore_B,player,server,type,aroundhead,backhand,landing_height,landing_area,landing_x,landing_y,lose_reason,getpoint_player,player_location_area,player_location_x,player_location_y,opponent_location_area,opponent_location_x,opponent_location_y,set,match_id,rally_id
31,1,00:42:33,76595,17,14,5,1,short service,0.0,1,2.0,7,-0.2329268292682926,-0.3568229166666666,,,8,181.5,627.98,8,137.6,299.67,2,46,3932
31,2,00:42:33,76616,17,14,12,2,net shot,0.0,1,2.0,2,-1.1914634146341463,0.3418229166666666,,,7,133.8,372.61,8,165.9,623.85,2,46,3932
31,3,00:42:34,76639,17,14,5,2,net shot,0.0,1,2.0,1,-1.1243902439024391,-0.1202604166666665,,,2,96.9,550.6,8,149.2,338.27,2,46,3932
31,4,00:42:35,76664,17,14,12,2,lob,0.0,0,1.0,9,0.4817073170731707,1.5954687500000002,,,1,94.6,411.52,7,133.9,564.79,2,46,3932
31,5,00:42:37,76724,17,14,5,3,smash,0.0,0,2.0,6,1.5536585365853657,-1.3688020833333334,opponent's ball landed,5.0,9,196.2,780.21,8,160.1,260.92,2,46,3932
