rally,ball_round,time,frame_num,roundscore_A,roundscore_B,player,server,type,aroundhead,backhand,landing_height,landing_area,landing_x,landing_y,lose_reason,getpoint_player,player_location_area,player_location_x,player_location_y,opponent_location_area,opponent_location_x,opponent_location_y,set,match_id,rally_id
19,1,00:42:27,76428,7,12,23,1,short service,0.0,1,2.0,7,0.6317073170731708,0.6068229166666667,,,8,161.2,338.04,8,218.1,679.59,2,28,2320
19,2,00:42:28,76441,7,12,2,2,push/rush,0.0,1,2.0,9,-0.852439024390244,-1.3923437500000002,,,8,239.0,630.86,8,170.0,317.44,2,28,2320
19,3,00:42:29,76476,7,12,23,2,drop,0.0,0,1.0,2,-1.1378048780487804,0.4434895833333332,,,8,123.9,230.82,8,171.4,670.22,2,28,2320
19,4,00:42:30,76504,7,12,2,2,net shot,0.0,1,2.0,1,-1.1121951219512196,-0.2602604166666668,,,6,95.8,607.74,8,136.4,241.07,2,28,2320
19,5,00:42:31,76531,7,12,23,2,net shot,0.0,0,1.0,7,0.0707317073170733,0.2319791666666667,,,1,83.4,376.58,8,112.4,615.76,2,28,2320
19,6,00:42:31,76553,7,12,2,3,push/rush,0.0,0,2.0,8,-0.7646341463414634,-0.6457291666666668,opponent's ball landed,2.0,7,166.3,584.71,1,74.5,398.29,2,28,2320
