rally,ball_round,time,frame_num,roundscore_A,roundscore_B,player,server,type,aroundhead,backhand,landing_height,landing_area,landing_x,landing_y,lose_reason,getpoint_player,player_location_area,player_location_x,player_location_y,opponent_location_area,opponent_location_x,opponent_location_y,set,match_id,rally_id
13,1,00:15:39,28170,7,6,2,1,short service,0.0,1,2.0,7,-0.3609756097560975,0.5471874999999997,,,8,183.4,341.34,8,135.1,718.89,1,28,2275
13,2,00:15:39,28194,7,6,23,2,push/rush,0.0,1,1.0,5,-1.0695121951219513,-1.1129166666666668,,,8,158.1,631.67,8,167.2,343.97,1,28,2275
13,3,00:15:40,28223,7,6,2,2,drive,0.0,0,2.0,6,-1.1878048780487809,1.1069791666666664,,,8,117.7,220.57,8,162.2,680.62,1,28,2275
13,4,00:15:41,28238,7,6,23,2,defensive shot,0.0,1,2.0,1,-1.3341463414634147,-0.30296875,,,8,151.1,695.9,8,119.0,237.42,1,28,2275
13,5,00:15:42,28269,7,6,2,2,lob,0.0,0,1.0,6,-1.2000000000000002,1.3082291666666663,,,1,80.9,382.07,8,143.2,678.63,1,28,2275
13,6,00:15:43,28308,7,6,23,3,smash,1.0,0,2.0,6,1.3621951219512194,-1.0601041666666668,opponent's ball landed,2.0,6,84.9,742.12,8,132.8,292.34,1,28,2275
