rally,ball_round,time,frame_num,roundscore_A,roundscore_B,player,server,type,aroundhead,backhand,landing_height,landing_area,landing_x,landing_y,lose_reason,getpoint_player,player_location_area,player_location_x,player_location_y,opponent_location_area,opponent_location_x,opponent_location_y,set,match_id,rally_id
7,1,00:54:47,98621,5,2,23,1,short service,0.0,1,2.0,7,0.2841463414634148,-0.4036458333333333,,,8,166.8,677.19,8,217.3,321.26,3,28,2342
7,2,00:54:47,98636,5,2,2,2,net shot,0.0,1,2.0,2,-1.1560975609756097,0.2715104166666666,,,8,184.5,358.62,8,178.4,682.55,3,28,2342
7,3,00:54:48,98659,5,2,23,2,lob,0.0,1,1.0,3,-1.225609756097561,-1.3772916666666666,,,7,118.7,573.76,7,151.9,383.25,3,28,2342
7,4,00:54:50,98706,5,2,2,2,drive,0.0,0,2.0,8,-0.8365853658536585,0.9221874999999996,,,5,95.5,216.75,8,164.3,661.21,3,28,2342
7,5,00:54:50,98722,5,2,23,2,defensive shot,0.0,1,2.0,7,0.8841463414634146,-0.4710937499999999,,,8,143.8,682.12,8,110.4,288.83,3,28,2342
7,6,00:54:51,98745,5,2,2,2,net shot,0.0,1,2.0,7,-0.0426829268292682,0.3597395833333336,,,7,213.7,397.89,8,156.1,699.33,3,28,2342
7,7,00:54:52,98774,5,2,23,2,net shot,0.0,0,2.0,7,-0.3463414634146342,-0.0688020833333332,,,7,151.0,594.6,7,179.2,378.18,3,28,2342
7,8,00:54:53,98800,5,2,2,2,lob,0.0,1,1.0,2,-1.303658536585366,0.6059375000000001,,,7,127.5,430.72,8,160.5,598.73,3,28,2342
7,9,00:54:55,98869,5,2,23,3,smash,0.0,0,2.0,8,0.8926829268292682,-1.11453125,opponent's ball landed,2.0,6,52.3,637.78,8,156.1,280.24,3,28,2342
