rally,ball_round,time,frame_num,roundscore_A,roundscore_B,player,server,type,aroundhead,backhand,landing_height,landing_area,landing_x,landing_y,lose_reason,getpoint_player,player_location_area,player_location_x,player_location_y,opponent_location_area,opponent_location_x,opponent_location_y,set,match_id,rally_id
24,1,00:22:43,40895,15,9,2,1,short service,0.0,1,2.0,7,0.578048780487805,0.5958333333333332,,,8,163.0,338.07,8,225.0,691.73,1,28,2286
24,2,00:22:44,40920,15,9,23,2,lob,0.0,0,1.0,6,1.0268292682926827,-1.14765625,,,8,189.4,632.09,8,164.3,346.81,1,28,2286
24,3,00:22:44,40943,15,9,2,2,drop,1.0,0,2.0,6,-1.3817073170731706,0.7203124999999998,,,8,203.7,261.94,8,200.2,674.11,1,28,2286
24,4,00:22:45,40972,15,9,23,2,net shot,0.0,1,1.0,7,-0.828048780487805,-0.2041145833333333,,,6,91.0,667.41,8,192.1,296.49,1,28,2286
24,5,00:22:46,40999,15,9,2,3,push/rush,0.0,0,2.0,8,-0.1878048780487805,1.0205729166666668,opponent's ball landed,2.0,7,116.0,398.97,8,132.5,699.04,1,28,2286
