rally,ball_round,time,frame_num,roundscore_A,roundscore_B,player,server,type,aroundhead,backhand,landing_height,landing_area,landing_x,landing_y,lose_reason,getpoint_player,player_location_area,player_location_x,player_location_y,opponent_location_area,opponent_location_x,opponent_location_y,set,match_id,rally_id
32,1,00:26:25,47574,19,13,23,1,short service,0.0,1,2.0,7,-0.4121951219512196,-0.2554166666666668,,,8,185.0,652.43,8,129.3,334.55,1,28,2294
32,2,00:26:26,47599,19,13,2,2,net shot,0.0,1,2.0,1,0.946341463414634,0.400052083333333,,,7,123.6,388.26,8,172.2,657.71,1,28,2294
32,3,00:26:27,47629,19,13,23,2,lob,0.0,0,1.0,3,-0.9987804878048782,-1.4117708333333334,,,8,226.0,605.58,8,167.7,332.28,1,28,2294
32,4,00:26:29,47675,19,13,2,2,drop,0.0,0,2.0,7,0.1646341463414634,0.4626041666666669,,,5,100.2,206.52,8,182.6,673.88,1,28,2294
32,5,00:26:29,47694,19,13,23,2,net shot,0.0,0,2.0,1,-1.2146341463414634,-0.1006770833333332,,,8,170.8,650.42,8,138.8,260.76,1,28,2294
32,6,00:26:30,47720,19,13,2,2,lob,0.0,0,1.0,3,1.1097560975609757,1.5394270833333337,,,1,92.8,414.55,8,154.5,644.7,1,28,2294
32,7,00:26:32,47772,19,13,23,2,drop,0.0,0,2.0,1,-0.9926829268292684,-0.3006250000000001,,,9,236.2,781.38,8,161.6,323.28,1,28,2294
32,8,00:26:33,47797,19,13,2,2,net shot,0.0,0,2.0,2,-0.9195121951219511,0.2611979166666665,,,1,103.9,387.93,9,230.3,763.66,1,28,2294
32,9,00:26:34,47827,19,13,23,3,lob,0.0,1,2.0,4,1.1439024390243904,-1.5236979166666669,misjudged,2.0,8,113.3,596.09,8,135.2,352.07,1,28,2294
