rally,ball_round,time,frame_num,roundscore_A,roundscore_B,player,server,type,aroundhead,backhand,landing_height,landing_area,landing_x,landing_y,lose_reason,getpoint_player,player_location_area,player_location_x,player_location_y,opponent_location_area,opponent_location_x,opponent_location_y,set,match_id,rally_id
5,1,00:34:27,62024,2,3,23,1,short service,0.0,1,2.0,7,0.651219512195122,0.5315624999999997,,,8,158.2,337.98,8,219.0,667.28,2,28,2306
5,2,00:34:27,62039,2,3,2,2,push/rush,0.0,1,1.0,6,0.9280487804878048,-1.0133333333333334,,,8,222.2,630.64,8,170.2,341.11,2,28,2306
5,3,00:34:28,62056,2,3,23,2,drive,1.0,0,1.0,8,0.8963414634146342,0.7743229166666664,,,8,183.4,308.6,8,220.9,611.4,2,28,2306
5,4,00:34:28,62066,2,3,2,2,drive,0.0,0,1.0,6,0.9646341463414634,-0.9308333333333336,,,8,219.4,683.07,8,184.0,335.5,2,28,2306
5,5,00:34:29,62081,2,3,23,2,drive,1.0,0,2.0,8,0.1890243902439024,1.0596875,,,8,180.4,314.61,8,220.4,681.35,2,28,2306
5,6,00:34:29,62097,2,3,2,2,defensive shot,0.0,1,1.0,8,0.496341463414634,-1.0668749999999998,,,8,225.9,703.55,8,209.4,353.34,2,28,2306
5,7,00:34:30,62125,2,3,23,2,smash,1.0,0,2.0,5,1.3451219512195125,0.9344270833333332,,,8,187.2,293.31,8,199.0,691.4,2,28,2306
5,8,00:34:31,62142,2,3,2,2,defensive shot,0.0,0,1.0,2,1.4487804878048782,-0.4096354166666665,,,8,235.8,695.26,8,177.3,293.13,2,28,2306
5,9,00:34:32,62168,2,3,23,3,push/rush,0.0,1,2.0,9,-0.8085365853658536,1.6524479166666666,opponent's ball landed,2.0,2,266.0,368.48,8,236.1,743.91,2,28,2306
