rally,ball_round,time,frame_num,roundscore_A,roundscore_B,player,server,type,aroundhead,backhand,landing_height,landing_area,landing_x,landing_y,lose_reason,getpoint_player,player_location_area,player_location_x,player_location_y,opponent_location_area,opponent_location_x,opponent_location_y,set,match_id,rally_id
26,1,01:05:44,118328,18,8,23,1,short service,0.0,1,2.0,7,0.7695121951219511,0.4663020833333332,,,8,159.9,332.14,8,220.6,661.94,3,28,2361
26,2,01:05:44,118348,18,8,2,2,net shot,0.0,0,2.0,7,-0.2719512195121952,-0.2137500000000001,,,8,210.6,611.26,8,166.6,341.05,3,28,2361
26,3,01:05:45,118372,18,8,23,2,net shot,0.0,0,1.0,7,-0.1804878048780489,0.2541145833333331,,,7,166.2,423.58,8,189.1,610.96,3,28,2361
26,4,01:05:46,118390,18,8,2,3,push/rush,0.0,1,2.0,8,-0.0304878048780487,-0.7012499999999999,opponent's ball landed,2.0,7,191.1,551.57,7,166.0,399.79,3,28,2361
