rally,ball_round,time,frame_num,roundscore_A,roundscore_B,player,server,type,aroundhead,backhand,landing_height,landing_area,landing_x,landing_y,lose_reason,getpoint_player,player_location_area,player_location_x,player_location_y,opponent_location_area,opponent_location_x,opponent_location_y,set,match_id,rally_id
9,1,00:55:47,100438,6,3,2,1,short service,0.0,1,2.0,7,0.4585365853658535,0.5413020833333331,,,8,163.2,361.1,8,221.5,701.82,3,28,2344
9,2,00:55:48,100466,6,3,23,2,push/rush,0.0,0,1.0,6,1.3036585365853657,-1.2851041666666667,,,8,184.6,622.52,8,162.4,340.98,3,28,2344
9,3,00:55:49,100492,6,3,2,2,drop,0.0,1,2.0,1,1.0,0.5983854166666666,,,8,218.9,281.37,8,197.2,687.96,3,28,2344
9,4,00:55:50,100515,6,3,23,2,net shot,0.0,0,2.0,7,-0.5975609756097561,-0.1623958333333333,,,8,238.6,609.68,8,217.5,290.74,3,28,2344
9,5,00:55:51,100542,6,3,2,2,net shot,0.0,0,2.0,2,-1.1426829268292684,0.2003124999999999,,,7,125.7,428.11,8,171.1,635.61,3,28,2344
9,6,00:55:52,100569,6,3,23,2,lob,0.0,1,1.0,8,0.5390243902439023,-1.29125,,,2,95.9,556.62,7,128.0,382.85,3,28,2344
9,7,00:55:54,100634,6,3,2,2,smash,0.0,0,2.0,6,-0.9439024390243904,1.01640625,,,8,195.8,232.17,8,193.0,693.03,3,28,2344
9,8,00:55:54,100649,6,3,23,2,defensive shot,0.0,1,1.0,5,-1.1926829268292682,-1.063229166666667,,,8,184.3,704.7,8,194.7,277.77,3,28,2344
9,9,00:55:55,100672,6,3,2,3,smash,0.0,0,2.0,10,-1.602439024390244,1.5494270833333337,out,2.0,8,137.5,283.05,8,151.2,700.95,3,28,2344
