rally,ball_round,time,frame_num,roundscore_A,roundscore_B,player,server,type,aroundhead,backhand,landing_height,landing_area,landing_x,landing_y,lose_reason,getpoint_player,player_location_area,player_location_x,player_location_y,opponent_location_area,opponent_location_x,opponent_location_y,set,match_id,rally_id
11,1,00:56:42,102086,7,4,2,1,short service,0.0,1,2.0,8,-0.4609756097560977,0.6844270833333331,,,8,185.1,341.37,8,136.1,699.09,3,28,2346
11,2,00:56:43,102113,7,4,23,2,lob,0.0,1,1.0,3,-0.9853658536585366,-1.3753125,,,8,153.3,653.84,7,166.4,377.97,3,28,2346
11,3,00:56:44,102148,7,4,2,2,drop,0.0,0,2.0,2,-1.318292682926829,0.5087499999999997,,,8,121.7,224.04,8,161.5,661.18,3,28,2346
11,4,00:56:45,102173,7,4,23,2,push/rush,0.0,1,1.0,5,-1.2439024390243902,-0.9477604166666668,,,6,99.8,638.41,8,157.2,267.53,3,28,2346
11,5,00:56:46,102194,7,4,2,2,defensive shot,0.0,0,1.0,2,-1.198780487804878,0.2829687500000002,,,8,134.9,319.82,8,121.8,666.03,3,28,2346
11,6,00:56:47,102216,7,4,23,3,push/rush,0.0,1,2.0,6,0.9939024390243902,-0.6783854166666666,opponent's ball landed,2.0,2,85.6,583.58,5,73.9,288.17,3,28,2346
