rally,ball_round,time,frame_num,roundscore_A,roundscore_B,player,server,type,aroundhead,backhand,landing_height,landing_area,landing_x,landing_y,lose_reason,getpoint_player,player_location_area,player_location_x,player_location_y,opponent_location_area,opponent_location_x,opponent_location_y,set,match_id,rally_id
24,1,01:04:34,116248,17,7,23,1,short service,0.0,1,2.0,7,-0.3780487804878049,0.6641145833333333,,,8,179.8,329.53,8,132.8,671.49,3,28,2359
24,2,01:04:35,116258,17,7,2,2,lob,0.0,1,1.0,9,0.852439024390244,-1.4332291666666668,,,8,157.8,614.44,7,173.9,372.54,3,28,2359
24,3,01:04:36,116295,17,7,23,2,drop,1.0,0,2.0,6,-1.3902439024390243,0.8410937500000001,,,8,215.6,205.25,8,194.3,665.18,3,28,2359
24,4,01:04:37,116318,17,7,2,2,net shot,0.0,1,2.0,1,-1.202439024390244,-0.30203125,,,6,86.9,674.42,8,220.7,235.98,3,28,2359
24,5,01:04:38,116348,17,7,23,2,push/rush,0.0,0,2.0,3,1.2695121951219517,1.5480208333333334,,,1,98.8,390.57,8,138.8,671.57,3,28,2359
24,6,01:04:39,116379,17,7,2,2,drop,0.0,0,1.0,7,0.8378048780487803,-0.3714583333333333,,,9,243.7,769.76,8,181.6,320.64,3,28,2359
24,7,01:04:40,116404,17,7,23,3,net shot,0.0,0,2.0,2,1.242682926829268,-0.01953125,touched the net,2.0,7,224.4,387.2,9,231.8,760.67,3,28,2359
