rally,ball_round,time,frame_num,roundscore_A,roundscore_B,player,server,type,aroundhead,backhand,landing_height,landing_area,landing_x,landing_y,lose_reason,getpoint_player,player_location_area,player_location_x,player_location_y,opponent_location_area,opponent_location_x,opponent_location_y,set,match_id,rally_id
34,1,00:25:23,45690,20,14,19,1,short service,0.0,1,2.0,7,-0.2487804878048781,0.3208854166666667,,,8,182.5,312.82,8,118.2,690.51,1,21,1710
34,2,00:25:23,45712,20,14,10,2,lob,0.0,0,1.0,3,-1.1804878048780487,-1.4656770833333332,,,7,129.7,563.82,8,168.0,306.25,1,21,1710
34,3,00:25:24,45745,20,14,19,2,clear,0.0,0,1.0,8,0.8939024390243904,1.4859374999999997,,,3,87.1,174.78,8,164.5,632.14,1,21,1710
34,4,00:25:26,45782,20,14,10,2,smash,0.0,0,2.0,6,0.9865853658536586,-0.9597395833333332,,,3,252.2,760.16,8,178.7,264.55,1,21,1710
34,5,00:25:26,45794,20,14,19,2,defensive shot,0.0,1,2.0,1,1.1512195121951216,0.3318750000000001,,,8,162.8,287.05,3,271.0,761.98,1,21,1710
34,6,00:25:27,45817,20,14,10,3,lob,0.0,0,2.0,10,1.524390243902439,-1.7108333333333334,out,10.0,7,239.4,576.5,8,179.3,293.84,1,21,1710
