rally,ball_round,time,frame_num,roundscore_A,roundscore_B,player,server,type,aroundhead,backhand,landing_height,landing_area,landing_x,landing_y,lose_reason,getpoint_player,player_location_area,player_location_x,player_location_y,opponent_location_area,opponent_location_x,opponent_location_y,set,match_id,rally_id
3,1,00:30:27,54813,2,1,10,1,short service,0.0,1,2.0,1,0.9439024390243904,0.6045312500000003,,,8,164.7,354.81,8,209.2,683.07,2,21,1715
3,2,00:30:27,54835,2,1,19,2,net shot,0.0,0,2.0,2,1.148780487804878,-0.3641666666666667,,,8,216.1,611.26,8,159.0,336.82,2,21,1715
3,3,00:30:28,54864,2,1,10,2,net shot,0.0,1,2.0,2,-0.9646341463414634,0.5236979166666664,,,7,235.3,370.89,8,199.8,651.82,2,21,1715
3,4,00:30:29,54894,2,1,19,2,lob,0.0,1,1.0,8,0.9109756097560974,-1.368385416666667,,,7,125.7,580.87,8,172.6,357.92,2,21,1715
3,5,00:30:31,54938,2,1,10,2,smash,1.0,0,2.0,5,1.0256097560975612,1.0352604166666666,,,8,224.5,221.35,8,202.8,717.53,2,21,1715
3,6,00:30:31,54954,2,1,19,2,defensive shot,0.0,0,2.0,1,-1.318292682926829,-0.2857291666666667,,,8,223.8,709.4,8,216.3,231.59,2,21,1715
3,7,00:30:32,54986,2,1,10,2,net shot,0.0,0,1.0,2,-1.1292682926829267,0.3848958333333332,,,1,99.4,373.75,8,156.1,654.87,2,21,1715
3,8,00:30:33,55008,2,1,19,3,push/rush,0.0,1,2.0,3,-0.9317073170731708,-1.4630729166666665,opponent's ball landed,10.0,6,98.8,603.21,5,80.1,364.68,2,21,1715
