rally,ball_round,time,frame_num,roundscore_A,roundscore_B,player,server,type,aroundhead,backhand,landing_height,landing_area,landing_x,landing_y,lose_reason,getpoint_player,player_location_area,player_location_x,player_location_y,opponent_location_area,opponent_location_x,opponent_location_y,set,match_id,rally_id
2,1,00:07:28,13468,1,1,10,1,short service,0.0,1,2.0,7,0.4146341463414634,-0.3852083333333332,,,8,168.8,612.47,8,227.8,262.38,1,21,1678
2,2,00:07:29,13488,1,1,19,2,net shot,0.0,1,2.0,2,-1.102439024390244,0.3498437499999998,,,8,191.4,364.16,8,184.3,634.4,1,21,1678
2,3,00:07:30,13513,1,1,10,2,net shot,0.0,1,2.0,1,-1.052439024390244,0.0021354166666667,,,7,118.4,567.95,8,158.9,330.76,1,21,1678
2,4,00:07:31,13538,1,1,19,2,lob,0.0,0,1.0,8,0.6329268292682928,1.332760416666667,,,1,102.1,390.8,8,138.6,595.69,1,21,1678
2,5,00:07:32,13564,1,1,10,2,smash,0.0,0,2.0,6,0.9365853658536588,-0.9941666666666666,,,8,182.7,686.21,8,144.5,348.46,1,21,1678
2,6,00:07:32,13576,1,1,19,2,defensive shot,0.0,1,2.0,7,0.4878048780487805,0.48953125,,,8,159.3,312.3,8,236.7,736.16,1,21,1678
2,7,00:07:33,13598,1,1,10,2,lob,0.0,1,1.0,8,0.6621951219512197,-1.31546875,,,8,220.0,615.34,8,183.1,300.28,1,21,1678
2,8,00:07:34,13627,1,1,19,2,smash,0.0,0,2.0,8,-0.7463414634146341,1.02328125,,,8,209.9,217.49,8,213.2,659.5,1,21,1678
2,9,00:07:34,13642,1,1,10,3,defensive shot,0.0,1,2.0,5,-1.123170731707317,-0.7983854166666667,not pass over the net,10.0,8,227.7,692.2,8,198.5,227.7,1,21,1678
