rally,ball_round,time,frame_num,roundscore_A,roundscore_B,player,server,type,aroundhead,backhand,landing_height,landing_area,landing_x,landing_y,lose_reason,getpoint_player,player_location_area,player_location_x,player_location_y,opponent_location_area,opponent_location_x,opponent_location_y,set,match_id,rally_id
35,1,00:50:18,90558,17,18,19,1,long service,0.0,1,1.0,6,1.1060975609756096,-1.2925,,,8,166.6,639.89,8,227.4,298.11,2,21,1747
35,2,00:50:19,90589,17,18,10,2,smash,1.0,0,2.0,5,1.1158536585365857,0.9189062499999996,,,8,205.1,268.47,8,198.8,705.62,2,21,1747
35,3,00:50:20,90603,17,18,19,2,defensive shot,0.0,0,2.0,6,1.0292682926829266,-0.5583854166666665,,,8,236.2,681.71,8,189.0,261.47,2,21,1747
35,4,00:50:20,90629,17,18,10,2,net shot,0.0,1,2.0,7,0.3499999999999998,0.56703125,,,7,226.9,370.71,8,200.5,693.53,2,21,1747
35,5,00:50:21,90653,17,18,19,2,lob,0.0,1,1.0,9,0.671951219512195,-1.44609375,,,8,215.6,627.13,8,195.5,322.4,2,21,1747
35,6,00:50:22,90689,17,18,10,2,smash,1.0,0,2.0,8,-0.6426829268292683,0.8967187499999998,,,8,219.8,221.24,8,199.1,691.76,2,21,1747
35,7,00:50:23,90702,17,18,19,3,defensive shot,0.0,1,2.0,1,-1.1134146341463411,-0.298125,opponent's ball landed,10.0,8,218.1,684.99,9,186.1,177.25,2,21,1747
