rally,ball_round,time,frame_num,roundscore_A,roundscore_B,player,server,type,aroundhead,backhand,landing_height,landing_area,landing_x,landing_y,lose_reason,getpoint_player,player_location_area,player_location_x,player_location_y,opponent_location_area,opponent_location_x,opponent_location_y,set,match_id,rally_id
6,1,00:32:16,58096,3,3,19,1,short service,0.0,1,2.0,7,0.1463414634146341,-0.3876041666666667,,,8,168.2,655.06,8,223.2,310.62,2,21,1718
6,2,00:32:17,58115,3,3,10,2,push/rush,0.0,0,1.0,5,0.951219512195122,1.1009895833333332,,,7,212.6,390.31,8,180.3,645.84,2,21,1718
6,3,00:32:18,58140,3,3,19,2,smash,0.0,0,2.0,6,1.1121951219512194,-1.026614583333333,,,8,202.4,714.16,8,189.8,343.49,2,21,1718
6,4,00:32:18,58151,3,3,10,2,defensive shot,0.0,1,2.0,1,1.1426829268292682,0.4257291666666667,,,8,228.8,252.36,8,249.3,750.74,2,21,1718
6,5,00:32:19,58178,3,3,19,2,net shot,0.0,0,2.0,7,0.0317073170731706,-0.3022916666666668,,,8,247.5,633.51,8,236.2,282.27,2,21,1718
6,6,00:32:20,58201,3,3,10,2,lob,0.0,1,1.0,9,-0.7097560975609757,1.549166666666667,,,7,146.7,366.11,8,197.8,653.66,2,21,1718
6,7,00:32:21,58250,3,3,19,3,smash,1.0,0,2.0,10,-1.569512195121951,-1.247291666666667,out,10.0,9,129.8,778.27,8,136.2,270.17,2,21,1718
