rally,ball_round,time,frame_num,roundscore_A,roundscore_B,player,server,type,aroundhead,backhand,landing_height,landing_area,landing_x,landing_y,lose_reason,getpoint_player,player_location_area,player_location_x,player_location_y,opponent_location_area,opponent_location_x,opponent_location_y,set,match_id,rally_id
28,1,00:22:31,40559,19,9,10,1,long service,0.0,1,1.0,9,-0.8121951219512195,-1.4999479166666667,,,8,185.8,622.71,8,131.6,266.76,1,21,1704
28,2,00:22:33,40592,19,9,19,2,clear,0.0,0,1.0,4,-1.198780487804878,1.6173958333333331,,,9,111.6,190.06,8,195.8,659.23,1,21,1704
28,3,00:22:34,40640,19,9,10,2,smash,0.0,0,2.0,5,-1.2560975609756098,-0.9145833333333334,,,6,99.4,748.6,8,153.8,283.62,1,21,1704
28,4,00:22:35,40654,19,9,19,2,defensive shot,0.0,0,2.0,2,-1.248780487804878,0.5661979166666669,,,8,129.0,286.28,6,98.3,751.74,1,21,1704
28,5,00:22:35,40679,19,9,10,2,push/rush,0.0,1,2.0,3,-1.4109756097560977,-1.5063541666666669,,,7,105.5,588.91,8,121.9,302.06,1,21,1704
28,6,00:22:37,40710,19,9,19,3,drop,0.0,0,2.0,1,-1.3719512195121952,0.0124999999999998,touched the net,10.0,3,102.5,197.07,8,127.6,613.79,1,21,1704
