rally,ball_round,time,frame_num,roundscore_A,roundscore_B,player,server,type,aroundhead,backhand,landing_height,landing_area,landing_x,landing_y,lose_reason,getpoint_player,player_location_area,player_location_x,player_location_y,opponent_location_area,opponent_location_x,opponent_location_y,set,match_id,rally_id
10,1,00:53:17,95922,5,5,7,1,short service,0.0,1,2.0,7,0.4731707317073172,-0.4897395833333332,,,8,165.6,658.3,8,218.7,292.28,3,40,3327
10,2,00:53:18,95942,5,5,28,2,push/rush,0.0,1,1.0,5,1.180487804878049,1.47671875,,,8,220.2,353.68,8,176.3,658.15,3,40,3327
10,3,00:53:19,95974,5,5,7,2,drop,0.0,0,2.0,2,1.2341463414634144,-0.2412499999999999,,,8,212.5,756.14,8,202.4,319.19,3,40,3327
10,4,00:53:20,96004,5,5,28,2,net shot,0.0,0,2.0,1,1.1475609756097565,0.2309895833333334,,,7,249.3,383.58,8,209.0,710.05,3,40,3327
10,5,00:53:21,96031,5,5,7,2,lob,0.0,0,1.0,9,-0.3353658536585366,-1.4799479166666665,,,7,238.4,572.68,7,212.3,368.3,3,40,3327
10,6,00:53:23,96092,5,5,28,2,smash,0.0,0,2.0,6,-1.3402439024390245,0.92140625,,,9,159.7,169.36,8,186.3,658.02,3,40,3327
10,7,00:53:23,96109,5,5,7,3,defensive shot,0.0,1,2.0,2,-1.3756097560975609,0.2072395833333334,touched the net,28.0,8,185.7,688.04,8,157.6,219.98,3,40,3327
