rally,ball_round,time,frame_num,roundscore_A,roundscore_B,player,server,type,aroundhead,backhand,landing_height,landing_area,landing_x,landing_y,lose_reason,getpoint_player,player_location_area,player_location_x,player_location_y,opponent_location_area,opponent_location_x,opponent_location_y,set,match_id,rally_id
34,1,00:22:37,40721,20,14,28,1,short service,0.0,0,2.0,7,-0.503658536585366,0.4429166666666664,,,8,189.5,287.83,8,129.5,681.45,1,40,3282
34,2,00:22:38,40747,20,14,7,2,lob,0.0,1,1.0,5,-1.1768292682926829,-1.335,,,8,134.2,597.56,8,181.6,296.2,1,40,3282
34,3,00:22:39,40775,20,14,28,2,smash,1.0,0,2.0,6,-1.225609756097561,1.1141666666666663,,,8,147.4,252.88,8,166.9,671.05,1,40,3282
34,4,00:22:39,40788,20,14,7,2,defensive shot,0.0,1,1.0,8,0.5109756097560977,-0.5270833333333332,,,8,183.0,682.0,8,123.7,245.02,1,40,3282
34,5,00:22:40,40815,20,14,28,3,net shot,0.0,0,2.0,2,-1.404878048780488,0.5262499999999998,opponent's ball landed,28.0,8,206.1,351.67,8,180.6,683.25,1,40,3282
