rally,ball_round,time,frame_num,roundscore_A,roundscore_B,player,server,type,aroundhead,backhand,landing_height,landing_area,landing_x,landing_y,lose_reason,getpoint_player,player_location_area,player_location_x,player_location_y,opponent_location_area,opponent_location_x,opponent_location_y,set,match_id,rally_id
24,1,00:18:05,32550,15,9,7,1,short service,0.0,1,2.0,7,0.2524390243902437,-0.4506249999999999,,,8,168.9,642.4,8,226.6,278.37,1,40,3272
24,2,00:18:05,32577,15,9,28,2,lob,0.0,1,1.0,5,1.017073170731707,1.2926041666666663,,,8,224.4,360.8,8,182.2,656.77,1,40,3272
24,3,00:18:06,32603,15,9,7,2,drop,0.0,0,2.0,8,-0.7963414634146341,-0.5856770833333332,,,8,205.7,697.34,8,212.1,276.09,1,40,3272
24,4,00:18:07,32625,15,9,28,2,lob,0.0,1,1.0,6,-1.1280487804878048,1.2965625000000005,,,8,126.5,336.8,8,239.4,727.57,1,40,3272
24,5,00:18:08,32655,15,9,7,2,clear,0.0,1,1.0,9,0.052439024390244,-1.3708854166666669,,,6,95.1,723.57,8,152.2,320.78,1,40,3272
24,6,00:18:09,32696,15,9,28,2,smash,0.0,0,2.0,8,0.2207317073170731,0.9671875000000002,,,9,182.6,191.08,8,177.1,708.11,1,40,3272
24,7,00:18:10,32708,15,9,7,3,defensive shot,0.0,0,2.0,7,-0.3085365853658538,0.1103645833333333,touched the net,28.0,8,213.6,675.45,9,212.3,196.27,1,40,3272
