rally,ball_round,time,frame_num,roundscore_A,roundscore_B,player,server,type,aroundhead,backhand,landing_height,landing_area,landing_x,landing_y,lose_reason,getpoint_player,player_location_area,player_location_x,player_location_y,opponent_location_area,opponent_location_x,opponent_location_y,set,match_id,rally_id
3,1,00:26:13,47214,1,2,7,1,short service,0.0,1,2.0,7,-0.3499999999999998,0.4330208333333332,,,8,182.5,317.24,8,132.9,667.71,2,40,3286
3,2,00:26:14,47244,1,2,28,2,net shot,0.0,1,2.0,2,1.297560975609756,-0.0788541666666666,,,7,138.0,592.99,8,170.3,301.9,2,40,3286
3,3,00:26:15,47274,1,2,7,2,lob,0.0,1,1.0,9,-0.6731707317073171,1.6413020833333334,,,2,256.6,403.72,8,188.2,608.46,2,40,3286
3,4,00:26:17,47326,1,2,28,2,drop,0.0,0,2.0,1,-0.995121951219512,-0.49609375,,,9,123.1,794.97,8,167.9,309.89,2,40,3286
3,5,00:26:18,47348,1,2,7,2,net shot,0.0,0,2.0,2,-1.353658536585366,0.4067187500000002,,,5,102.2,332.53,9,144.6,757.72,2,40,3286
3,6,00:26:19,47378,1,2,28,3,net shot,0.0,0,2.0,1,-1.1634146341463416,0.0593229166666665,touched the net,28.0,2,94.5,573.73,8,135.8,300.37,2,40,3286
