rally,ball_round,time,frame_num,roundscore_A,roundscore_B,player,server,type,aroundhead,backhand,landing_height,landing_area,landing_x,landing_y,lose_reason,getpoint_player,player_location_area,player_location_x,player_location_y,opponent_location_area,opponent_location_x,opponent_location_y,set,match_id,rally_id
35,1,00:22:58,41367,21,14,28,1,short service,0.0,0,2.0,7,0.4670731707317074,0.5445833333333331,,,8,170.9,288.45,8,231.9,676.45,1,40,3283
35,2,00:22:59,41390,21,14,7,2,net shot,0.0,1,2.0,2,1.229268292682927,-0.30921875,,,7,228.7,594.45,8,191.1,295.88,1,40,3283
35,3,00:23:00,41415,21,14,28,2,lob,0.0,0,1.0,8,-0.7219512195121952,1.47859375,,,2,257.5,371.71,8,210.6,636.35,1,40,3283
35,4,00:23:01,41447,21,14,7,2,clear,1.0,0,1.0,3,-1.3817073170731706,-1.429375,,,8,169.3,727.18,8,192.0,311.74,1,40,3283
35,5,00:23:02,41477,21,14,28,2,drop,1.0,0,2.0,2,-1.170731707317073,0.5736979166666666,,,8,124.3,245.0,8,161.2,745.34,1,40,3283
35,6,00:23:03,41498,21,14,7,3,lob,0.0,1,2.0,10,1.492682926829268,-1.7372395833333334,out,28.0,8,106.6,621.26,8,105.6,230.92,1,40,3283
