rally,ball_round,time,frame_num,roundscore_A,roundscore_B,player,server,type,aroundhead,backhand,landing_height,landing_area,landing_x,landing_y,lose_reason,getpoint_player,player_location_area,player_location_x,player_location_y,opponent_location_area,opponent_location_x,opponent_location_y,set,match_id,rally_id
1,1,00:06:54,12433,1,0,21,1,short service,0.0,1,2.0,7,0.8195121951219511,0.4025520833333331,,,8,166.3,320.32,8,224.2,663.13,1,25,1999
1,2,00:06:55,12455,1,0,22,2,net shot,0.0,0,2.0,7,0.0439024390243901,-0.1690624999999999,,,7,190.6,588.08,8,182.1,323.51,1,25,1999
1,3,00:06:55,12475,1,0,21,2,net shot,0.0,0,2.0,7,0.2817073170731706,0.2725000000000002,,,7,180.8,403.0,8,180.6,610.0,1,25,1999
1,4,00:06:56,12500,1,0,22,2,lob,0.0,0,1.0,9,-0.7439024390243902,-1.5044270833333335,,,7,189.9,561.0,8,176.7,358.58,1,25,1999
1,5,00:06:58,12549,1,0,21,2,drop,0.0,0,2.0,1,1.2829268292682925,0.5927083333333331,,,9,121.1,192.52,8,180.5,680.44,1,25,1999
1,6,00:06:59,12575,1,0,22,2,net shot,0.0,0,1.0,7,0.5475609756097561,-0.1267708333333332,,,5,260.4,628.26,8,154.9,244.33,1,25,1999
1,7,00:06:59,12599,1,0,21,2,push/rush,0.0,0,2.0,8,0.9280487804878048,1.0509375,,,7,234.4,398.2,8,251.7,643.26,1,25,1999
1,8,00:07:00,12613,1,0,22,2,defensive shot,0.0,0,1.0,8,0.3536585365853658,-0.9543229166666668,,,8,225.1,677.37,7,218.0,408.77,1,25,1999
1,9,00:07:01,12642,1,0,21,3,smash,0.0,0,2.0,5,1.2195121951219512,1.0798958333333335,opponent's ball landed,21.0,8,187.7,296.11,8,203.8,694.47,1,25,1999
