rally,ball_round,time,frame_num,roundscore_A,roundscore_B,player,server,type,aroundhead,backhand,landing_height,landing_area,landing_x,landing_y,lose_reason,getpoint_player,player_location_area,player_location_x,player_location_y,opponent_location_area,opponent_location_x,opponent_location_y,set,match_id,rally_id
16,1,00:41:29,74682,9,7,21,1,short service,0.0,1,2.0,7,-0.647560975609756,-0.3790624999999998,,,8,187.4,629.43,8,126.4,270.11,2,25,2055
16,2,00:41:30,74701,9,7,22,2,net shot,0.0,0,2.0,2,-1.3219512195121952,0.415677083333333,,,8,154.2,358.32,8,186.0,610.06,2,25,2055
16,3,00:41:30,74726,9,7,21,2,lob,0.0,0,1.0,9,0.5890243902439026,-1.4415625,,,2,99.4,574.79,8,146.2,314.04,2,25,2055
16,4,00:41:31,74751,9,7,22,3,smash,1.0,0,2.0,7,-0.7402439024390244,-0.0801562499999999,touched the net,21.0,8,172.7,241.22,8,175.8,642.5,2,25,2055
