rally,ball_round,time,frame_num,roundscore_A,roundscore_B,player,server,type,aroundhead,backhand,landing_height,landing_area,landing_x,landing_y,lose_reason,getpoint_player,player_location_area,player_location_x,player_location_y,opponent_location_area,opponent_location_x,opponent_location_y,set,match_id,rally_id
22,1,00:47:11,84938,11,11,22,1,short service,0.0,1,2.0,7,0.4817073170731707,0.3552083333333335,,,8,166.3,314.28,8,222.6,682.59,2,25,2061
22,2,00:47:12,84961,11,11,21,2,push/rush,0.0,1,1.0,6,1.0914634146341464,-1.1529166666666668,,,7,231.4,567.78,8,171.7,289.68,2,25,2061
22,3,00:47:12,84977,11,11,22,2,defensive shot,0.0,1,2.0,1,1.135365853658537,0.5158854166666664,,,8,195.3,280.5,8,221.0,606.47,2,25,2061
22,4,00:47:13,84997,11,11,21,2,lob,0.0,0,1.0,6,1.080487804878049,-1.25796875,,,5,256.8,608.81,8,216.1,267.96,2,25,2061
22,5,00:47:13,85015,11,11,22,2,defensive shot,0.0,1,2.0,2,-1.0353658536585366,0.5062500000000002,,,8,211.9,261.43,8,243.2,624.25,2,25,2061
22,6,00:47:14,85038,11,11,21,3,push/rush,0.0,1,2.0,7,-0.2378048780487804,-0.0003125,touched the net,21.0,8,121.7,609.41,8,207.8,241.64,2,25,2061
