rally,ball_round,time,frame_num,roundscore_A,roundscore_B,player,server,type,aroundhead,backhand,landing_height,landing_area,landing_x,landing_y,lose_reason,getpoint_player,player_location_area,player_location_x,player_location_y,opponent_location_area,opponent_location_x,opponent_location_y,set,match_id,rally_id
39,1,00:58:00,104408,19,20,21,1,short service,0.0,1,1.0,7,0.4060975609756099,-0.47453125,,,8,169.9,619.65,8,222.2,251.75,2,25,2077
39,2,00:58:00,104426,19,20,22,2,push/rush,0.0,0,1.0,7,0.8402439024390245,0.6014583333333334,,,7,223.0,373.26,8,191.3,625.65,2,25,2077
39,3,00:58:01,104436,19,20,21,2,drive,0.0,0,1.0,8,-0.2048780487804879,-0.8596354166666668,,,8,215.6,622.05,7,227.1,376.11,2,25,2077
39,4,00:58:01,104451,19,20,22,2,smash,0.0,0,2.0,8,-0.5658536585365854,0.8627083333333333,,,8,200.2,286.87,8,207.4,639.08,2,25,2077
39,5,00:58:02,104462,19,20,21,2,defensive shot,0.0,1,1.0,8,-0.7243902439024391,-0.5832291666666668,,,8,209.3,659.37,8,165.2,257.62,2,25,2077
39,6,00:58:02,104484,19,20,22,3,smash,0.0,0,2.0,8,-0.324390243902439,1.064166666666667,opponent's ball landed,21.0,8,128.5,331.83,8,164.2,669.7,2,25,2077
