rally,ball_round,time,frame_num,roundscore_A,roundscore_B,player,server,type,aroundhead,backhand,landing_height,landing_area,landing_x,landing_y,lose_reason,getpoint_player,player_location_area,player_location_x,player_location_y,opponent_location_area,opponent_location_x,opponent_location_y,set,match_id,rally_id
2,1,00:25:43,46295,2,0,14,1,long service,0.0,0,1.0,4,0.9560975609756098,-1.4994791666666665,,,8,171.0,618.95,8,237.0,216.14,2,35,2853
2,2,00:25:45,46359,2,0,2,2,drop,0.0,0,2.0,1,1.5597560975609754,0.6204166666666667,,,4,253.4,158.7,8,197.2,681.18,2,35,2853
2,3,00:25:46,46386,2,0,14,2,net shot,0.0,0,2.0,2,1.0365853658536586,-0.1978125,,,5,277.4,637.69,8,214.0,249.32,2,35,2853
2,4,00:25:47,46416,2,0,2,2,lob,0.0,1,1.0,5,1.40609756097561,1.4366145833333337,,,7,243.2,408.17,8,222.9,615.14,2,35,2853
2,5,00:25:48,46458,2,0,14,2,smash,0.0,0,2.0,6,1.1634146341463412,-0.9130208333333334,,,5,252.1,754.28,8,193.5,307.59,2,35,2853
2,6,00:25:49,46476,2,0,2,2,defensive shot,0.0,1,2.0,2,-1.2109756097560975,0.2401041666666667,,,8,174.4,297.31,3,261.4,760.79,2,35,2853
2,7,00:25:50,46511,2,0,14,2,net shot,0.0,1,2.0,2,0.9304878048780488,-0.1500520833333333,,,2,95.7,550.36,8,148.6,318.02,2,35,2853
2,8,00:25:51,46537,2,0,2,2,lob,0.0,1,1.0,8,-0.4231707317073169,0.9941145833333334,,,7,221.0,426.82,2,89.0,540.15,2,35,2853
2,9,00:25:52,46567,2,0,14,3,smash,0.0,0,2.0,9,0.3499999999999998,-1.5584895833333334,opponent's ball landed,14.0,8,136.5,654.23,7,185.1,375.01,2,35,2853
