rally,ball_round,time,frame_num,roundscore_A,roundscore_B,player,server,type,aroundhead,backhand,landing_height,landing_area,landing_x,landing_y,lose_reason,getpoint_player,player_location_area,player_location_x,player_location_y,opponent_location_area,opponent_location_x,opponent_location_y,set,match_id,rally_id
7,1,00:10:51,19559,5,2,14,1,long service,0.0,0,1.0,9,-0.623170731707317,1.67,,,8,183.3,345.58,8,117.9,729.33,1,35,2828
7,2,00:10:54,19622,5,2,2,2,drop,0.0,0,2.0,8,-0.0353658536585366,-0.6321875,,,9,106.5,807.72,8,162.9,297.36,1,35,2828
7,3,00:10:54,19647,5,2,14,2,net shot,0.0,1,2.0,2,-1.0926829268292682,0.3595833333333331,,,8,150.6,330.68,8,150.9,714.15,1,35,2828
7,4,00:10:55,19674,5,2,2,2,lob,0.0,1,1.0,4,1.0780487804878045,-1.3805729166666667,,,2,103.8,570.46,8,154.4,330.67,1,35,2828
7,5,00:10:56,19709,5,2,14,2,clear,0.0,0,1.0,5,0.9780487804878047,1.4877604166666665,,,8,186.1,210.79,8,184.1,639.54,1,35,2828
7,6,00:10:58,19748,5,2,2,2,smash,0.0,0,2.0,8,-0.7195121951219512,-0.7356250000000001,,,8,223.8,752.61,8,185.3,273.62,1,35,2828
7,7,00:10:59,19770,5,2,14,2,defensive shot,0.0,0,2.0,2,-1.226829268292683,0.3381249999999998,,,8,135.0,333.26,8,208.8,744.39,1,35,2828
7,8,00:11:00,19801,5,2,2,2,lob,0.0,1,1.0,9,-0.6682926829268292,-1.5257291666666666,,,2,94.7,540.14,8,140.9,315.49,1,35,2828
7,9,00:11:02,19861,5,2,14,3,smash,0.0,0,2.0,7,-0.6634146341463415,-0.0428125000000001,touched the net,14.0,9,118.1,174.07,8,170.5,622.73,1,35,2828
