rally,ball_round,time,frame_num,roundscore_A,roundscore_B,player,server,type,aroundhead,backhand,landing_height,landing_area,landing_x,landing_y,lose_reason,getpoint_player,player_location_area,player_location_x,player_location_y,opponent_location_area,opponent_location_x,opponent_location_y,set,match_id,rally_id
26,1,00:21:20,38405,18,8,2,1,long service,0.0,0,1.0,4,1.3585365853658533,-1.5761458333333334,,,8,167.1,666.9,8,217.5,273.48,1,35,2847
26,2,00:21:22,38469,18,8,14,2,clear,0.0,0,1.0,5,1.4280487804878053,1.0694270833333337,,,4,272.2,164.46,8,211.1,665.12,1,35,2847
26,3,00:21:23,38492,18,8,2,2,drop,0.0,0,2.0,2,1.0,-0.1977604166666668,,,8,239.5,675.87,6,259.1,229.93,1,35,2847
26,4,00:21:24,38522,18,8,14,2,net shot,0.0,1,2.0,7,0.926829268292683,0.1609895833333334,,,7,250.4,391.61,8,238.7,666.93,1,35,2847
26,5,00:21:24,38546,18,8,2,2,lob,0.0,0,1.0,4,1.385365853658537,-1.5155729166666667,,,7,245.0,523.36,8,219.8,365.17,1,35,2847
26,6,00:21:26,38588,18,8,14,2,clear,0.0,0,1.0,3,1.2719512195121954,1.513385416666667,,,9,232.8,199.26,8,213.4,626.49,1,35,2847
26,7,00:21:27,38635,18,8,2,2,clear,0.0,0,1.0,4,1.3121951219512198,-1.530520833333333,,,3,257.1,768.84,8,193.7,265.58,1,35,2847
26,8,00:21:29,38670,18,8,14,2,clear,0.0,0,1.0,5,1.2768292682926827,1.3758854166666663,,,8,228.7,204.94,8,216.1,707.36,1,35,2847
26,9,00:21:29,38698,18,8,2,3,smash,0.0,0,2.0,5,-1.1353658536585365,-1.0464062500000002,opponent's ball landed,14.0,5,268.6,749.39,8,235.0,218.94,1,35,2847
