rally,ball_round,time,frame_num,roundscore_A,roundscore_B,player,server,type,aroundhead,backhand,landing_height,landing_area,landing_x,landing_y,lose_reason,getpoint_player,player_location_area,player_location_x,player_location_y,opponent_location_area,opponent_location_x,opponent_location_y,set,match_id,rally_id
16,1,00:15:21,27657,11,5,14,1,long service,0.0,0,1.0,9,0.6987804878048782,1.5130729166666663,,,8,160.8,345.66,8,214.7,729.43,1,35,2837
16,2,00:15:24,27724,11,5,2,2,smash,0.0,0,2.0,5,-1.0695121951219513,-0.7880208333333334,,,9,209.8,776.74,8,171.2,284.25,1,35,2837
16,3,00:15:24,27743,11,5,14,2,defensive shot,0.0,0,1.0,6,-1.201219512195122,1.2333854166666665,,,8,112.7,300.17,8,192.8,709.06,1,35,2837
16,4,00:15:25,27765,11,5,2,2,smash,0.0,0,2.0,5,-1.2146341463414634,-0.9770833333333334,,,8,121.8,707.28,8,126.5,292.31,1,35,2837
16,5,00:15:25,27778,11,5,14,2,defensive shot,0.0,0,1.0,7,0.5768292682926831,0.6410937500000001,,,8,123.6,279.19,8,111.9,707.27,1,35,2837
16,6,00:15:26,27806,11,5,2,2,push/rush,0.0,0,2.0,5,-0.8719512195121951,-1.0053124999999998,,,8,202.7,609.43,8,121.3,265.91,1,35,2837
16,7,00:15:27,27823,11,5,14,2,defensive shot,0.0,0,2.0,2,-0.8829268292682928,0.3808854166666666,,,8,151.1,268.45,8,204.9,611.34,1,35,2837
16,8,00:15:28,27844,11,5,2,3,push/rush,0.0,1,2.0,7,-0.3402439024390244,0.1170312500000001,touched the net,14.0,7,111.4,578.39,8,139.7,284.39,1,35,2837
