rally,ball_round,time,frame_num,roundscore_A,roundscore_B,player,server,type,aroundhead,backhand,landing_height,landing_area,landing_x,landing_y,lose_reason,getpoint_player,player_location_area,player_location_x,player_location_y,opponent_location_area,opponent_location_x,opponent_location_y,set,match_id,rally_id
32,1,00:48:21,87050,19,13,16,1,long service,0.0,0,1.0,9,-0.4865853658536586,-1.5665104166666666,,,8,194.2,648.84,8,117.3,265.72,2,36,2951
32,2,00:48:24,87129,19,13,14,2,smash,0.0,0,2.0,6,-0.9182926829268292,0.9761458333333332,,,10,141.8,148.44,8,193.2,660.16,2,36,2951
32,3,00:48:24,87147,19,13,16,2,defensive shot,0.0,1,1.0,3,-1.026829268292683,-1.5423958333333332,,,8,183.8,664.06,8,145.6,223.44,2,36,2951
32,4,00:48:26,87183,19,13,14,2,drop,0.0,0,2.0,7,-0.7756097560975609,0.4696874999999997,,,3,99.5,167.15,8,172.2,656.81,2,36,2951
32,5,00:48:26,87205,19,13,16,2,drop,0.0,1,2.0,7,0.2829268292682925,-0.2839062499999999,,,8,124.9,598.98,8,134.1,233.5,2,36,2951
32,6,00:48:27,87232,19,13,14,2,lob,0.0,0,1.0,6,-0.8902439024390244,1.47765625,,,7,211.7,380.15,8,167.0,641.72,2,36,2951
32,7,00:48:29,87274,19,13,16,3,smash,0.0,0,2.0,6,1.4646341463414636,-0.9264583333333332,opponent's ball landed,14.0,8,134.5,750.14,8,162.2,301.34,2,36,2951
