rally,ball_round,time,frame_num,roundscore_A,roundscore_B,player,server,type,aroundhead,backhand,landing_height,landing_area,landing_x,landing_y,lose_reason,getpoint_player,player_location_area,player_location_x,player_location_y,opponent_location_area,opponent_location_x,opponent_location_y,set,match_id,rally_id
9,1,00:32:48,59044,7,2,14,1,long service,0.0,0,1.0,9,0.7560975609756098,1.622760416666667,,,8,162.5,353.6,8,232.9,708.04,2,36,2928
9,2,00:32:50,59107,7,2,16,2,drop,0.0,0,2.0,6,1.1878048780487802,-0.6481770833333332,,,9,224.9,794.11,8,175.1,276.72,2,36,2928
9,3,00:32:51,59131,7,2,14,2,net shot,0.0,1,2.0,7,0.2158536585365852,0.4156249999999997,,,6,256.2,319.84,8,204.1,732.41,2,36,2928
9,4,00:32:51,59157,7,2,16,2,lob,0.0,0,1.0,4,1.425609756097561,-1.5332291666666666,,,7,166.1,581.62,8,192.1,309.57,2,36,2928
9,5,00:32:53,59202,7,2,14,2,smash,0.0,0,2.0,5,1.1524390243902438,0.8696875000000001,,,9,240.7,184.24,8,211.8,659.81,2,36,2928
9,6,00:32:54,59220,7,2,16,2,defensive shot,0.0,0,1.0,8,-0.4878048780487805,-1.13265625,,,8,242.9,651.71,8,245.1,217.67,2,36,2928
9,7,00:32:54,59236,7,2,14,2,drive,0.0,0,1.0,5,1.0500000000000005,1.0091145833333333,,,8,152.2,261.74,8,229.0,659.48,2,36,2928
9,8,00:32:55,59251,7,2,16,3,defensive shot,0.0,0,2.0,10,0.9158536585365852,-1.71109375,out,14.0,8,211.1,667.25,8,136.2,274.58,2,36,2928
