rally,ball_round,time,frame_num,roundscore_A,roundscore_B,player,server,type,aroundhead,backhand,landing_height,landing_area,landing_x,landing_y,lose_reason,getpoint_player,player_location_area,player_location_x,player_location_y,opponent_location_area,opponent_location_x,opponent_location_y,set,match_id,rally_id
4,1,00:29:43,53514,3,1,14,1,long service,0.0,0,1.0,3,1.079268292682927,1.5796874999999997,,,8,160.2,348.0,8,236.0,709.72,2,36,2923
4,2,00:29:46,53584,3,1,16,2,clear,0.0,0,1.0,3,-1.0182926829268293,-1.382395833333333,,,3,255.9,775.13,8,182.9,285.73,2,36,2923
4,3,00:29:47,53617,3,1,14,2,smash,0.0,0,2.0,8,-0.7987804878048781,0.7101562500000002,,,5,94.9,208.19,8,184.9,698.42,2,36,2923
4,4,00:29:47,53636,3,1,16,2,defensive shot,0.0,1,1.0,9,-0.828048780487805,-1.5627604166666669,,,8,124.8,625.04,8,130.2,227.09,2,36,2923
4,5,00:29:49,53670,3,1,14,2,clear,0.0,0,1.0,5,1.3182926829268296,1.34875,,,9,113.5,187.48,8,165.6,653.17,2,36,2923
4,6,00:29:50,53706,3,1,16,3,clear,0.0,0,2.0,10,1.6,-1.6077604166666666,out,14.0,8,236.3,748.35,8,189.8,244.99,2,36,2923
