rally,ball_round,time,frame_num,roundscore_A,roundscore_B,player,server,type,aroundhead,backhand,landing_height,landing_area,landing_x,landing_y,lose_reason,getpoint_player,player_location_area,player_location_x,player_location_y,opponent_location_area,opponent_location_x,opponent_location_y,set,match_id,rally_id
16,1,00:38:59,70176,12,4,7,1,short service,0.0,0,2.0,7,-0.7890243902439025,0.5239583333333334,,,8,181.7,262.8,8,125.9,681.8,2,5,450
16,2,00:39:00,70204,12,4,8,2,push/rush,0.0,1,1.0,4,0.9390243902439024,-1.43984375,,,8,135.8,598.27,8,165.0,282.44,2,5,450
16,3,00:39:01,70237,12,4,7,2,drop,1.0,0,2.0,2,-1.2073170731707317,0.6183854166666668,,,8,197.7,221.8,8,184.3,669.41,2,5,450
16,4,00:39:02,70261,12,4,8,2,net shot,0.0,1,2.0,7,0.0414634146341464,-0.1856249999999999,,,8,112.6,639.49,8,200.1,232.35,2,5,450
16,5,00:39:03,70291,12,4,7,2,net shot,0.0,0,2.0,7,0.3987804878048779,0.2343229166666667,,,7,191.5,406.48,8,172.3,643.47,2,5,450
16,6,00:39:03,70318,12,4,8,2,lob,0.0,1,1.0,9,-0.3414634146341463,-1.379322916666667,,,7,220.1,543.08,7,184.7,395.67,2,5,450
16,7,00:39:06,70381,12,4,7,3,smash,0.0,0,2.0,6,-1.4951219512195122,1.3693229166666665,opponent's ball landed,7.0,8,147.3,218.22,8,194.0,657.55,2,5,450
