rally,ball_round,time,frame_num,roundscore_A,roundscore_B,player,server,type,aroundhead,backhand,landing_height,landing_area,landing_x,landing_y,lose_reason,getpoint_player,player_location_area,player_location_x,player_location_y,opponent_location_area,opponent_location_x,opponent_location_y,set,match_id,rally_id
14,1,00:19:25,34979,12,2,10,1,short service,0.0,1,2.0,7,0.1621951219512196,-0.18,,,8,168.9,639.86,8,228.9,294.97,1,11,876
14,2,00:19:26,34988,12,2,11,2,net shot,0.0,0,2.0,7,0.0024390243902437,0.3345833333333334,,,7,198.6,368.16,8,184.9,660.59,1,11,876
14,3,00:19:27,35014,12,2,10,2,lob,0.0,0,1.0,6,0.9609756097560976,-1.3122395833333331,,,7,151.3,579.55,8,177.0,363.0,1,11,876
14,4,00:19:28,35051,12,2,11,2,drop,1.0,0,2.0,2,-1.2804878048780488,0.4698437500000001,,,8,224.7,209.04,8,202.2,705.68,1,11,876
14,5,00:19:29,35076,12,2,10,2,lob,0.0,1,1.0,4,1.2439024390243902,-1.4913541666666668,,,6,103.3,619.17,8,234.4,238.44,1,11,876
14,6,00:19:30,35113,12,2,11,3,clear,1.0,0,2.0,10,1.184146341463415,1.8834895833333332,out,10.0,8,212.9,235.67,8,184.6,702.38,1,11,876
