rally,ball_round,time,frame_num,roundscore_A,roundscore_B,player,server,type,aroundhead,backhand,landing_height,landing_area,landing_x,landing_y,lose_reason,getpoint_player,player_location_area,player_location_x,player_location_y,opponent_location_area,opponent_location_x,opponent_location_y,set,match_id,rally_id
33,1,00:28:57,52111,19,14,4,1,short service,0.0,1,2.0,1,1.0219512195121954,0.3835937499999999,,,8,162.8,344.05,8,214.6,684.47,1,16,1316
33,2,00:28:57,52130,19,14,10,2,net shot,0.0,0,2.0,7,-0.7000000000000001,-0.27734375,,,8,239.1,601.46,8,169.9,341.67,1,16,1316
33,3,00:28:58,52152,19,14,4,2,net shot,0.0,0,2.0,7,-0.0048780487804878,0.2891145833333333,,,7,130.9,423.78,8,201.9,636.88,1,16,1316
33,4,00:28:59,52176,19,14,10,2,net shot,0.0,0,2.0,7,-0.2341463414634145,-0.1125520833333334,,,7,146.5,561.25,7,151.3,392.5,1,16,1316
33,5,00:29:00,52202,19,14,4,2,lob,0.0,1,1.0,3,1.0865853658536588,1.5813541666666666,,,7,143.6,439.63,8,157.1,601.9,1,16,1316
33,6,00:29:01,52251,19,14,10,3,smash,0.0,0,2.0,6,1.5268292682926827,-1.09171875,opponent's ball landed,10.0,9,243.6,778.26,8,167.1,292.08,1,16,1316
