rally,ball_round,time,frame_num,roundscore_A,roundscore_B,player,server,type,aroundhead,backhand,landing_height,landing_area,landing_x,landing_y,lose_reason,getpoint_player,player_location_area,player_location_x,player_location_y,opponent_location_area,opponent_location_x,opponent_location_y,set,match_id,rally_id
18,1,00:43:07,77621,10,8,10,1,long service,0.0,1,1.0,3,0.9902439024390244,1.5928125000000002,,,8,159.4,332.63,8,219.3,679.22,2,16,1337
18,2,00:43:08,77657,10,8,4,2,smash,0.0,0,2.0,6,1.4182926829268294,-0.8322916666666668,,,9,233.8,803.55,8,155.7,299.55,2,16,1337
18,3,00:43:09,77679,10,8,10,2,defensive shot,0.0,1,2.0,7,-0.7402439024390244,0.3977083333333334,,,6,255.9,302.9,8,202.3,738.85,2,16,1337
18,4,00:43:10,77703,10,8,4,2,net shot,0.0,1,2.0,7,-0.4109756097560974,-0.1117708333333332,,,7,121.3,585.22,8,192.2,281.83,2,16,1337
18,5,00:43:11,77731,10,8,10,2,lob,0.0,0,1.0,8,-0.3853658536585365,1.4941666666666666,,,7,132.3,427.8,8,134.0,595.94,2,16,1337
18,6,00:43:13,77792,10,8,4,2,smash,0.0,0,2.0,5,-1.326829268292683,-0.7051562499999999,,,9,141.9,766.2,8,150.1,284.96,2,16,1337
18,7,00:43:13,77814,10,8,10,2,net shot,0.0,0,2.0,7,-0.7109756097560975,0.4149999999999997,,,5,97.5,328.86,8,168.1,743.54,2,16,1337
18,8,00:43:14,77842,10,8,4,3,push/rush,0.0,1,2.0,3,-1.452439024390244,-1.55078125,opponent's ball landed,10.0,8,126.1,597.51,8,135.0,304.69,2,16,1337
