rally,ball_round,time,frame_num,roundscore_A,roundscore_B,player,server,type,aroundhead,backhand,landing_height,landing_area,landing_x,landing_y,lose_reason,getpoint_player,player_location_area,player_location_x,player_location_y,opponent_location_area,opponent_location_x,opponent_location_y,set,match_id,rally_id
28,1,00:50:06,90185,14,14,4,1,short service,0.0,1,2.0,8,-0.3134146341463413,-0.5923437500000001,,,8,184.4,642.61,8,131.7,285.24,2,16,1347
28,2,00:50:06,90204,14,14,10,2,net shot,0.0,0,2.0,7,0.6109756097560974,0.5218750000000002,,,7,164.3,366.42,8,180.7,649.61,2,16,1347
28,3,00:50:07,90223,14,14,4,2,net shot,0.0,0,2.0,7,-0.2317073170731707,-0.5004687499999999,,,8,203.0,636.87,8,150.4,341.94,2,16,1347
28,4,00:50:08,90247,14,14,10,2,push/rush,0.0,0,1.0,3,0.996341463414634,1.564114583333333,,,7,174.5,372.86,8,190.0,645.39,2,16,1347
28,5,00:50:09,90282,14,14,4,2,drive,0.0,0,2.0,6,1.065853658536585,-0.8930729166666668,,,9,228.0,798.39,8,166.0,330.22,2,16,1347
28,6,00:50:09,90296,14,14,10,2,defensive shot,0.0,1,2.0,1,1.0890243902439023,0.6195312500000002,,,8,196.3,327.47,9,218.9,774.99,2,16,1347
28,7,00:50:10,90321,14,14,4,2,push/rush,0.0,0,2.0,5,-1.253658536585366,-1.3619791666666667,,,8,230.3,638.18,8,192.7,296.57,2,16,1347
28,8,00:50:11,90350,14,14,10,2,drop,0.0,0,1.0,2,-1.3621951219512196,0.2483854166666669,,,5,96.0,250.42,8,166.6,670.09,2,16,1347
28,9,00:50:12,90374,14,14,4,3,push/rush,0.0,1,2.0,2,-1.3609756097560974,0.1559374999999999,touched the net,10.0,2,74.0,553.58,5,95.3,263.26,2,16,1347
