rally,ball_round,time,frame_num,roundscore_A,roundscore_B,player,server,type,aroundhead,backhand,landing_height,landing_area,landing_x,landing_y,lose_reason,getpoint_player,player_location_area,player_location_x,player_location_y,opponent_location_area,opponent_location_x,opponent_location_y,set,match_id,rally_id
18,1,00:18:23,33090,11,7,4,1,short service,0.0,0,2.0,7,-0.5585365853658538,0.3709375000000001,,,8,180.5,320.67,8,114.0,691.19,1,16,1301
18,2,00:18:23,33108,11,7,10,2,net shot,0.0,0,2.0,1,-1.0878048780487806,-0.4506770833333332,,,8,114.1,612.59,8,166.6,327.89,1,16,1301
18,3,00:18:24,33132,11,7,4,2,lob,0.0,0,1.0,6,-1.252439024390244,1.33,,,7,112.8,375.81,8,154.6,641.32,1,16,1301
18,4,00:18:25,33156,11,7,10,2,smash,1.0,0,2.0,5,-1.170731707317073,-1.0465625,,,8,133.9,712.51,8,133.7,330.67,1,16,1301
18,5,00:18:25,33169,11,7,4,2,defensive shot,0.0,0,2.0,7,0.8597560975609756,0.4619270833333336,,,8,106.0,285.64,8,133.3,755.02,1,16,1301
18,6,00:18:26,33199,11,7,10,2,net shot,0.0,0,2.0,2,1.3658536585365857,-0.3196874999999999,,,8,217.6,618.0,8,146.4,306.92,1,16,1301
18,7,00:18:27,33226,11,7,4,3,lob,0.0,1,2.0,7,0.1926829268292684,-0.0940625,touched the net,10.0,7,245.8,404.01,8,200.4,635.46,1,16,1301
