rally,ball_round,time,frame_num,roundscore_A,roundscore_B,player,server,type,aroundhead,backhand,landing_height,landing_area,landing_x,landing_y,lose_reason,getpoint_player,player_location_area,player_location_x,player_location_y,opponent_location_area,opponent_location_x,opponent_location_y,set,match_id,rally_id
26,1,00:49:03,88291,13,13,10,1,long service,0.0,1,1.0,8,-0.574390243902439,1.4584895833333331,,,8,180.4,346.09,8,123.0,676.86,2,16,1345
26,2,00:49:04,88326,13,13,4,2,smash,1.0,0,2.0,5,-1.2792682926829269,-0.9934375,,,8,133.3,743.57,8,133.0,328.36,2,16,1345
26,3,00:49:04,88341,13,13,10,2,defensive shot,0.0,0,2.0,2,-1.232926829268293,0.6413541666666666,,,8,110.1,302.65,9,136.2,782.52,2,16,1345
26,4,00:49:05,88365,13,13,4,2,push/rush,0.0,1,1.0,8,0.6195121951219513,-1.19375,,,6,97.2,654.06,8,114.6,312.16,2,16,1345
26,5,00:49:06,88392,13,13,10,2,smash,1.0,0,2.0,8,0.9109756097560974,1.0980208333333337,,,8,184.9,248.95,8,182.9,697.41,2,16,1345
26,6,00:49:06,88404,13,13,4,2,defensive shot,0.0,0,2.0,5,-1.318292682926829,-0.6573437499999999,,,8,218.6,706.15,8,199.1,238.25,2,16,1345
26,7,00:49:07,88433,13,13,10,3,net shot,0.0,0,2.0,10,-2.1817073170731707,-0.3783333333333332,not pass over the net,10.0,5,98.0,349.45,8,153.0,687.23,2,16,1345
