rally,ball_round,time,frame_num,roundscore_A,roundscore_B,player,server,type,aroundhead,backhand,landing_height,landing_area,landing_x,landing_y,lose_reason,getpoint_player,player_location_area,player_location_x,player_location_y,opponent_location_area,opponent_location_x,opponent_location_y,set,match_id,rally_id
15,1,00:41:34,74828,9,6,10,1,short service,0.0,1,2.0,7,0.4646341463414633,0.4201041666666665,,,8,158.9,344.1,8,222.0,673.92,2,16,1334
15,2,00:41:34,74846,9,6,4,2,net shot,0.0,0,2.0,7,0.721951219512195,-0.2949479166666666,,,7,201.6,586.31,8,151.1,348.74,2,16,1334
15,3,00:41:35,74875,9,6,10,2,lob,0.0,1,1.0,4,-0.996341463414634,1.581302083333333,,,7,210.4,370.22,8,187.6,623.99,2,16,1334
15,4,00:41:37,74917,9,6,4,2,smash,1.0,0,2.0,5,-1.273170731707317,-1.1123958333333337,,,4,98.9,778.21,8,133.8,287.68,2,16,1334
15,5,00:41:37,74934,9,6,10,2,defensive shot,0.0,0,1.0,2,-1.345121951219512,0.4255208333333335,,,8,118.4,273.0,4,98.9,778.21,2,16,1334
15,6,00:41:38,74959,9,6,4,3,push/rush,0.0,1,2.0,10,-0.1365853658536584,-1.8576041666666665,out,10.0,2,79.3,583.91,5,83.6,295.78,2,16,1334
