rally,ball_round,time,frame_num,roundscore_A,roundscore_B,player,server,type,aroundhead,backhand,landing_height,landing_area,landing_x,landing_y,lose_reason,getpoint_player,player_location_area,player_location_x,player_location_y,opponent_location_area,opponent_location_x,opponent_location_y,set,match_id,rally_id
32,1,00:39:39,71373,13,19,33,1,short service,0.0,1,2.0,7,-0.298780487804878,-0.4038541666666668,,,8,188.9,636.54,8,134.2,296.98,2,45,3825
32,2,00:39:39,71396,13,19,5,2,lob,0.0,1,1.0,3,1.0512195121951218,1.5956770833333334,,,8,136.9,360.8,8,178.7,627.0,2,45,3825
32,3,00:39:40,71426,13,19,33,2,drive,0.0,0,2.0,6,1.2390243902439029,-0.9191666666666668,,,9,234.6,761.91,8,172.6,314.08,2,45,3825
32,4,00:39:41,71439,13,19,5,2,defensive shot,0.0,1,2.0,1,1.2268292682926831,0.3054687499999999,,,8,177.6,304.49,8,227.8,750.08,2,45,3825
32,5,00:39:42,71463,13,19,33,2,net shot,0.0,0,2.0,7,0.8390243902439026,0.0008854166666667,,,1,256.0,582.52,8,207.3,300.51,2,45,3825
32,6,00:39:42,71487,13,19,5,3,lob,0.0,1,2.0,10,-0.9085365853658536,1.8115104166666665,out,5.0,7,211.4,413.59,8,219.9,616.94,2,45,3825
