rally,ball_round,time,frame_num,roundscore_A,roundscore_B,player,server,type,aroundhead,backhand,landing_height,landing_area,landing_x,landing_y,lose_reason,getpoint_player,player_location_area,player_location_x,player_location_y,opponent_location_area,opponent_location_x,opponent_location_y,set,match_id,rally_id
32,1,00:21:20,38413,17,15,5,1,long service,0.0,1,1.0,9,0.8365853658536585,-1.5044270833333335,,,8,170.6,625.69,8,221.6,288.82,1,45,3788
32,2,00:21:21,38447,17,15,33,2,drop,0.0,0,2.0,1,1.3524390243902435,0.4627604166666668,,,8,219.5,241.05,8,188.8,655.47,1,45,3788
32,3,00:21:22,38472,17,15,5,2,net shot,0.0,0,2.0,2,1.0865853658536588,-0.094375,,,5,269.3,605.3,8,222.0,245.1,1,45,3788
32,4,00:21:23,38498,17,15,33,2,lob,0.0,1,1.0,8,-0.7134146341463414,1.4107291666666668,,,7,247.5,402.96,8,233.4,608.42,1,45,3788
32,5,00:21:24,38530,17,15,5,2,drive,0.0,1,1.0,5,-0.8987804878048781,-0.9659895833333336,,,8,122.4,746.29,8,188.1,314.0,1,45,3788
32,6,00:21:24,38544,17,15,33,2,defensive shot,0.0,0,2.0,2,-0.873170731707317,0.5240625,,,8,136.1,267.55,8,149.6,702.73,1,45,3788
32,7,00:21:25,38568,17,15,5,2,net shot,0.0,1,2.0,1,-1.1780487804878048,-0.1582812499999999,,,8,119.5,614.97,8,142.7,296.94,1,45,3788
32,8,00:21:26,38595,17,15,33,2,net shot,0.0,0,2.0,2,-1.3317073170731708,0.1995833333333333,,,1,95.0,403.85,8,166.9,650.29,1,45,3788
32,9,00:21:27,38620,17,15,5,3,lob,0.0,1,2.0,10,0.4585365853658535,-1.81484375,out,5.0,2,89.0,542.29,7,130.7,369.9,1,45,3788
