rally,ball_round,time,frame_num,roundscore_A,roundscore_B,player,server,type,aroundhead,backhand,landing_height,landing_area,landing_x,landing_y,lose_reason,getpoint_player,player_location_area,player_location_x,player_location_y,opponent_location_area,opponent_location_x,opponent_location_y,set,match_id,rally_id
21,1,00:34:40,62409,8,13,5,1,short service,0.0,1,2.0,7,-0.5487804878048781,0.2786979166666666,,,8,182.0,325.39,8,133.1,662.62,2,45,3814
21,2,00:34:40,62428,8,13,33,2,net shot,0.0,0,2.0,1,-1.1365853658536589,-0.0883333333333332,,,7,124.1,565.98,8,178.1,329.16,2,45,3814
21,3,00:34:41,62452,8,13,5,2,lob,0.0,0,1.0,9,-0.723170731707317,1.57890625,,,7,105.5,415.94,7,136.1,590.69,2,45,3814
21,4,00:34:43,62496,8,13,33,2,drop,0.0,0,2.0,1,-1.1573170731707318,-0.3833854166666667,,,9,125.8,765.34,8,141.8,302.74,2,45,3814
21,5,00:34:43,62518,8,13,5,2,net shot,0.0,0,2.0,2,-1.273170731707317,0.2646875000000002,,,5,99.0,342.62,8,121.3,735.37,2,45,3814
21,6,00:34:44,62548,8,13,33,2,net shot,0.0,1,2.0,7,0.7548780487804879,-0.0847916666666665,,,2,84.0,569.24,8,140.7,327.47,2,45,3814
21,7,00:34:45,62573,8,13,5,2,lob,0.0,1,1.0,9,-0.7012195121951219,1.548125,,,7,209.4,387.35,7,135.7,593.56,2,45,3814
21,8,00:34:47,62619,8,13,33,2,clear,0.0,0,1.0,9,0.8597560975609756,-1.4708854166666665,,,9,124.8,770.06,8,150.8,296.91,2,45,3814
21,9,00:34:48,62649,8,13,5,3,smash,1.0,0,2.0,6,-1.201219512195122,1.1309375,opponent's ball landed,5.0,8,193.1,243.19,8,169.8,732.46,2,45,3814
