rally,ball_round,time,frame_num,roundscore_A,roundscore_B,player,server,type,aroundhead,backhand,landing_height,landing_area,landing_x,landing_y,lose_reason,getpoint_player,player_location_area,player_location_x,player_location_y,opponent_location_area,opponent_location_x,opponent_location_y,set,match_id,rally_id
31,1,00:39:18,70744,13,18,33,1,short service,0.0,1,2.0,7,0.3512195121951221,-0.305,,,8,169.4,636.7,8,216.9,296.6,2,45,3824
31,2,00:39:18,70764,13,18,5,2,lob,0.0,0,1.0,6,-1.274390243902439,1.4885937499999995,,,8,216.7,362.19,8,175.3,629.79,2,45,3824
31,3,00:39:20,70807,13,18,33,2,drive,0.0,1,2.0,5,-1.2402439024390244,-0.9042708333333334,,,4,86.4,759.81,8,153.2,327.41,2,45,3824
31,4,00:39:20,70821,13,18,5,2,defensive shot,0.0,0,1.0,6,-1.1926829268292682,0.8807812500000001,,,8,112.6,285.41,8,128.7,713.02,2,45,3824
31,5,00:39:21,70841,13,18,33,2,smash,1.0,0,2.0,5,-1.1207317073170733,-1.006614583333333,,,8,127.4,654.66,8,109.4,281.5,2,45,3824
31,6,00:39:21,70852,13,18,5,3,defensive shot,0.0,0,2.0,10,-1.847560975609756,1.1604166666666664,out,5.0,8,112.9,277.55,8,129.1,638.41,2,45,3824
