rally,ball_round,time,frame_num,roundscore_A,roundscore_B,player,server,type,aroundhead,backhand,landing_height,landing_area,landing_x,landing_y,lose_reason,getpoint_player,player_location_area,player_location_x,player_location_y,opponent_location_area,opponent_location_x,opponent_location_y,set,match_id,rally_id
12,1,00:29:40,53419,4,8,33,1,short service,0.0,1,2.0,7,0.425609756097561,-0.2602083333333332,,,8,170.2,627.08,8,217.6,284.94,2,45,3805
12,2,00:29:41,53440,4,8,5,2,net shot,0.0,1,2.0,2,-1.147560975609756,0.1577604166666667,,,7,192.7,369.56,8,169.4,631.22,2,45,3805
12,3,00:29:42,53463,4,8,33,2,net shot,0.0,1,2.0,1,-1.2134146341463414,-0.0190625000000001,,,2,97.0,542.23,8,157.8,346.02,2,45,3805
12,4,00:29:42,53489,4,8,5,2,lob,0.0,0,1.0,9,-0.6658536585365853,1.572552083333333,,,1,91.9,421.19,7,134.2,584.93,2,45,3805
12,5,00:29:44,53536,4,8,33,2,smash,0.0,0,2.0,5,-1.003658536585366,-1.0275,,,9,128.2,765.32,8,142.5,283.31,2,45,3805
12,6,00:29:44,53548,4,8,5,2,defensive shot,0.0,0,2.0,7,-0.6182926829268293,0.4691145833333336,,,8,126.2,259.6,8,135.5,744.96,2,45,3805
12,7,00:29:45,53573,4,8,33,2,net shot,0.0,1,2.0,2,1.048780487804878,-0.1729166666666666,,,8,128.7,605.03,8,158.4,298.81,2,45,3805
12,8,00:29:46,53600,4,8,5,3,push/rush,0.0,1,2.0,2,1.25,-0.0344270833333334,touched the net,5.0,7,220.1,408.34,8,181.7,647.47,2,45,3805
