rally,ball_round,time,frame_num,roundscore_A,roundscore_B,player,server,type,aroundhead,backhand,landing_height,landing_area,landing_x,landing_y,lose_reason,getpoint_player,player_location_area,player_location_x,player_location_y,opponent_location_area,opponent_location_x,opponent_location_y,set,match_id,rally_id
33,1,00:21:49,39298,17,16,33,1,short service,0.0,1,2.0,7,-0.1170731707317072,0.3733854166666669,,,8,184.0,327.26,8,138.7,667.88,1,45,3789
33,2,00:21:50,39319,17,16,5,2,lob,0.0,0,1.0,9,-0.7707317073170732,-1.446302083333333,,,8,138.9,600.68,8,182.6,321.61,1,45,3789
33,3,00:21:51,39348,17,16,33,2,smash,0.0,0,2.0,6,-0.951219512195122,1.0066666666666666,,,8,144.6,214.54,8,179.6,644.78,1,45,3789
33,4,00:21:52,39360,17,16,5,2,defensive shot,0.0,1,1.0,7,-0.5975609756097561,-0.3755729166666667,,,8,204.9,673.87,9,113.9,187.17,1,45,3789
33,5,00:21:52,39384,17,16,33,3,push/rush,0.0,0,2.0,8,0.6121951219512194,1.076510416666667,opponent's ball landed,5.0,8,119.3,306.69,8,198.9,681.75,1,45,3789
