rally,ball_round,time,frame_num,roundscore_A,roundscore_B,player,server,type,aroundhead,backhand,landing_height,landing_area,landing_x,landing_y,lose_reason,getpoint_player,player_location_area,player_location_x,player_location_y,opponent_location_area,opponent_location_x,opponent_location_y,set,match_id,rally_id
19,1,00:51:23,92513,11,8,5,1,short service,0.0,1,2.0,7,-0.5134146341463414,0.3027604166666666,,,8,184.0,325.38,8,130.6,662.65,3,45,3846
19,2,00:51:24,92532,11,8,33,2,net shot,0.0,0,2.0,1,-0.996341463414634,-0.0627083333333334,,,7,125.5,567.45,8,180.0,327.28,3,45,3846
19,3,00:51:25,92556,11,8,5,2,lob,0.0,0,1.0,9,-0.5768292682926829,1.6868229166666666,,,7,108.7,410.73,8,139.5,604.94,3,45,3846
19,4,00:51:27,92614,11,8,33,2,drop,0.0,0,2.0,1,-1.0060975609756098,-0.4021875000000001,,,9,108.0,792.21,8,159.0,312.24,3,45,3846
19,5,00:51:27,92637,11,8,5,3,lob,0.0,0,2.0,10,-1.5560975609756096,1.673125,out,5.0,8,115.7,338.82,8,144.9,709.1,3,45,3846
