rally,ball_round,time,frame_num,roundscore_A,roundscore_B,player,server,type,aroundhead,backhand,landing_height,landing_area,landing_x,landing_y,lose_reason,getpoint_player,player_location_area,player_location_x,player_location_y,opponent_location_area,opponent_location_x,opponent_location_y,set,match_id,rally_id
29,1,00:20:10,36305,16,13,5,1,short service,0.0,1,2.0,7,-0.4512195121951219,-0.2490104166666666,,,8,182.6,625.59,8,126.0,293.14,1,45,3785
29,2,00:20:10,36324,16,13,33,2,lob,0.0,1,1.0,6,-1.1780487804878048,1.4505729166666663,,,7,131.8,371.7,8,173.6,624.28,1,45,3785
29,3,00:20:11,36358,16,13,5,2,clear,0.0,1,1.0,9,0.5536585365853659,-1.5603645833333335,,,4,96.3,759.71,8,149.3,298.85,1,45,3785
29,4,00:20:12,36388,16,13,33,2,smash,0.0,0,2.0,5,1.2853658536585364,1.067135416666667,,,9,206.6,201.72,8,198.3,703.55,1,45,3785
29,5,00:20:13,36404,16,13,5,2,defensive shot,0.0,0,1.0,2,1.3073170731707315,-0.2178124999999999,,,8,227.8,684.08,8,228.6,205.86,1,45,3785
29,6,00:20:14,36432,16,13,33,2,net shot,0.0,1,2.0,1,1.2682926829268293,0.2326562500000001,,,2,263.2,381.72,8,231.4,647.04,1,45,3785
29,7,00:20:15,36459,16,13,5,2,lob,0.0,0,1.0,4,1.1,-1.549791666666667,,,1,268.5,576.61,8,222.6,336.42,1,45,3785
29,8,00:20:16,36508,16,13,33,2,clear,0.0,0,1.0,4,-1.1536585365853658,1.5191666666666663,,,4,255.4,175.96,8,217.8,652.54,1,45,3785
29,9,00:20:18,36541,16,13,5,3,drop,1.0,0,2.0,7,0.270731707317073,0.13703125,touched the net,5.0,8,141.6,707.87,8,189.1,226.82,1,45,3785
