rally,ball_round,time,frame_num,roundscore_A,roundscore_B,player,server,type,aroundhead,backhand,landing_height,landing_area,landing_x,landing_y,lose_reason,getpoint_player,player_location_area,player_location_x,player_location_y,opponent_location_area,opponent_location_x,opponent_location_y,set,match_id,rally_id
18,1,00:14:20,25809,11,7,33,1,short service,0.0,1,2.0,7,-0.3463414634146342,0.5299999999999999,,,8,185.5,323.49,8,139.5,666.55,1,45,3774
18,2,00:14:20,25829,11,7,5,2,net shot,0.0,1,2.0,7,0.8719512195121951,-0.1198958333333332,,,7,177.9,586.03,8,181.6,315.93,1,45,3774
18,3,00:14:21,25850,11,7,33,2,lob,0.0,1,1.0,8,0.8268292682926831,1.1096354166666664,,,7,236.3,390.74,8,185.6,620.01,1,45,3774
18,4,00:14:22,25869,11,7,5,2,drive,0.0,0,1.0,8,0.5134146341463414,-0.7976041666666666,,,8,223.8,677.62,7,221.8,371.21,1,45,3774
18,5,00:14:22,25881,11,7,33,2,defensive shot,0.0,1,2.0,7,0.1951219512195122,0.6118750000000001,,,8,182.6,319.72,8,231.1,698.17,1,45,3774
18,6,00:14:23,25900,11,7,5,2,net shot,0.0,1,2.0,2,1.2158536585365851,-0.1733854166666667,,,8,219.4,618.34,8,178.6,306.41,1,45,3774
18,7,00:14:24,25925,11,7,33,2,lob,0.0,1,1.0,3,1.1207317073170728,1.571041666666667,,,7,245.9,392.45,8,198.8,622.68,1,45,3774
18,8,00:14:25,25968,11,7,5,2,drop,0.0,0,2.0,6,0.9951219512195124,-0.6616666666666667,,,9,235.9,779.42,8,189.1,304.44,1,45,3774
18,9,00:14:26,25990,11,7,33,3,lob,0.0,1,2.0,10,1.6317073170731708,1.5689062500000002,out,5.0,8,220.6,338.29,8,233.1,709.54,1,45,3774
