rally,ball_round,time,frame_num,roundscore_A,roundscore_B,player,server,type,aroundhead,backhand,landing_height,landing_area,landing_x,landing_y,lose_reason,getpoint_player,player_location_area,player_location_x,player_location_y,opponent_location_area,opponent_location_x,opponent_location_y,set,match_id,rally_id
23,1,00:18:00,32422,12,11,33,1,short service,0.0,1,2.0,7,0.4487804878048781,0.4188541666666664,,,8,167.6,319.79,8,220.1,659.2,1,45,3779
23,2,00:18:01,32445,12,11,5,2,net shot,0.0,0,2.0,2,1.1634146341463412,-0.2174479166666666,,,8,202.9,605.84,8,174.6,338.52,1,45,3779
23,3,00:18:02,32469,12,11,33,2,lob,0.0,1,1.0,4,-1.2548780487804878,1.5872395833333333,,,7,237.4,403.02,8,201.9,619.88,1,45,3779
23,4,00:18:03,32511,12,11,5,3,smash,0.0,0,2.0,10,-1.6390243902439026,-1.3129166666666667,out,5.0,9,153.7,757.96,8,156.8,293.0,1,45,3779
