rally,ball_round,time,frame_num,roundscore_A,roundscore_B,player,server,type,aroundhead,backhand,landing_height,landing_area,landing_x,landing_y,lose_reason,getpoint_player,player_location_area,player_location_x,player_location_y,opponent_location_area,opponent_location_x,opponent_location_y,set,match_id,rally_id
11,1,00:12:47,23033,7,4,14,1,long service,0.0,0,1.0,9,0.8256097560975608,1.621822916666667,,,8,162.7,350.62,8,218.3,729.43,1,35,2832
11,2,00:12:49,23098,7,4,2,2,clear,0.0,0,1.0,8,-0.3353658536585366,-1.14625,,,9,229.3,790.95,8,178.9,286.85,1,35,2832
11,3,00:12:50,23125,7,4,14,2,smash,0.0,0,2.0,6,-1.0646341463414637,1.1060416666666668,,,8,157.2,235.94,8,203.7,709.06,1,35,2832
11,4,00:12:51,23140,7,4,2,2,defensive shot,0.0,1,1.0,5,-1.2170731707317073,-1.0741666666666667,,,8,201.3,689.99,8,108.8,238.92,1,35,2832
11,5,00:12:52,23166,7,4,14,2,smash,0.0,0,2.0,6,-0.997560975609756,1.2423958333333331,,,8,110.4,268.63,8,168.2,679.4,1,35,2832
11,6,00:12:52,23178,7,4,2,3,defensive shot,0.0,1,2.0,7,-0.2207317073170731,0.0830208333333333,touched the net,14.0,8,177.7,684.7,5,59.5,305.55,1,35,2832
