rally,ball_round,time,frame_num,roundscore_A,roundscore_B,player,server,type,aroundhead,backhand,landing_height,landing_area,landing_x,landing_y,lose_reason,getpoint_player,player_location_area,player_location_x,player_location_y,opponent_location_area,opponent_location_x,opponent_location_y,set,match_id,rally_id
10,1,00:29:59,53975,5,5,2,1,long service,0.0,0,1.0,9,0.6109756097560974,1.538333333333333,,,8,163.0,305.13,8,229.4,677.65,2,35,2861
10,2,00:30:01,54034,5,5,14,2,smash,0.0,0,2.0,6,1.0280487804878051,-0.9812499999999998,,,9,215.3,776.75,8,159.6,284.3,2,35,2861
10,3,00:30:01,54050,5,5,2,2,defensive shot,0.0,1,2.0,7,0.1390243902439025,0.6411979166666667,,,8,162.1,279.02,8,202.8,739.42,2,35,2861
10,4,00:30:02,54079,5,5,14,2,push/rush,0.0,1,1.0,8,-0.3048780487804878,-0.93765625,,,8,198.4,601.75,8,180.8,297.29,2,35,2861
10,5,00:30:03,54096,5,5,2,2,smash,0.0,0,2.0,8,0.1109756097560974,0.6917708333333336,,,8,155.0,276.41,8,195.6,607.52,2,35,2861
10,6,00:30:03,54107,5,5,14,2,defensive shot,0.0,1,1.0,5,-0.9439024390243904,-1.288333333333333,,,8,191.1,635.83,8,156.8,265.75,2,35,2861
10,7,00:30:04,54146,5,5,2,2,smash,0.0,0,2.0,6,-1.4170731707317072,0.8986979166666664,,,8,113.1,208.36,8,165.4,665.1,2,35,2861
10,8,00:30:05,54161,5,5,14,3,defensive shot,0.0,1,2.0,2,-1.0378048780487803,0.3488020833333334,not pass over the net,14.0,8,173.4,654.24,8,128.9,230.57,2,35,2861
