rally,ball_round,time,frame_num,roundscore_A,roundscore_B,player,server,type,aroundhead,backhand,landing_height,landing_area,landing_x,landing_y,lose_reason,getpoint_player,player_location_area,player_location_x,player_location_y,opponent_location_area,opponent_location_x,opponent_location_y,set,match_id,rally_id
36,1,00:45:50,82506,21,15,2,1,long service,0.0,0,1.0,9,-0.6804878048780487,1.56265625,,,8,186.5,297.26,8,133.5,679.38,2,35,2887
36,2,00:45:52,82570,21,15,14,2,smash,0.0,0,2.0,5,-0.9719512195121952,-0.81484375,,,9,125.1,793.88,8,148.8,292.21,2,35,2887
36,3,00:45:52,82589,21,15,2,2,defensive shot,0.0,0,2.0,7,-0.1158536585365853,0.4018749999999998,,,8,118.0,310.46,8,142.5,732.7,2,35,2887
36,4,00:45:53,82610,21,15,14,2,push/rush,0.0,0,1.0,8,0.7341463414634145,-1.05,,,7,141.4,582.31,8,122.1,294.93,2,35,2887
36,5,00:45:54,82623,21,15,2,2,defensive shot,0.0,1,1.0,8,-0.020731707317073,0.9466666666666668,,,8,141.5,276.47,7,162.6,586.22,2,35,2887
36,6,00:45:55,82652,21,15,14,2,smash,0.0,0,2.0,6,1.2304878048780483,-1.278541666666667,,,8,187.8,661.5,8,146.1,238.73,2,35,2887
36,7,00:45:55,82667,21,15,2,2,defensive shot,0.0,1,1.0,7,0.5585365853658538,0.3263020833333332,,,8,154.5,227.68,8,175.1,688.22,2,35,2887
36,8,00:45:56,82692,21,15,14,3,push/rush,0.0,0,2.0,8,-0.4048780487804876,-1.0897395833333334,opponent's ball landed,14.0,7,211.7,560.35,6,269.4,235.39,2,35,2887
