rally,ball_round,time,frame_num,roundscore_A,roundscore_B,player,server,type,aroundhead,backhand,landing_height,landing_area,landing_x,landing_y,lose_reason,getpoint_player,player_location_area,player_location_x,player_location_y,opponent_location_area,opponent_location_x,opponent_location_y,set,match_id,rally_id
1,1,00:09:54,17843,1,0,3,1,long service,0.0,1,1.0,5,-0.8963414634146342,-1.0340625,,,8,188.0,680.44,8,132.9,278.92,1,6,471
1,2,00:09:55,17869,1,0,8,2,smash,0.0,0,2.0,6,-1.0817073170731708,1.0,,,8,108.3,283.47,8,197.1,680.5,1,6,471
1,3,00:09:56,17881,1,0,3,2,defensive shot,0.0,0,2.0,5,-1.0,-0.6236979166666666,,,8,127.7,678.6,5,78.3,278.05,1,6,471
1,4,00:09:56,17906,1,0,8,2,push/rush,0.0,0,1.0,6,-1.001219512195122,1.2576041666666669,,,8,119.7,345.34,8,137.3,666.84,1,6,471
1,5,00:09:57,17926,1,0,3,2,clear,0.0,0,1.0,5,-0.9207317073170732,-1.0472916666666665,,,8,158.6,680.26,8,126.3,326.93,1,6,471
1,6,00:09:58,17949,1,0,8,2,clear,0.0,0,1.0,8,0.5926829268292683,1.3758333333333332,,,8,140.6,293.76,8,122.1,705.82,1,6,471
1,7,00:09:59,17985,1,0,3,2,clear,1.0,0,1.0,9,-0.578048780487805,-1.4121354166666666,,,8,186.7,725.54,8,156.9,266.85,1,6,471
1,8,00:10:00,18024,1,0,8,3,drop,0.0,0,2.0,10,1.7634146341463417,0.8484374999999998,out,3.0,9,138.5,193.34,8,166.2,681.76,1,6,471
