rally,ball_round,time,frame_num,roundscore_A,roundscore_B,player,server,type,aroundhead,backhand,landing_height,landing_area,landing_x,landing_y,lose_reason,getpoint_player,player_location_area,player_location_x,player_location_y,opponent_location_area,opponent_location_x,opponent_location_y,set,match_id,rally_id
1,1,00:08:09,14686,1,0,14,1,long service,0.0,0,1.0,8,0.9365853658536588,1.4244270833333337,,,8,161.0,345.82,8,232.5,702.55,1,33,2641
1,2,00:08:11,14751,1,0,16,2,smash,0.0,0,2.0,6,1.19390243902439,-0.8816666666666665,,,9,245.9,758.21,8,179.8,276.24,1,33,2641
1,3,00:08:12,14766,1,0,14,2,defensive shot,0.0,1,2.0,7,0.3707317073170732,0.5658333333333333,,,8,200.6,293.74,8,225.7,725.76,1,33,2641
1,4,00:08:12,14789,1,0,16,2,lob,0.0,0,1.0,8,-0.4292682926829267,-1.3646874999999998,,,8,180.9,603.06,8,196.8,291.27,1,33,2641
1,5,00:08:14,14823,1,0,14,2,smash,0.0,0,2.0,6,-1.1243902439024391,0.9225,,,9,160.9,193.56,8,183.4,649.65,1,33,2641
1,6,00:08:14,14838,1,0,16,2,defensive shot,0.0,1,2.0,1,-1.076829268292683,-0.2321354166666666,,,8,193.9,671.03,8,112.8,224.51,1,33,2641
1,7,00:08:15,14868,1,0,14,2,push/rush,0.0,0,1.0,8,0.7012195121951219,0.9830729166666666,,,1,100.2,374.88,8,147.1,646.73,1,33,2641
1,8,00:08:16,14896,1,0,16,3,clear,0.0,0,2.0,10,1.864634146341463,-1.15421875,out,14.0,8,194.5,627.41,8,159.1,319.21,1,33,2641
