rally,ball_round,time,frame_num,roundscore_A,roundscore_B,player,server,type,aroundhead,backhand,landing_height,landing_area,landing_x,landing_y,lose_reason,getpoint_player,player_location_area,player_location_x,player_location_y,opponent_location_area,opponent_location_x,opponent_location_y,set,match_id,rally_id
7,1,00:11:36,20906,4,3,14,1,long service,0.0,0,1.0,8,-0.6182926829268293,1.4242187500000003,,,8,183.9,347.88,8,129.8,697.46,1,33,2647
7,2,00:11:38,20969,4,3,16,2,clear,0.0,0,1.0,9,0.7512195121951218,-1.5180729166666669,,,9,125.8,759.55,8,158.8,276.54,1,33,2647
7,3,00:11:40,21000,4,3,14,2,clear,1.0,0,1.0,8,-0.7560975609756098,1.3306250000000002,,,8,198.2,220.52,8,173.6,687.42,1,33,2647
7,4,00:11:41,21034,4,3,16,2,clear,1.0,0,1.0,4,1.1621951219512197,-1.44734375,,,8,136.9,720.68,8,181.0,242.27,1,33,2647
7,5,00:11:42,21068,4,3,14,2,drop,1.0,0,2.0,5,1.232926829268293,0.7302604166666669,,,8,217.2,212.06,8,169.8,707.96,1,33,2647
7,6,00:11:42,21087,4,3,16,2,net shot,0.0,0,2.0,1,-0.9085365853658536,-0.5040104166666666,,,8,246.6,650.57,8,222.6,222.87,1,33,2647
7,7,00:11:43,21116,4,3,14,3,push/rush,0.0,0,2.0,4,-1.4365853658536585,1.5578125,misjudged,14.0,8,123.6,365.24,8,190.3,636.04,1,33,2647
