rally,ball_round,time,frame_num,roundscore_A,roundscore_B,player,server,type,aroundhead,backhand,landing_height,landing_area,landing_x,landing_y,lose_reason,getpoint_player,player_location_area,player_location_x,player_location_y,opponent_location_area,opponent_location_x,opponent_location_y,set,match_id,rally_id
17,1,01:00:24,108726,11,6,16,1,long service,0.0,0,1.0,9,-0.6426829268292683,-1.5385937499999998,,,8,195.0,659.51,8,120.8,287.31,3,33,2721
17,2,01:00:26,108784,11,6,14,2,smash,0.0,0,2.0,6,-0.9707317073170731,0.9305208333333332,,,9,127.3,162.93,8,192.3,659.55,3,33,2721
17,3,01:00:26,108802,11,6,16,2,defensive shot,0.0,1,1.0,5,-1.102439024390244,-1.23265625,,,8,161.9,648.23,8,140.7,226.8,3,33,2721
17,4,01:00:27,108831,11,6,14,2,smash,0.0,0,2.0,8,0.9000000000000001,1.059322916666667,,,8,118.3,237.87,8,161.7,668.14,3,33,2721
17,5,01:00:28,108846,11,6,16,2,defensive shot,0.0,0,1.0,2,1.0353658536585364,-0.5155729166666667,,,8,179.8,676.08,5,80.4,235.77,3,33,2721
17,6,01:00:29,108870,11,6,14,3,net shot,0.0,1,2.0,2,-1.098780487804878,0.4376562499999998,opponent's ball landed,14.0,8,238.3,332.7,8,247.3,643.84,3,33,2721
