rally,ball_round,time,frame_num,roundscore_A,roundscore_B,player,server,type,aroundhead,backhand,landing_height,landing_area,landing_x,landing_y,lose_reason,getpoint_player,player_location_area,player_location_x,player_location_y,opponent_location_area,opponent_location_x,opponent_location_y,set,match_id,rally_id
31,1,00:24:55,44869,19,12,14,1,long service,0.0,0,1.0,4,-1.0439024390243905,1.5484374999999997,,,8,183.9,347.88,8,126.7,710.01,1,33,2671
31,2,00:24:57,44930,19,12,16,2,clear,0.0,0,1.0,5,-1.3170731707317074,-1.3445833333333332,,,4,95.0,782.76,8,159.4,289.28,1,33,2671
31,3,00:24:58,44963,19,12,14,2,drop,0.0,0,2.0,2,-1.026829268292683,0.5057812500000001,,,5,79.2,211.4,8,147.2,698.83,1,33,2671
31,4,00:24:59,44992,19,12,16,2,lob,0.0,1,1.0,3,-1.2999999999999998,-1.4313541666666667,,,8,106.9,609.28,8,137.7,274.28,1,33,2671
31,5,00:25:00,45029,19,12,14,2,drop,0.0,0,2.0,2,-1.1353658536585365,0.3278645833333335,,,3,92.5,186.21,8,144.2,633.18,1,33,2671
31,6,00:25:01,45054,19,12,16,2,lob,0.0,1,1.0,6,1.195121951219512,-1.3608333333333331,,,7,106.9,586.0,8,131.4,240.35,1,33,2671
31,7,00:25:03,45093,19,12,14,2,drop,0.0,1,2.0,7,-0.7597560975609756,0.1817708333333332,,,4,251.4,169.61,8,181.7,631.01,1,33,2671
31,8,00:25:03,45113,19,12,16,2,net shot,0.0,1,2.0,1,-0.9926829268292684,-0.0861458333333334,,,7,162.1,557.6,9,207.0,203.97,1,33,2671
31,9,00:25:04,45144,19,12,14,3,net shot,0.0,0,2.0,2,1.1719512195121955,0.02203125,not pass over the net,14.0,7,105.2,424.37,7,135.1,538.94,1,33,2671
