rally,ball_round,time,frame_num,roundscore_A,roundscore_B,player,server,type,aroundhead,backhand,landing_height,landing_area,landing_x,landing_y,lose_reason,getpoint_player,player_location_area,player_location_x,player_location_y,opponent_location_area,opponent_location_x,opponent_location_y,set,match_id,rally_id
20,1,00:16:59,30575,10,10,28,1,short service,0.0,0,2.0,8,-0.4817073170731707,-0.7511979166666668,,,8,183.4,670.73,8,125.7,261.11,1,37,2973
20,2,00:17:00,30600,10,10,27,2,net shot,0.0,1,2.0,2,-1.2085365853658536,0.3365625,,,8,133.5,332.97,8,161.4,669.73,1,37,2973
20,3,00:17:00,30629,10,10,28,2,lob,0.0,0,1.0,3,-0.9060975609756096,-1.613125,,,2,93.5,561.23,8,146.8,332.59,1,37,2973
20,4,00:17:02,30674,10,10,27,2,clear,0.0,0,1.0,3,1.0634146341463413,1.6431250000000002,,,9,124.5,172.9,8,146.7,638.65,1,37,2973
20,5,00:17:03,30711,10,10,28,2,smash,0.0,0,2.0,6,1.1682926829268294,-1.0969791666666666,,,8,205.3,732.95,8,165.4,239.58,1,37,2973
20,6,00:17:04,30728,10,10,27,2,defensive shot,0.0,1,1.0,5,1.2890243902439025,1.415260416666667,,,8,176.4,281.8,8,232.1,741.2,1,37,2973
20,7,00:17:05,30753,10,10,28,2,smash,0.0,0,2.0,8,-0.6060975609756097,-1.1319791666666668,,,8,234.6,707.29,8,195.4,292.08,1,37,2973
20,8,00:17:05,30768,10,10,27,2,defensive shot,0.0,0,2.0,2,-1.2817073170731708,0.5012500000000001,,,8,163.2,287.67,8,230.2,698.08,1,37,2973
20,9,00:17:06,30798,10,10,28,3,net shot,0.0,0,2.0,2,0.9743902439024392,-0.0594270833333334,not pass over the net,27.0,2,75.4,589.62,8,150.9,306.75,1,37,2973
