rally,ball_round,time,frame_num,roundscore_A,roundscore_B,player,server,type,aroundhead,backhand,landing_height,landing_area,landing_x,landing_y,lose_reason,getpoint_player,player_location_area,player_location_x,player_location_y,opponent_location_area,opponent_location_x,opponent_location_y,set,match_id,rally_id
10,1,01:07:12,120989,6,4,27,1,long service,0.0,0,1.0,4,-1.1073170731707316,1.6577604166666664,,,8,183.6,284.31,8,128.7,710.54,3,37,3045
10,2,01:07:15,121053,6,4,28,2,smash,0.0,0,2.0,8,0.5256097560975609,-0.8314583333333333,,,4,79.3,795.28,8,154.1,277.0,3,37,3045
10,3,01:07:15,121071,6,4,27,2,defensive shot,0.0,1,2.0,7,-0.3499999999999998,0.2844791666666666,,,8,151.7,282.58,4,95.4,767.29,3,37,3045
10,4,01:07:16,121102,6,4,28,2,net shot,0.0,0,2.0,7,-0.0499999999999999,-0.2548958333333333,,,7,153.3,560.22,8,175.0,329.25,3,37,3045
10,5,01:07:17,121131,6,4,27,2,net shot,0.0,1,2.0,1,1.0085365853658534,0.1702604166666666,,,7,157.6,416.23,8,175.3,595.61,3,37,3045
10,6,01:07:18,121163,6,4,28,3,net shot,0.0,1,2.0,2,1.225609756097561,0.0508333333333332,touched the net,27.0,7,238.1,532.06,7,177.4,407.01,3,37,3045
