rally,ball_round,time,frame_num,roundscore_A,roundscore_B,player,server,type,aroundhead,backhand,landing_height,landing_area,landing_x,landing_y,lose_reason,getpoint_player,player_location_area,player_location_x,player_location_y,opponent_location_area,opponent_location_x,opponent_location_y,set,match_id,rally_id
4,1,01:03:18,113956,1,3,28,1,short service,0.0,0,2.0,8,0.4329268292682927,-0.6575520833333334,,,8,158.8,683.32,8,226.6,263.5,3,37,3039
4,2,01:03:19,113978,1,3,27,2,net shot,0.0,0,2.0,7,0.9134146341463416,0.2278645833333333,,,8,222.3,357.52,8,166.7,670.92,3,37,3039
4,3,01:03:20,114004,1,3,28,2,push/rush,0.0,1,1.0,9,-0.8548780487804878,-1.52796875,,,7,232.8,553.97,8,200.4,331.04,3,37,3039
4,4,01:03:21,114042,1,3,27,2,drop,0.0,0,2.0,1,1.1378048780487806,0.5910416666666668,,,8,120.6,207.97,8,162.0,647.82,3,37,3039
4,5,01:03:22,114070,1,3,28,2,push/rush,0.0,1,1.0,4,1.2804878048780488,-1.3946875,,,8,248.3,610.7,8,147.4,243.11,3,37,3039
4,6,01:03:23,114094,1,3,27,2,clear,0.0,1,1.0,9,0.7365853658536586,1.5390104166666667,,,8,233.9,266.09,8,216.3,649.79,3,37,3039
4,7,01:03:24,114134,1,3,28,2,smash,0.0,0,2.0,6,1.4670731707317075,-0.8161979166666665,,,9,214.9,766.55,8,190.8,284.09,3,37,3039
4,8,01:03:25,114158,1,3,27,2,defensive shot,0.0,1,2.0,1,1.2682926829268293,0.5411979166666665,,,6,260.0,324.24,8,203.5,740.37,3,37,3039
4,9,01:03:26,114184,1,3,28,3,push/rush,0.0,1,2.0,10,1.7280487804878046,-1.5690104166666667,out,27.0,5,259.3,597.33,8,206.0,299.79,3,37,3039
