rally,ball_round,time,frame_num,roundscore_A,roundscore_B,player,server,type,aroundhead,backhand,landing_height,landing_area,landing_x,landing_y,lose_reason,getpoint_player,player_location_area,player_location_x,player_location_y,opponent_location_area,opponent_location_x,opponent_location_y,set,match_id,rally_id
42,1,00:31:19,56371,22,20,27,1,long service,0.0,0,1.0,9,-0.6597560975609755,1.7041145833333335,,,8,186.6,281.48,8,127.0,713.94,1,37,2995
42,2,00:31:21,56437,22,20,28,2,smash,0.0,0,2.0,8,-0.6463414634146342,-0.7758854166666668,,,9,117.2,804.8,8,153.7,293.37,1,37,2995
42,3,00:31:22,56460,22,20,27,2,defensive shot,0.0,0,2.0,7,0.2475609756097562,0.4046354166666669,,,8,133.8,340.45,8,152.0,719.28,1,37,2995
42,4,00:31:23,56490,22,20,28,2,net shot,0.0,1,2.0,2,1.1524390243902438,-0.3243749999999998,,,7,159.6,545.33,8,165.7,314.15,1,37,2995
42,5,00:31:24,56522,22,20,27,2,net shot,0.0,1,2.0,1,1.1280487804878048,0.2540104166666665,,,7,244.9,382.8,8,199.2,611.41,1,37,2995
42,6,00:31:25,56551,22,20,28,3,net shot,0.0,1,2.0,2,-0.9609756097560976,0.13921875,touched the net,27.0,1,257.5,545.27,8,216.2,355.28,1,37,2995
