rally,ball_round,time,frame_num,roundscore_A,roundscore_B,player,server,type,aroundhead,backhand,landing_height,landing_area,landing_x,landing_y,lose_reason,getpoint_player,player_location_area,player_location_x,player_location_y,opponent_location_area,opponent_location_x,opponent_location_y,set,match_id,rally_id
28,1,01:18:31,141359,17,11,28,1,short service,0.0,0,2.0,8,-0.2768292682926828,0.7102083333333334,,,8,187.7,289.62,8,123.9,701.44,3,37,3063
28,2,01:18:33,141390,17,11,27,2,net shot,0.0,0,2.0,2,1.360975609756098,-0.4442187500000001,,,8,131.9,609.48,8,182.4,284.35,3,37,3063
28,3,01:18:34,141421,17,11,28,2,push/rush,0.0,0,1.0,6,-1.0365853658536586,1.4764583333333334,,,2,257.5,391.6,8,177.9,651.58,3,37,3063
28,4,01:18:35,141453,17,11,27,2,smash,0.0,0,2.0,5,-1.202439024390244,-1.1085416666666668,,,8,171.9,728.93,8,189.6,318.61,3,37,3063
28,5,01:18:35,141467,17,11,28,2,defensive shot,0.0,1,2.0,1,1.045121951219512,0.53453125,,,8,162.6,293.1,8,146.0,721.53,3,37,3063
28,6,01:18:36,141496,17,11,27,2,push/rush,0.0,0,1.0,6,1.353658536585366,-1.3311979166666668,,,8,230.1,608.07,8,147.5,279.97,3,37,3063
28,7,01:18:37,141523,17,11,28,2,smash,0.0,0,1.0,5,1.1341463414634143,1.1269791666666666,,,8,233.6,234.33,8,209.3,672.94,3,37,3063
28,8,01:18:37,141537,17,11,27,3,defensive shot,0.0,0,2.0,1,-1.3951219512195123,-0.4613541666666665,opponent's ball landed,27.0,8,236.0,694.5,6,282.1,211.55,3,37,3063
