rally,ball_round,time,frame_num,roundscore_A,roundscore_B,player,server,type,aroundhead,backhand,landing_height,landing_area,landing_x,landing_y,lose_reason,getpoint_player,player_location_area,player_location_x,player_location_y,opponent_location_area,opponent_location_x,opponent_location_y,set,match_id,rally_id
2,1,00:07:16,13083,1,1,28,1,short service,0.0,0,2.0,8,0.1939024390243903,-0.6417708333333335,,,8,163.0,663.39,8,230.3,263.38,1,37,2955
2,2,00:07:16,13108,1,1,27,2,push/rush,0.0,0,1.0,5,1.1853658536585363,1.4536458333333335,,,8,220.7,355.15,8,172.8,659.43,1,37,2955
2,3,00:07:17,13132,1,1,28,2,clear,0.0,0,1.0,9,0.6646341463414634,-1.5350520833333334,,,8,206.4,701.8,8,192.2,305.51,1,37,2955
2,4,00:07:18,13169,1,1,27,2,clear,0.0,0,1.0,4,-0.9865853658536586,1.5488541666666666,,,8,215.9,204.61,8,185.4,673.21,1,37,2955
2,5,00:07:20,13203,1,1,28,3,clear,0.0,0,2.0,10,-1.5707317073170732,-1.78046875,out,27.0,9,110.4,772.01,8,175.4,233.34,1,37,2955
