rally,ball_round,time,frame_num,roundscore_A,roundscore_B,player,server,type,aroundhead,backhand,landing_height,landing_area,landing_x,landing_y,lose_reason,getpoint_player,player_location_area,player_location_x,player_location_y,opponent_location_area,opponent_location_x,opponent_location_y,set,match_id,rally_id
32,1,00:23:55,43062,16,16,27,1,long service,0.0,0,1.0,3,1.0890243902439023,1.723854166666667,,,8,152.6,301.42,8,231.4,702.72,1,37,2985
32,2,00:23:57,43122,16,16,28,2,clear,0.0,0,2.0,4,1.5134146341463417,-1.51453125,,,9,246.6,795.38,8,177.5,292.64,1,37,2985
32,3,00:23:58,43156,16,16,27,2,drop,0.0,1,1.0,1,1.2036585365853658,0.2626562499999997,,,6,271.5,208.84,8,222.7,680.2,1,37,2985
32,4,00:23:59,43185,16,16,28,3,net shot,0.0,1,2.0,2,1.1073170731707318,-0.4294270833333333,opponent's ball landed,27.0,1,255.2,543.63,8,194.5,250.26,1,37,2985
