rally,ball_round,time,frame_num,roundscore_A,roundscore_B,player,server,type,aroundhead,backhand,landing_height,landing_area,landing_x,landing_y,lose_reason,getpoint_player,player_location_area,player_location_x,player_location_y,opponent_location_area,opponent_location_x,opponent_location_y,set,match_id,rally_id
36,1,00:27:03,48698,20,16,2,1,long service,0.0,0,1.0,4,-0.8560975609756097,1.5993750000000002,,,8,185.9,316.82,8,132.0,693.61,1,53,4527
36,2,00:27:05,48760,20,16,8,2,clear,0.0,0,1.0,4,1.114634146341463,-1.423125,,,9,114.2,774.02,8,148.2,304.23,1,53,4527
36,3,00:27:06,48789,20,16,2,2,clear,1.0,0,1.0,8,-0.3890243902439025,1.4787499999999998,,,8,218.8,246.91,8,163.3,689.55,1,53,4527
36,4,00:27:07,48833,20,16,8,2,clear,0.0,0,1.0,4,1.202439024390244,-1.5198958333333332,,,8,163.0,756.34,8,178.1,266.67,1,53,4527
36,5,00:27:08,48866,20,16,2,2,clear,1.0,0,1.0,3,1.048780487804878,1.560208333333333,,,8,222.0,238.36,8,167.7,715.76,1,53,4527
36,6,00:27:10,48914,20,16,8,3,smash,0.0,0,2.0,10,-1.6780487804878048,-0.9959375,out,2.0,3,251.8,768.78,8,181.6,255.57,1,53,4527
