rally,ball_round,time,frame_num,roundscore_A,roundscore_B,player,server,type,aroundhead,backhand,landing_height,landing_area,landing_x,landing_y,lose_reason,getpoint_player,player_location_area,player_location_x,player_location_y,opponent_location_area,opponent_location_x,opponent_location_y,set,match_id,rally_id
7,1,00:09:30,17109,3,4,2,1,long service,0.0,0,1.0,9,-0.5256097560975609,1.6204166666666666,,,8,185.2,324.41,8,129.7,703.72,1,53,4498
7,2,00:09:32,17163,3,4,8,2,smash,0.0,0,2.0,6,1.0963414634146338,-0.975625,,,9,130.2,779.18,8,151.9,311.94,1,53,4498
7,3,00:09:32,17181,3,4,2,2,defensive shot,0.0,1,1.0,8,-0.8390243902439024,1.39078125,,,8,154.5,306.77,8,154.9,734.86,1,53,4498
7,4,00:09:33,17215,3,4,8,2,drop,1.0,0,2.0,6,1.4036585365853662,-0.6432291666666666,,,8,154.6,724.27,8,158.3,283.07,1,53,4498
7,5,00:09:34,17238,3,4,2,3,net shot,0.0,1,2.0,7,0.4353658536585365,0.02140625,not pass over the net,2.0,6,255.9,313.8,8,150.8,724.29,1,53,4498
