rally,ball_round,time,frame_num,roundscore_A,roundscore_B,player,server,type,aroundhead,backhand,landing_height,landing_area,landing_x,landing_y,lose_reason,getpoint_player,player_location_area,player_location_x,player_location_y,opponent_location_area,opponent_location_x,opponent_location_y,set,match_id,rally_id
22,1,00:18:08,32653,12,10,2,1,long service,0.0,0,1.0,9,0.5841463414634147,1.6870312499999998,,,8,161.8,322.04,8,232.7,687.78,1,53,4513
22,2,00:18:10,32710,12,10,8,2,clear,0.0,0,1.0,4,1.270731707317073,-1.4235416666666667,,,9,224.7,798.95,8,164.3,306.71,1,53,4513
22,3,00:18:11,32739,12,10,2,2,clear,1.0,0,1.0,3,1.2317073170731707,1.6151041666666668,,,8,225.6,241.19,8,206.0,711.83,1,53,4513
22,4,00:18:12,32775,12,10,8,2,clear,0.0,0,1.0,4,1.2109756097560975,-1.4552604166666665,,,3,264.6,784.46,8,198.3,258.25,1,53,4513
22,5,00:18:13,32805,12,10,2,2,smash,0.0,0,2.0,5,1.353658536585366,0.9521354166666663,,,8,230.0,217.98,8,212.5,719.07,1,53,4513
22,6,00:18:14,32824,12,10,8,2,defensive shot,0.0,0,2.0,8,0.7402439024390243,-0.6034895833333334,,,8,251.1,663.83,8,227.7,218.0,1,53,4513
22,7,00:18:15,32851,12,10,2,2,lob,0.0,1,1.0,3,1.380487804878049,1.641822916666667,,,8,219.0,346.41,8,212.8,646.11,1,53,4513
22,8,00:18:16,32895,12,10,8,2,clear,0.0,0,1.0,4,1.2878048780487807,-1.4715104166666666,,,3,265.1,783.43,8,179.6,298.81,1,53,4513
22,9,00:18:17,32921,12,10,2,3,drop,1.0,0,2.0,2,1.2609756097560971,0.00875,touched the net,2.0,8,225.7,235.47,8,220.4,711.73,1,53,4513
