rally,ball_round,time,frame_num,roundscore_A,roundscore_B,player,server,type,aroundhead,backhand,landing_height,landing_area,landing_x,landing_y,lose_reason,getpoint_player,player_location_area,player_location_x,player_location_y,opponent_location_area,opponent_location_x,opponent_location_y,set,match_id,rally_id
17,1,00:39:43,71519,9,8,2,1,long service,0.0,0,1.0,3,-1.2402439024390244,-1.5130729166666663,,,8,188.6,637.75,8,114.0,236.2,2,53,4545
17,2,00:39:45,71564,9,8,8,2,clear,0.0,0,1.0,6,-0.9121951219512194,1.4450000000000005,,,3,78.9,179.57,8,177.7,643.53,2,53,4545
17,3,00:39:46,71588,9,8,2,2,smash,1.0,0,2.0,6,1.3170731707317074,-0.9483333333333333,,,8,141.0,717.16,8,126.7,224.53,2,53,4545
17,4,00:39:46,71608,9,8,8,2,defensive shot,0.0,1,2.0,1,1.170731707317073,0.6104166666666669,,,6,251.6,316.38,8,130.5,725.63,2,53,4545
17,5,00:39:47,71637,9,8,2,2,net shot,0.0,0,1.0,7,0.1951219512195122,-0.3954166666666667,,,8,236.4,618.39,8,195.3,272.02,2,53,4545
17,6,00:39:48,71661,9,8,8,3,push/rush,0.0,0,2.0,10,1.1280487804878048,1.81375,out,2.0,7,225.0,388.59,8,199.0,637.67,2,53,4545
