rally,ball_round,time,frame_num,roundscore_A,roundscore_B,player,server,type,aroundhead,backhand,landing_height,landing_area,landing_x,landing_y,lose_reason,getpoint_player,player_location_area,player_location_x,player_location_y,opponent_location_area,opponent_location_x,opponent_location_y,set,match_id,rally_id
27,1,00:20:28,36847,14,13,2,1,long service,0.0,0,1.0,9,-0.6317073170731707,1.60421875,,,8,182.4,309.17,9,129.3,758.78,1,53,4518
27,2,00:20:29,36885,14,13,8,2,clear,0.0,0,1.0,3,-1.4134146341463416,-1.4002083333333335,,,9,125.8,792.61,8,149.2,314.51,1,53,4518
27,3,00:20:30,36917,14,13,2,2,drop,0.0,0,1.0,2,-0.9390243902439024,0.3822916666666665,,,5,74.8,216.04,8,153.1,679.22,1,53,4518
27,4,00:20:31,36943,14,13,8,2,net shot,0.0,1,1.0,1,-1.1280487804878048,-0.2088020833333332,,,7,114.1,582.08,8,131.0,238.95,1,53,4518
27,5,00:20:32,36969,14,13,2,3,push/rush,0.0,0,2.0,3,1.4182926829268294,1.625416666666667,opponent's ball landed,2.0,1,97.6,407.32,7,138.4,585.12,1,53,4518
