rally,ball_round,time,frame_num,roundscore_A,roundscore_B,player,server,type,aroundhead,backhand,landing_height,landing_area,landing_x,landing_y,lose_reason,getpoint_player,player_location_area,player_location_x,player_location_y,opponent_location_area,opponent_location_x,opponent_location_y,set,match_id,rally_id
15,1,00:13:27,24232,6,9,20,1,long service,0.0,0,1.0,9,0.8207317073170733,1.6528645833333335,,,8,156.9,302.81,8,236.2,699.87,1,48,4055
15,2,00:13:29,24299,6,9,16,2,drop,0.0,0,2.0,6,1.4378048780487802,-0.6338020833333333,,,9,236.8,797.65,8,170.4,285.13,1,48,4055
15,3,00:13:30,24323,6,9,20,2,lob,0.0,1,1.0,5,1.4670731707317075,1.3969791666666669,,,6,263.1,324.21,8,203.1,731.68,1,48,4055
15,4,00:13:31,24352,6,9,16,2,smash,0.0,0,2.0,8,-0.6609756097560976,-0.98578125,,,5,256.4,753.25,8,208.3,282.36,1,48,4055
15,5,00:13:32,24368,6,9,20,2,defensive shot,0.0,0,2.0,2,-1.3573170731707316,0.51890625,,,8,147.0,275.0,3,273.6,761.58,1,48,4055
15,6,00:13:33,24401,6,9,16,3,lob,0.0,1,2.0,10,-0.9621951219512196,-1.7127604166666668,out,16.0,2,85.8,585.01,8,155.4,253.9,1,48,4055
