rally,ball_round,time,frame_num,roundscore_A,roundscore_B,player,server,type,aroundhead,backhand,landing_height,landing_area,landing_x,landing_y,lose_reason,getpoint_player,player_location_area,player_location_x,player_location_y,opponent_location_area,opponent_location_x,opponent_location_y,set,match_id,rally_id
6,1,00:45:34,82042,5,1,16,1,short service,0.0,1,2.0,7,-0.4109756097560974,-0.4771875,,,8,182.0,636.48,8,134.0,280.23,3,48,4113
6,2,00:45:35,82067,5,1,20,2,lob,0.0,0,1.0,5,1.3121951219512198,1.5075520833333336,,,8,150.2,352.87,8,176.2,644.54,3,48,4113
6,3,00:45:36,82106,5,1,16,2,drive,0.0,0,2.0,6,1.2317073170731707,-1.0584895833333334,,,3,258.4,766.61,8,184.2,285.06,3,48,4113
6,4,00:45:37,82120,5,1,20,2,defensive shot,0.0,1,2.0,2,-1.2585365853658537,0.5831250000000002,,,8,193.7,285.0,9,241.1,758.39,3,48,4113
6,5,00:45:38,82148,5,1,16,2,lob,0.0,1,1.0,9,0.4975609756097562,-1.4173958333333332,,,8,108.2,595.44,8,187.1,290.12,3,48,4113
6,6,00:45:39,82184,5,1,20,2,clear,0.0,0,1.0,6,-0.902439024390244,1.3075520833333332,,,9,190.0,203.74,8,158.9,643.19,3,48,4113
6,7,00:45:40,82214,5,1,16,3,smash,0.0,0,2.0,5,-1.4841463414634146,-1.1766666666666663,opponent's ball landed,16.0,8,130.7,714.72,8,169.5,251.14,3,48,4113
