rally,ball_round,time,frame_num,roundscore_A,roundscore_B,player,server,type,aroundhead,backhand,landing_height,landing_area,landing_x,landing_y,lose_reason,getpoint_player,player_location_area,player_location_x,player_location_y,opponent_location_area,opponent_location_x,opponent_location_y,set,match_id,rally_id
24,1,00:37:51,68134,16,8,16,1,short service,0.0,1,2.0,7,-0.5499999999999999,0.5671354166666666,,,8,179.8,317.4,8,123.5,684.02,2,48,4100
24,2,00:37:51,68141,16,8,20,2,net shot,0.0,1,2.0,2,1.0024390243902437,-0.1938020833333332,,,8,135.3,596.92,8,176.3,314.99,2,48,4100
24,3,00:37:52,68169,16,8,16,2,lob,0.0,1,1.0,9,-0.6926829268292682,1.5736979166666665,,,7,240.6,388.1,8,183.7,626.89,2,48,4100
24,4,00:37:53,68214,16,8,20,2,drop,0.0,0,2.0,2,1.1999999999999995,-0.2363541666666666,,,9,134.6,778.12,8,161.3,310.18,2,48,4100
24,5,00:37:54,68243,16,8,16,2,net shot,0.0,1,2.0,1,1.076829268292683,0.2887500000000003,,,2,256.9,374.92,8,157.2,745.58,2,48,4100
24,6,00:37:55,68278,16,8,20,3,net shot,0.0,0,2.0,7,0.1012195121951221,0.1155208333333333,touched the net,16.0,1,254.5,545.79,7,219.5,379.47,2,48,4100
