rally,ball_round,time,frame_num,roundscore_A,roundscore_B,player,server,type,aroundhead,backhand,landing_height,landing_area,landing_x,landing_y,lose_reason,getpoint_player,player_location_area,player_location_x,player_location_y,opponent_location_area,opponent_location_x,opponent_location_y,set,match_id,rally_id
10,1,00:48:00,86417,7,3,16,1,short service,0.0,1,2.0,8,0.4987804878048781,-0.5367708333333333,,,8,169.8,635.11,8,236.1,279.63,3,48,4117
10,2,00:48:01,86440,7,3,20,2,lob,0.0,0,1.0,3,1.1792682926829268,1.5181770833333337,,,8,233.1,361.61,8,180.9,662.84,3,48,4117
10,3,00:48:02,86481,7,3,16,2,drop,0.0,0,2.0,1,-1.196341463414634,-0.4988541666666665,,,9,249.4,779.51,8,185.0,285.05,3,48,4117
10,4,00:48:03,86507,7,3,20,2,lob,0.0,0,1.0,3,1.202439024390244,1.5972916666666663,,,5,102.4,346.19,8,202.8,741.44,3,48,4117
10,5,00:48:05,86551,7,3,16,2,drive,0.0,0,2.0,6,1.2402439024390242,-0.9503645833333336,,,3,253.7,782.46,8,174.1,292.72,3,48,4117
10,6,00:48:05,86571,7,3,20,2,defensive shot,0.0,1,2.0,1,1.1439024390243904,0.5266666666666667,,,8,234.3,287.32,8,213.1,741.47,3,48,4117
10,7,00:48:06,86599,7,3,16,2,net shot,0.0,0,2.0,2,1.2890243902439025,-0.2046875,,,1,260.1,583.49,8,202.3,292.56,3,48,4117
10,8,00:48:07,86630,7,3,20,2,lob,0.0,1,1.0,9,0.7414634146341464,1.6017708333333331,,,7,250.7,398.78,8,217.5,611.44,3,48,4117
10,9,00:48:09,86687,7,3,16,3,drop,0.0,0,2.0,2,1.4268292682926829,-0.3230208333333332,not pass over the net,16.0,9,234.4,787.21,8,172.6,290.2,3,48,4117
