rally,ball_round,time,frame_num,roundscore_A,roundscore_B,player,server,type,aroundhead,backhand,landing_height,landing_area,landing_x,landing_y,lose_reason,getpoint_player,player_location_area,player_location_x,player_location_y,opponent_location_area,opponent_location_x,opponent_location_y,set,match_id,rally_id
21,1,00:17:00,30612,10,11,16,1,short service,0.0,1,2.0,7,0.3402439024390244,-0.5131770833333332,,,8,169.3,631.01,8,236.2,277.06,1,48,4061
21,2,00:17:01,30634,10,11,20,2,lob,0.0,0,1.0,5,1.257317073170732,1.4803125,,,8,225.4,350.24,8,178.8,658.98,1,48,4061
21,3,00:17:02,30667,10,11,16,2,drive,0.0,0,2.0,6,1.2085365853658538,-0.97703125,,,3,255.0,768.62,8,183.5,287.6,1,48,4061
21,4,00:17:02,30682,10,11,20,2,defensive shot,0.0,1,2.0,2,-1.3121951219512191,0.55921875,,,8,174.8,274.83,9,235.9,760.43,1,48,4061
21,5,00:17:03,30711,10,11,16,2,net shot,0.0,1,2.0,1,-1.0597560975609757,-0.2439583333333332,,,2,95.4,586.52,8,179.9,277.39,1,48,4061
21,6,00:17:04,30741,10,11,20,2,net shot,0.0,0,1.0,7,-0.7329268292682927,0.1813541666666666,,,1,91.0,388.66,7,123.8,577.43,1,48,4061
21,7,00:17:05,30756,10,11,16,3,push/rush,0.0,1,2.0,8,0.3402439024390244,-1.2973958333333333,opponent's ball landed,16.0,7,129.7,558.74,1,96.7,384.31,1,48,4061
