rally,ball_round,time,frame_num,roundscore_A,roundscore_B,player,server,type,aroundhead,backhand,landing_height,landing_area,landing_x,landing_y,lose_reason,getpoint_player,player_location_area,player_location_x,player_location_y,opponent_location_area,opponent_location_x,opponent_location_y,set,match_id,rally_id
20,1,00:36:17,65320,13,7,16,1,short service,0.0,1,2.0,7,0.7878048780487804,0.6303124999999999,,,8,170.7,329.45,8,219.0,686.64,2,48,4096
20,2,00:36:18,65344,13,7,20,2,net shot,0.0,0,2.0,7,0.2109756097560977,-0.3321874999999998,,,8,215.9,610.01,8,166.9,300.27,2,48,4096
20,3,00:36:18,65368,13,7,16,2,lob,0.0,1,1.0,5,1.146341463414634,1.3794791666666668,,,7,166.3,384.05,8,190.5,639.19,2,48,4096
20,4,00:36:20,65402,13,7,20,2,clear,0.0,0,1.0,6,1.130487804878049,-1.1556770833333332,,,8,230.6,748.97,8,176.3,302.7,2,48,4096
20,5,00:36:20,65424,13,7,16,2,smash,0.0,0,2.0,5,1.3841463414634143,1.007395833333333,,,8,224.8,248.09,8,212.8,714.91,2,48,4096
20,6,00:36:21,65440,13,7,20,3,defensive shot,0.0,0,2.0,10,1.6378048780487806,0.4772916666666666,not pass over the net,16.0,8,248.5,668.04,8,207.9,269.43,2,48,4096
