rally,ball_round,time,frame_num,roundscore_A,roundscore_B,player,server,type,aroundhead,backhand,landing_height,landing_area,landing_x,landing_y,lose_reason,getpoint_player,player_location_area,player_location_x,player_location_y,opponent_location_area,opponent_location_x,opponent_location_y,set,match_id,rally_id
11,1,00:48:35,87476,8,3,20,1,short service,0.0,1,2.0,7,-0.3365853658536584,0.5751041666666664,,,8,180.5,322.22,8,135.3,679.13,3,48,4118
11,2,00:48:36,87498,8,3,16,2,net shot,0.0,1,2.0,2,1.074390243902439,-0.2468229166666666,,,7,153.2,586.52,8,175.6,295.22,3,48,4118
11,3,00:48:37,87522,8,3,20,2,lob,0.0,1,1.0,6,-1.079268292682927,1.5096875,,,7,239.8,392.41,8,189.8,608.56,3,48,4118
11,4,00:48:39,87572,8,3,16,2,drop,0.0,0,2.0,8,0.5414634146341464,-0.7550520833333335,,,4,102.5,771.09,8,152.3,285.24,3,48,4118
11,5,00:48:39,87590,8,3,20,2,net shot,0.0,1,2.0,2,-0.8792682926829267,0.3161979166666668,,,8,162.0,307.72,4,89.9,772.04,3,48,4118
11,6,00:48:40,87620,8,3,16,2,net shot,0.0,1,2.0,1,-1.1670731707317072,-0.1085416666666665,,,7,115.6,571.28,8,171.3,305.21,3,48,4118
11,7,00:48:41,87646,8,3,20,2,lob,0.0,0,1.0,4,-1.098780487804878,1.5834895833333331,,,1,92.2,413.99,7,130.2,569.72,3,48,4118
11,8,00:48:43,87706,8,3,16,3,smash,0.0,0,2.0,5,-1.4939024390243902,-1.2194270833333334,opponent's ball landed,16.0,4,93.1,784.76,8,139.7,300.42,3,48,4118
