rally,ball_round,time,frame_num,roundscore_A,roundscore_B,player,server,type,aroundhead,backhand,landing_height,landing_area,landing_x,landing_y,lose_reason,getpoint_player,player_location_area,player_location_x,player_location_y,opponent_location_area,opponent_location_x,opponent_location_y,set,match_id,rally_id
10,1,00:30:35,55073,6,4,16,1,short service,0.0,1,2.0,7,0.5414634146341464,0.5750520833333331,,,8,169.3,327.07,8,220.4,687.86,2,48,4086
10,2,00:30:36,55097,6,4,20,2,lob,0.0,1,1.0,6,1.0963414634146338,-1.3590104166666668,,,8,226.3,598.4,8,184.0,334.12,2,48,4086
10,3,00:30:37,55133,6,4,16,2,clear,0.0,0,1.0,8,-0.823170731707317,1.4111458333333335,,,8,232.9,214.86,8,207.2,660.31,2,48,4086
10,4,00:30:38,55169,6,4,20,2,clear,0.0,0,1.0,3,-1.3719512195121952,-1.4419270833333335,,,8,149.8,733.72,8,171.7,245.73,2,48,4086
10,5,00:30:40,55206,6,4,16,2,drop,0.0,0,2.0,6,-1.352439024390244,0.8106249999999999,,,3,76.9,184.15,8,146.2,700.85,2,48,4086
10,6,00:30:41,55230,6,4,20,2,lob,0.0,1,1.0,4,0.9890243902439028,-1.4038020833333331,,,6,88.7,644.45,8,123.0,243.34,2,48,4086
10,7,00:30:42,55265,6,4,16,2,drop,0.0,1,2.0,1,1.3585365853658533,0.5589583333333336,,,8,244.8,206.22,8,175.8,680.43,2,48,4086
10,8,00:30:43,55293,6,4,20,3,lob,0.0,0,2.0,4,1.5231707317073169,-1.6079687500000002,misjudged,16.0,5,255.3,595.46,8,202.1,261.59,2,48,4086
