rally,ball_round,time,frame_num,roundscore_A,roundscore_B,player,server,type,aroundhead,backhand,landing_height,landing_area,landing_x,landing_y,lose_reason,getpoint_player,player_location_area,player_location_x,player_location_y,opponent_location_area,opponent_location_x,opponent_location_y,set,match_id,rally_id
29,1,01:00:48,109441,16,13,20,1,short service,0.0,1,2.0,2,1.1914634146341463,-0.4455729166666667,,,8,173.0,639.18,8,216.0,292.48,3,48,4136
29,2,01:00:48,109466,16,13,16,2,push/rush,0.0,1,1.0,3,1.4292682926829268,1.5131249999999998,,,7,218.2,398.9,8,178.3,661.56,3,48,4136
29,3,01:00:49,109498,16,13,20,2,drive,0.0,0,1.0,6,1.2756097560975612,-0.95046875,,,9,243.5,769.58,8,187.7,305.12,3,48,4136
29,4,01:00:50,109516,16,13,16,2,defensive shot,0.0,1,2.0,5,1.3914634146341467,0.7673437500000002,,,8,217.8,304.96,8,220.4,747.88,3,48,4136
29,5,01:00:51,109534,16,13,20,2,net shot,0.0,0,2.0,2,1.3670731707317076,-0.423125,,,5,254.4,633.82,8,221.9,309.86,3,48,4136
29,6,01:00:51,109559,16,13,16,2,lob,0.0,1,1.0,4,-0.9768292682926828,1.541770833333333,,,2,267.6,368.21,8,217.2,656.44,3,48,4136
29,7,01:00:53,109598,16,13,20,2,clear,0.0,1,1.0,8,-0.6195121951219512,-1.3092708333333334,,,9,116.6,777.07,8,163.4,305.25,3,48,4136
29,8,01:00:54,109635,16,13,16,3,smash,0.0,0,2.0,6,-1.373170731707317,1.41609375,opponent's ball landed,16.0,8,115.0,215.69,8,174.3,693.79,3,48,4136
