rally,ball_round,time,frame_num,roundscore_A,roundscore_B,player,server,type,aroundhead,backhand,landing_height,landing_area,landing_x,landing_y,lose_reason,getpoint_player,player_location_area,player_location_x,player_location_y,opponent_location_area,opponent_location_x,opponent_location_y,set,match_id,rally_id
3,1,00:10:13,18411,2,1,9,1,long service,0.0,1,1.0,3,-1.0426829268292683,-1.451875,,,8,183.2,609.05,8,134.9,264.9,1,7,541
3,2,00:10:16,18491,2,1,10,2,smash,0.0,0,2.0,6,-1.2963414634146342,1.0483854166666664,,,9,115.2,196.76,8,160.7,658.92,1,7,541
3,3,00:10:16,18508,2,1,9,2,defensive shot,0.0,1,1.0,5,-1.4670731707317073,-1.2315104166666666,,,8,145.2,676.62,8,122.5,204.95,1,7,541
3,4,00:10:17,18537,2,1,10,2,smash,0.0,0,2.0,8,0.0853658536585365,1.0555729166666663,,,5,103.2,220.68,8,128.6,680.82,1,7,541
3,5,00:10:18,18551,2,1,9,2,defensive shot,0.0,0,1.0,7,0.471951219512195,-0.5055208333333333,,,8,146.6,695.51,5,90.3,231.01,1,7,541
3,6,00:10:19,18574,2,1,10,2,net shot,0.0,1,2.0,7,0.7353658536585367,0.5521874999999999,,,8,188.2,316.83,8,164.5,701.42,1,7,541
3,7,00:10:19,18595,2,1,9,3,lob,0.0,0,2.0,7,0.7073170731707317,0.5252083333333335,not pass over the net,9.0,8,218.3,659.62,8,207.8,302.75,1,7,541
