rally,ball_round,time,frame_num,roundscore_A,roundscore_B,player,server,type,aroundhead,backhand,landing_height,landing_area,landing_x,landing_y,lose_reason,getpoint_player,player_location_area,player_location_x,player_location_y,opponent_location_area,opponent_location_x,opponent_location_y,set,match_id,rally_id
3,1,00:34:11,61537,0,3,10,1,short service,0.0,1,2.0,8,-0.4487804878048781,-0.5924479166666666,,,8,192.3,647.11,8,146.6,289.83,2,7,578
3,2,00:34:12,61563,0,3,9,2,lob,0.0,0,1.0,6,-1.1414634146341462,1.2742708333333332,,,8,150.6,313.97,8,183.5,657.68,2,7,578
3,3,00:34:12,61587,0,3,10,2,smash,1.0,0,2.0,5,-1.0695121951219513,-1.0821354166666666,,,8,130.4,703.84,8,163.2,287.6,2,7,578
3,4,00:34:13,61603,0,3,9,2,defensive shot,0.0,0,2.0,2,-1.3304878048780486,0.4964062499999997,,,8,157.5,272.7,8,128.8,723.3,2,7,578
3,5,00:34:14,61627,0,3,10,2,net shot,0.0,1,2.0,1,-1.3707317073170733,-0.4925520833333333,,,8,113.5,662.86,8,160.0,277.7,2,7,578
3,6,00:34:15,61651,0,3,9,3,lob,0.0,0,2.0,10,-1.5414634146341464,1.5840625,out,9.0,8,113.2,318.22,8,143.7,654.16,2,7,578
