rally,ball_round,time,frame_num,roundscore_A,roundscore_B,player,server,type,aroundhead,backhand,landing_height,landing_area,landing_x,landing_y,lose_reason,getpoint_player,player_location_area,player_location_x,player_location_y,opponent_location_area,opponent_location_x,opponent_location_y,set,match_id,rally_id
5,1,00:34:45,62559,0,5,10,1,long service,0.0,1,1.0,9,-0.7975609756097561,-1.5513020833333335,,,8,190.0,633.09,8,140.7,274.97,2,7,580
5,2,00:34:46,62593,0,5,9,2,drop,0.0,0,2.0,2,-1.3097560975609757,0.5055208333333331,,,9,122.9,196.86,8,170.0,669.53,2,7,580
5,3,00:34:47,62616,0,5,10,2,lob,0.0,1,1.0,3,-1.3634146341463411,-1.5836979166666667,,,8,114.0,662.86,8,139.4,239.45,2,7,580
5,4,00:34:48,62650,0,5,9,2,drive,0.0,0,2.0,6,-1.2353658536585366,1.064166666666667,,,9,114.7,202.16,8,136.4,670.6,2,7,580
5,5,00:34:48,62665,0,5,10,2,defensive shot,0.0,1,2.0,5,-1.1609756097560977,-0.7894791666666666,,,8,140.5,680.97,8,111.0,207.49,2,7,580
5,6,00:34:49,62689,0,5,9,3,lob,0.0,0,2.0,10,1.6548780487804875,1.6529166666666668,out,9.0,8,127.1,296.87,8,135.5,673.56,2,7,580
