rally,ball_round,time,frame_num,roundscore_A,roundscore_B,player,server,type,aroundhead,backhand,landing_height,landing_area,landing_x,landing_y,lose_reason,getpoint_player,player_location_area,player_location_x,player_location_y,opponent_location_area,opponent_location_x,opponent_location_y,set,match_id,rally_id
14,1,00:38:57,70133,1,13,10,1,long service,0.0,1,1.0,3,-1.198780487804878,-1.5535416666666666,,,8,191.0,634.67,8,143.9,277.49,2,7,589
14,2,00:38:58,70164,1,13,9,2,smash,0.0,0,2.0,5,1.0378048780487807,0.9423958333333337,,,9,116.2,188.6,8,162.3,673.88,2,7,589
14,3,00:38:59,70182,1,13,10,2,defensive shot,0.0,0,2.0,2,1.1280487804878048,-0.4330208333333332,,,8,182.4,669.68,9,109.1,171.94,2,7,589
14,4,00:39:00,70213,1,13,9,2,lob,0.0,1,1.0,3,1.0097560975609758,1.5971874999999998,,,8,238.5,350.0,8,216.8,644.32,2,7,589
14,5,00:39:01,70253,1,13,10,2,drop,0.0,0,2.0,5,-0.9170731707317074,-0.8627604166666666,,,9,210.0,770.54,8,206.9,288.17,2,7,589
14,6,00:39:02,70282,1,13,9,2,net shot,0.0,0,2.0,2,-1.4585365853658536,0.4867187500000002,,,8,162.4,267.76,8,185.2,691.67,2,7,589
14,7,00:39:03,70312,1,13,10,2,lob,0.0,1,1.0,4,1.1073170731707318,-1.5696875,,,6,101.6,619.32,8,159.7,247.45,2,7,589
14,8,00:39:05,70350,1,13,9,3,smash,1.0,0,2.0,10,-1.625609756097561,1.1157291666666669,out,9.0,4,255.1,182.19,8,172.3,651.46,2,7,589
