rally,ball_round,time,frame_num,roundscore_A,roundscore_B,player,server,type,aroundhead,backhand,landing_height,landing_area,landing_x,landing_y,lose_reason,getpoint_player,player_location_area,player_location_x,player_location_y,opponent_location_area,opponent_location_x,opponent_location_y,set,match_id,rally_id
19,1,00:18:29,33272,10,9,9,1,short service,0.0,1,2.0,8,0.3865853658536584,-0.5408854166666668,,,8,168.2,607.24,8,230.8,271.16,1,7,557
19,2,00:18:30,33300,10,9,10,2,lob,0.0,1,1.0,9,-0.8451219512195122,1.5410416666666666,,,8,208.7,321.81,8,172.2,629.72,1,7,557
19,3,00:18:31,33337,10,9,9,2,clear,1.0,0,1.0,3,-1.2999999999999998,-1.5980208333333332,,,8,109.2,753.84,8,163.6,260.23,1,7,557
19,4,00:18:32,33378,10,9,10,2,drop,0.0,0,2.0,2,-0.9317073170731708,0.4072916666666669,,,3,97.0,180.1,8,152.1,686.93,1,7,557
19,5,00:18:33,33396,10,9,9,2,net shot,0.0,1,2.0,8,-0.1658536585365853,-0.54390625,,,8,127.2,640.12,9,121.5,191.4,1,7,557
19,6,00:18:33,33418,10,9,10,2,net shot,0.0,0,2.0,7,0.7317073170731707,0.5253645833333334,,,8,188.4,290.37,8,167.6,666.52,1,7,557
19,7,00:18:34,33440,10,9,9,2,net shot,0.0,0,2.0,2,1.1097560975609757,-0.2985416666666666,,,8,206.5,622.22,8,179.2,280.42,1,7,557
19,8,00:18:35,33469,10,9,10,2,lob,0.0,1,1.0,4,-0.973170731707317,1.5202083333333334,,,7,236.0,370.22,8,200.9,628.5,1,7,557
19,9,00:18:36,33506,10,9,9,3,smash,1.0,0,2.0,5,-1.301219512195122,-1.3128645833333332,opponent's ball landed,9.0,4,100.6,766.67,7,219.4,376.65,1,7,557
