rally,ball_round,time,frame_num,roundscore_A,roundscore_B,player,server,type,aroundhead,backhand,landing_height,landing_area,landing_x,landing_y,lose_reason,getpoint_player,player_location_area,player_location_x,player_location_y,opponent_location_area,opponent_location_x,opponent_location_y,set,match_id,rally_id
30,1,00:25:33,46012,16,14,9,1,long service,0.0,1,1.0,9,0.5670731707317073,-1.4143229166666669,,,8,168.3,623.34,8,233.6,281.13,1,7,568
30,2,00:25:34,46042,16,14,10,2,smash,0.0,0,2.0,5,1.246341463414634,1.046145833333333,,,9,229.6,184.61,8,180.1,637.66,1,7,568
30,3,00:25:35,46055,16,14,9,2,defensive shot,0.0,0,2.0,6,1.0195121951219517,-0.5373958333333334,,,8,184.8,669.71,9,213.4,176.1,1,7,568
30,4,00:25:36,46082,16,14,10,3,push/rush,0.0,1,2.0,10,-1.5914634146341464,1.668697916666667,out,9.0,8,229.7,286.01,8,231.6,653.71,1,7,568
