rally,ball_round,time,frame_num,player,pos,type,lose_reason,getpoint_player,ball,top,bottom
30,2,00:25:13,45409,10,bottom,lob,misjudged,10.0,"[906, 445]","[[935.4689331054688, 370.5597839355469], [938.311767578125, 364.8026428222656], [932.6260986328125, 366.2419128417969], [943.9974975585938, 367.68121337890625], [926.9403686523438, 367.68121337890625], [955.368896484375, 384.95269775390625], [921.254638671875, 380.6348571777344], [966.7404174804688, 407.98138427734375], [915.5689697265625, 397.9063415527344], [972.4260864257812, 435.32794189453125], [907.0404052734375, 418.0564270019531], [956.7904052734375, 423.8135986328125], [938.311767578125, 422.3742980957031], [958.2118530273438, 462.6744689941406], [924.0975341796875, 449.7208557128906], [963.8975219726562, 502.9747009277344], [922.6760864257812, 487.1424560546875], [943.2868041992188, 495.05857849121094]]","[[844.1002197265625, 566.0099487304688], [846.9757690429688, 563.1362915039062], [844.1002197265625, 563.1362915039062], [844.1002197265625, 570.3204956054688], [864.228759765625, 564.5731201171875], [844.1002197265625, 596.18359375], [885.795166015625, 580.3783569335938], [818.2205810546875, 624.9203491210938], [897.2971801757812, 566.0099487304688], [795.2164306640625, 626.3572387695312], [904.4859619140625, 550.2047119140625], [859.91552734375, 659.404541015625], [895.8594970703125, 655.093994140625], [828.2848510742188, 708.257080078125], [907.3615112304688, 680.9570922851562], [790.9031982421875, 764.2938232421875], [904.4859619140625, 729.8096923828125], [847.694580078125, 747.0517578125]]"
