rally,ball_round,time,frame_num,player,pos,type,lose_reason,getpoint_player,ball,top,bottom
21,2,00:21:23,38501,24,top,lob,misjudged,10.0,"[808, 429]","[[846.2544555664062, 407.51910400390625], [849.103515625, 404.6447448730469], [843.4052734375, 404.6447448730469], [856.2264404296875, 407.51910400390625], [839.1314697265625, 407.51910400390625], [864.77392578125, 430.513671875], [832.0086669921875, 429.0765686035156], [881.8687744140625, 442.010986328125], [814.9137573242188, 433.3880310058594], [877.5950927734375, 442.010986328125], [817.7628173828125, 431.9508361816406], [854.8018188476562, 479.3772888183594], [836.2823486328125, 479.3772888183594], [846.2544555664062, 503.80908203125], [827.7349243164062, 521.0550537109375], [840.55615234375, 546.9240112304688], [854.8018188476562, 513.8692626953125], [847.6789855957031, 530.3966369628906]]","[[933.4977416992188, 587.4627075195312], [936.3529052734375, 639.1163940429688], [934.9253540039062, 583.1582641601562], [934.9253540039062, 586.0278930664062], [956.338623046875, 583.1582641601562], [934.9253540039062, 616.1591796875], [979.1795043945312, 606.115478515625], [940.6355590820312, 650.594970703125], [1003.4478759765625, 640.5512084960938], [934.9253540039062, 679.2914428710938], [1007.7305297851562, 659.203857421875], [967.7590942382812, 685.0307006835938], [999.1652221679688, 679.2914428710938], [930.6427001953125, 733.8147583007812], [994.882568359375, 705.1182250976562], [924.9324340820312, 801.25146484375], [1014.8683471679688, 753.9022827148438], [969.900390625, 777.5768737792969]]"
