rally,ball_round,time,frame_num,roundscore_A,roundscore_B,player,server,type,aroundhead,backhand,landing_height,landing_area,landing_x,landing_y,lose_reason,getpoint_player,player_location_area,player_location_x,player_location_y,opponent_location_area,opponent_location_x,opponent_location_y,set,match_id,rally_id
26,1,00:41:25,74563,19,7,10,1,short service,0.0,1,2.0,7,-0.0414634146341464,0.5946354166666664,,,8,185.5,326.67,8,127.1,672.56,2,22,1834
26,2,00:41:26,74588,19,7,17,2,lob,0.0,1,2.0,3,-1.1073170731707316,-1.45984375,,,7,142.9,591.12,8,173.0,313.99,2,22,1834
26,3,00:41:27,74622,19,7,10,2,drop,0.0,0,2.0,1,1.326829268292683,0.5840104166666666,,,3,92.5,190.59,8,139.1,659.91,2,22,1834
26,4,00:41:28,74647,19,7,17,2,net shot,0.0,1,2.0,2,1.2890243902439025,-0.41234375,,,5,260.7,607.78,8,157.7,248.56,2,22,1834
26,5,00:41:29,74675,19,7,10,2,lob,0.0,1,1.0,5,1.3658536585365857,1.3986979166666664,,,2,257.7,404.06,8,212.1,626.84,2,22,1834
26,6,00:41:30,74706,19,7,17,2,drop,0.0,1,1.0,7,0.7634146341463414,-0.4769791666666665,,,5,269.2,754.46,8,195.4,329.97,2,22,1834
26,7,00:41:30,74718,19,7,10,3,push/rush,0.0,1,2.0,7,0.6731707317073169,-0.0273958333333332,touched the net,10.0,7,198.4,383.07,8,225.4,714.6,2,22,1834
