rally,ball_round,time,frame_num,roundscore_A,roundscore_B,player,server,type,aroundhead,backhand,landing_height,landing_area,landing_x,landing_y,lose_reason,getpoint_player,player_location_area,player_location_x,player_location_y,opponent_location_area,opponent_location_x,opponent_location_y,set,match_id,rally_id
16,1,00:17:55,32275,13,3,10,1,short service,0.0,1,2.0,8,-0.5439024390243902,-0.5966145833333334,,,8,183.3,616.38,8,122.6,271.05,1,22,1801
16,2,00:17:56,32298,13,3,17,2,lob,0.0,1,1.0,5,1.1024390243902435,1.2666145833333335,,,8,148.3,361.7,8,181.3,618.34,1,22,1801
16,3,00:17:57,32332,13,3,10,2,smash,0.0,0,2.0,6,0.926829268292683,-0.9693229166666668,,,8,236.4,752.36,8,214.6,276.69,1,22,1801
16,4,00:17:58,32342,13,3,17,2,defensive shot,0.0,0,2.0,7,0.3902439024390244,0.3819270833333335,,,8,230.2,270.51,3,267.6,772.99,1,22,1801
16,5,00:17:58,32368,13,3,10,3,net shot,0.0,1,2.0,7,0.4902439024390242,-0.3042708333333334,opponent's ball landed,10.0,7,201.1,573.23,8,212.1,273.35,1,22,1801
