rally,ball_round,time,frame_num,roundscore_A,roundscore_B,player,server,type,aroundhead,backhand,landing_height,landing_area,landing_x,landing_y,lose_reason,getpoint_player,player_location_area,player_location_x,player_location_y,opponent_location_area,opponent_location_x,opponent_location_y,set,match_id,rally_id
35,1,00:24:07,43415,15,20,16,1,short service,0.0,1,2.0,7,0.4475609756097559,-0.5133333333333333,,,8,169.8,631.01,8,237.0,277.05,1,48,4075
35,2,00:24:08,43442,15,20,20,2,net shot,0.0,0,2.0,7,0.5902439024390245,0.2261979166666667,,,7,227.1,375.04,8,184.5,664.13,1,48,4075
35,3,00:24:08,43465,15,20,16,2,net shot,0.0,0,2.0,7,0.0182926829268292,-0.1098958333333334,,,7,213.9,542.55,8,195.4,319.74,1,48,4075
35,4,00:24:09,43491,15,20,20,2,lob,0.0,0,1.0,9,0.7426829268292684,1.5600520833333331,,,7,181.6,421.91,7,178.9,593.97,1,48,4075
35,5,00:24:11,43535,15,20,16,2,smash,0.0,0,2.0,6,1.1268292682926826,-0.9104166666666668,,,9,209.0,786.16,8,178.4,310.09,1,48,4075
35,6,00:24:11,43551,15,20,20,3,defensive shot,0.0,1,2.0,2,-1.3829268292682928,0.5026041666666666,opponent's ball landed,16.0,8,194.9,302.6,9,210.3,776.43,1,48,4075
