rally,ball_round,time,frame_num,roundscore_A,roundscore_B,player,server,type,aroundhead,backhand,landing_height,landing_area,landing_x,landing_y,lose_reason,getpoint_player,player_location_area,player_location_x,player_location_y,opponent_location_area,opponent_location_x,opponent_location_y,set,match_id,rally_id
34,1,00:23:11,41758,15,19,20,1,short service,0.0,1,2.0,7,-0.4707317073170731,0.6067708333333334,,,8,182.0,317.39,8,131.3,679.12,1,48,4074
34,2,00:23:12,41787,15,19,16,2,net shot,0.0,1,2.0,2,1.1121951219512194,-0.2361979166666667,,,7,154.3,585.01,8,177.0,307.64,1,48,4074
34,3,00:23:13,41811,15,19,20,2,lob,0.0,1,1.0,8,-0.8097560975609757,1.4223958333333335,,,7,248.2,396.66,8,192.4,617.11,1,48,4074
34,4,00:23:14,41844,15,19,16,2,smash,0.0,0,2.0,8,0.7012195121951219,-0.9757291666666664,,,8,160.1,726.04,8,177.7,310.09,1,48,4074
34,5,00:23:15,41861,15,19,20,2,defensive shot,0.0,1,2.0,2,-1.198780487804878,0.3338020833333335,,,8,150.2,290.33,9,133.6,768.2,1,48,4074
34,6,00:23:16,41897,15,19,16,2,net shot,0.0,1,2.0,1,-1.3548780487804877,-0.0880208333333332,,,2,87.6,561.92,8,163.4,305.25,1,48,4074
34,7,00:23:17,41926,15,19,20,2,lob,0.0,0,1.0,8,-0.7414634146341463,1.4885416666666664,,,1,80.3,420.19,7,136.2,577.42,1,48,4074
34,8,00:23:19,41988,15,19,16,3,smash,0.0,0,2.0,5,-1.35,-1.05171875,opponent's ball landed,16.0,9,116.0,775.1,8,152.1,274.97,1,48,4074
