rally,ball_round,time,frame_num,roundscore_A,roundscore_B,player,server,type,aroundhead,backhand,landing_height,landing_area,landing_x,landing_y,lose_reason,getpoint_player,player_location_area,player_location_x,player_location_y,opponent_location_area,opponent_location_x,opponent_location_y,set,match_id,rally_id
27,1,00:19:30,35101,13,14,20,1,short service,0.0,1,2.0,7,-0.852439024390244,0.5989062500000001,,,8,182.7,322.21,8,129.4,681.58,1,48,4067
27,2,00:19:30,35123,13,14,16,2,push/rush,0.0,1,1.0,9,0.5792682926829268,-1.3723958333333333,,,7,128.2,575.89,8,177.0,302.7,1,48,4067
27,3,00:19:31,35155,13,14,20,2,smash,0.0,0,2.0,5,1.2158536585365851,1.1947395833333332,,,8,190.8,206.61,8,198.3,667.97,1,48,4067
27,4,00:19:32,35169,13,14,16,2,defensive shot,0.0,0,1.0,6,1.3378048780487803,-0.85875,,,8,224.2,702.2,8,204.2,231.85,1,48,4067
27,5,00:19:33,35193,13,14,20,3,push/rush,0.0,0,2.0,8,0.319512195121951,1.2851041666666667,opponent's ball landed,16.0,8,220.9,319.61,8,251.6,710.41,1,48,4067
