rally,ball_round,time,frame_num,roundscore_A,roundscore_B,player,server,type,aroundhead,backhand,landing_height,landing_area,landing_x,landing_y,lose_reason,getpoint_player,player_location_area,player_location_x,player_location_y,opponent_location_area,opponent_location_x,opponent_location_y,set,match_id,rally_id
21,1,00:36:36,65909,14,7,16,1,short service,0.0,1,2.0,7,-0.5573170731707315,0.5591666666666667,,,8,184.8,324.6,8,120.6,685.24,2,48,4097
21,2,00:36:37,65932,14,7,20,2,lob,0.0,0,1.0,9,-0.7890243902439025,-1.5682291666666668,,,8,121.2,599.85,8,167.8,319.88,2,48,4097
21,3,00:36:39,65973,14,7,16,2,drop,0.0,0,2.0,1,1.0365853658536586,0.6146354166666667,,,9,116.3,156.69,8,166.1,671.7,2,48,4097
21,4,00:36:39,65998,14,7,20,2,net shot,0.0,0,2.0,2,1.2134146341463414,-0.3446875,,,8,238.1,604.25,9,153.0,201.13,2,48,4097
21,5,00:36:40,66024,14,7,16,2,lob,0.0,1,1.0,8,-0.7158536585365854,1.4392187500000002,,,2,252.2,374.94,8,214.5,633.79,2,48,4097
21,6,00:36:42,66062,14,7,20,3,clear,0.0,0,2.0,10,-1.673170731707317,-1.5180729166666669,out,16.0,8,170.2,737.04,8,187.6,319.78,2,48,4097
