rally,ball_round,time,frame_num,roundscore_A,roundscore_B,player,server,type,aroundhead,backhand,landing_height,landing_area,landing_x,landing_y,lose_reason,getpoint_player,player_location_area,player_location_x,player_location_y,opponent_location_area,opponent_location_x,opponent_location_y,set,match_id,rally_id
12,1,00:49:02,88273,8,4,16,1,short service,0.0,1,2.0,7,-0.6304878048780488,-0.5230729166666667,,,8,179.9,632.39,8,135.2,272.47,3,48,4119
12,2,00:49:03,88298,8,4,20,2,push/rush,0.0,0,1.0,5,1.052439024390244,1.1123958333333337,,,8,139.8,350.63,8,181.5,641.87,3,48,4119
12,3,00:49:04,88320,8,4,16,2,smash,0.0,0,2.0,6,1.302439024390244,-0.9505208333333334,,,8,199.7,693.84,8,162.1,312.62,3,48,4119
12,4,00:49:04,88332,8,4,20,2,defensive shot,0.0,1,2.0,1,1.1182926829268292,0.5509374999999999,,,8,177.7,292.7,5,253.6,732.91,3,48,4119
12,5,00:49:05,88359,8,4,16,3,lob,0.0,0,2.0,10,-1.0158536585365854,-1.6797916666666666,out,16.0,7,244.1,588.02,8,207.2,300.05,3,48,4119
