rally,ball_round,time,frame_num,roundscore_A,roundscore_B,player,server,type,aroundhead,backhand,landing_height,landing_area,landing_x,landing_y,lose_reason,getpoint_player,player_location_area,player_location_x,player_location_y,opponent_location_area,opponent_location_x,opponent_location_y,set,match_id,rally_id
32,1,00:22:26,40383,14,18,16,1,short service,0.0,1,2.0,7,-0.8353658536585366,-0.51109375,,,8,180.4,632.39,8,135.8,267.25,1,48,4072
32,2,00:22:26,40406,14,18,20,2,lob,0.0,0,1.0,6,-1.1097560975609757,1.438697916666667,,,8,129.3,364.3,8,176.2,628.27,1,48,4072
32,3,00:22:28,40443,14,18,16,2,smash,0.0,0,2.0,5,-1.1292682926829267,-0.9711979166666668,,,8,106.9,748.59,8,137.9,287.86,1,48,4072
32,4,00:22:28,40456,14,18,20,2,defensive shot,0.0,0,2.0,2,-1.2317073170731707,0.5270312500000003,,,8,120.4,285.42,4,99.0,772.07,1,48,4072
32,5,00:22:29,40487,14,18,16,2,net shot,0.0,1,2.0,1,-1.181707317073171,-0.4190104166666666,,,2,103.6,585.01,8,139.3,287.85,1,48,4072
32,6,00:22:30,40512,14,18,20,3,push/rush,0.0,0,2.0,3,1.5390243902439025,1.5717187499999998,opponent's ball landed,16.0,1,101.7,368.89,8,136.3,618.49,1,48,4072
