rally,ball_round,time,frame_num,roundscore_A,roundscore_B,player,server,type,aroundhead,backhand,landing_height,landing_area,landing_x,landing_y,lose_reason,getpoint_player,player_location_area,player_location_x,player_location_y,opponent_location_area,opponent_location_x,opponent_location_y,set,match_id,rally_id
19,1,00:32:58,59345,8,11,3,1,short service,0.0,1,2.0,5,1.0085365853658534,0.7185937500000001,,,8,171.6,289.73,8,223.4,653.67,2,2,126
19,2,00:32:59,59370,8,11,2,2,lob,0.0,0,1.0,9,0.8756097560975611,-1.54796875,,,8,226.1,604.67,8,175.9,274.95,2,2,126
19,3,00:33:00,59405,8,11,3,2,smash,0.0,0,2.0,8,0.2231707317073172,0.7830208333333335,,,9,233.2,186.36,8,192.5,648.77,2,2,126
19,4,00:33:00,59426,8,11,2,2,net shot,0.0,1,2.0,7,0.8378048780487803,-0.2692708333333333,,,8,206.8,658.07,9,243.7,200.11,2,2,126
19,5,00:33:01,59456,8,11,3,2,net shot,0.0,0,2.0,7,0.6939024390243903,0.1074999999999999,,,8,217.2,358.33,8,198.4,639.55,2,2,126
19,6,00:33:02,59481,8,11,2,3,lob,0.0,0,2.0,10,-1.5658536585365854,-1.3699479166666666,out,2.0,7,216.8,560.67,8,201.9,358.2,2,2,126
