rally,ball_round,time,frame_num,roundscore_A,roundscore_B,player,server,type,aroundhead,backhand,landing_height,landing_area,landing_x,landing_y,lose_reason,getpoint_player,player_location_area,player_location_x,player_location_y,opponent_location_area,opponent_location_x,opponent_location_y,set,match_id,rally_id
28,1,00:17:34,31638,15,13,2,1,long service,0.0,0,,3,1.170731707317073,1.6246875000000005,,,8,162.0,313.8,8,223.3,683.52,1,2,98
28,2,00:17:36,31696,15,13,3,2,smash,1.0,0,2.0,6,1.1646341463414631,-1.1013020833333331,,,3,284.5,765.06,8,203.3,302.15,1,2,98
28,3,00:17:37,31711,15,13,2,2,defensive shot,0.0,1,1.0,8,0.8365853658536585,0.9891145833333332,,,8,206.5,260.12,5,269.1,726.39,1,2,98
28,4,00:17:37,31730,15,13,3,2,smash,1.0,0,2.0,8,0.2963414634146343,-1.1711979166666666,,,8,231.2,664.34,8,206.6,287.57,1,2,98
28,5,00:17:38,31742,15,13,2,2,defensive shot,0.0,1,1.0,7,-0.3963414634146341,0.5382812500000002,,,8,190.9,265.05,8,213.3,631.86,1,2,98
28,6,00:17:38,31756,15,13,3,3,push/rush,0.0,0,2.0,7,-0.2731707317073171,-0.0804687499999999,touched the net,2.0,7,174.4,590.96,8,167.7,236.69,1,2,98
