rally,ball_round,time,frame_num,roundscore_A,roundscore_B,player,server,type,aroundhead,backhand,landing_height,landing_area,landing_x,landing_y,lose_reason,getpoint_player,player_location_area,player_location_x,player_location_y,opponent_location_area,opponent_location_x,opponent_location_y,set,match_id,rally_id
29,1,00:37:43,67897,11,18,2,1,long service,0.0,0,1.0,9,0.651219512195122,-1.5486979166666668,,,8,166.5,625.08,8,217.8,260.21,2,2,136
29,2,00:37:45,67956,11,18,3,2,smash,0.0,0,2.0,5,1.0817073170731706,0.92625,,,9,218.1,191.73,8,187.2,642.55,2,2,136
29,3,00:37:45,67970,11,18,2,2,defensive shot,0.0,0,2.0,8,0.9182926829268294,-0.5763020833333332,,,8,190.9,660.94,8,218.7,244.87,2,2,136
29,4,00:37:46,67998,11,18,3,2,net shot,0.0,0,2.0,7,0.024390243902439,0.3001041666666666,,,8,218.9,311.89,8,185.1,653.29,2,2,136
29,5,00:37:47,68023,11,18,2,2,net shot,0.0,0,2.0,1,-0.9926829268292684,-0.25421875,,,7,182.5,589.36,8,187.9,330.52,2,2,136
29,6,00:37:48,68051,11,18,3,2,net shot,0.0,1,2.0,2,-1.2280487804878049,0.1398958333333334,,,7,141.3,390.89,7,153.1,589.08,2,2,136
29,7,00:37:49,68080,11,18,2,2,net shot,0.0,1,1.0,1,-1.0865853658536584,-0.1362500000000001,,,7,104.5,536.63,8,129.0,343.92,2,2,136
29,8,00:37:49,68098,11,18,3,3,push/rush,0.0,1,2.0,8,0.5841463414634147,0.9801562500000004,opponent's ball landed,2.0,7,127.2,403.68,7,116.4,559.73,2,2,136
