rally,ball_round,time,frame_num,roundscore_A,roundscore_B,player,server,type,aroundhead,backhand,landing_height,landing_area,landing_x,landing_y,lose_reason,getpoint_player,player_location_area,player_location_x,player_location_y,opponent_location_area,opponent_location_x,opponent_location_y,set,match_id,rally_id
5,1,00:25:41,46259,4,1,2,1,long service,0.0,0,1.0,9,0.5634146341463413,-1.5489583333333332,,,8,162.9,607.34,8,219.2,275.3,2,2,112
5,2,00:25:43,46315,4,1,3,2,clear,0.0,0,1.0,5,1.2390243902439029,1.3370833333333334,,,9,217.0,152.59,8,179.3,654.76,2,2,112
5,3,00:25:44,46343,4,1,2,2,clear,0.0,0,1.0,4,1.09390243902439,-1.4891666666666663,,,8,248.5,682.31,8,211.2,242.23,2,2,112
5,4,00:25:46,46396,4,1,3,2,drop,0.0,0,2.0,7,0.90609756097561,0.6055729166666666,,,9,241.1,183.66,8,216.2,652.07,2,2,112
5,5,00:25:46,46402,4,1,2,2,net shot,0.0,0,2.0,7,0.8195121951219511,-0.2256770833333332,,,8,219.1,619.2,8,217.8,231.87,2,2,112
5,6,00:25:47,46431,4,1,3,2,lob,0.0,0,1.0,9,0.3926829268292681,1.6990625,,,7,223.2,376.26,8,212.6,602.9,2,2,112
5,7,00:25:49,46474,4,1,2,2,clear,0.0,0,1.0,9,0.823170731707317,-1.4900520833333335,,,9,184.7,784.32,8,187.0,289.86,2,2,112
5,8,00:25:50,46509,4,1,3,3,smash,0.0,0,2.0,7,-0.3963414634146341,0.0428125000000001,touched the net,2.0,9,229.8,189.08,8,179.8,668.33,2,2,112
