rally,ball_round,time,frame_num,roundscore_A,roundscore_B,player,server,type,aroundhead,backhand,landing_height,landing_area,landing_x,landing_y,lose_reason,getpoint_player,player_location_area,player_location_x,player_location_y,opponent_location_area,opponent_location_x,opponent_location_y,set,match_id,rally_id
20,1,00:40:25,72757,14,6,18,1,short service,0.0,1,2.0,7,-0.8439024390243903,0.5360416666666664,,,8,177.4,328.13,8,129.5,681.24,2,18,1484
20,2,00:40:25,72778,14,6,15,2,push/rush,0.0,0,1.0,3,-1.119512195121951,-1.4083333333333332,,,8,132.0,610.09,8,169.8,344.14,2,18,1484
20,3,00:40:27,72810,14,6,18,2,drop,0.0,0,2.0,7,-0.8475609756097561,0.6580729166666668,,,8,105.8,229.04,8,155.1,689.19,2,18,1484
20,4,00:40:28,72840,14,6,15,2,push/rush,0.0,0,1.0,5,-1.0719512195121952,-1.1983854166666668,,,8,134.8,627.69,8,151.5,262.73,2,18,1484
20,5,00:40:28,72863,14,6,18,2,clear,0.0,0,1.0,5,1.0256097560975612,1.4109895833333332,,,8,125.9,255.07,8,141.0,668.06,2,18,1484
20,6,00:40:30,72901,14,6,15,3,smash,1.0,0,2.0,1,1.3560975609756096,0.1701562500000001,touched the net,18.0,8,220.5,740.01,8,149.0,287.62,2,18,1484
