rally,ball_round,time,frame_num,roundscore_A,roundscore_B,player,server,type,aroundhead,backhand,landing_height,landing_area,landing_x,landing_y,lose_reason,getpoint_player,player_location_area,player_location_x,player_location_y,opponent_location_area,opponent_location_x,opponent_location_y,set,match_id,rally_id
30,1,00:46:45,84154,20,10,15,1,short service,0.0,0,2.0,7,-0.4512195121951219,-0.4453125,,,8,183.6,670.99,8,131.5,272.76,2,18,1494
30,2,00:46:46,84180,20,10,18,2,lob,0.0,0,1.0,6,-0.9939024390243902,1.4417708333333337,,,8,153.7,361.97,8,158.4,670.84,2,18,1494
30,3,00:46:46,84209,20,10,15,2,drive,0.0,0,2.0,5,-1.4280487804878048,-0.9477604166666668,,,9,111.7,776.47,8,139.8,318.74,2,18,1494
30,4,00:46:47,84225,20,10,18,2,defensive shot,0.0,0,2.0,2,-0.8792682926829267,0.5771875000000003,,,5,87.1,297.24,8,122.4,745.17,2,18,1494
30,5,00:46:48,84255,20,10,15,2,lob,0.0,0,1.0,5,-1.0158536585365854,-1.25328125,,,8,121.0,623.27,8,136.7,280.22,2,18,1494
30,6,00:46:49,84281,20,10,18,2,drop,0.0,0,2.0,8,0.8426829268292683,0.7013541666666665,,,8,118.9,242.17,8,136.4,670.71,2,18,1494
30,7,00:46:50,84302,20,10,15,2,net shot,0.0,1,2.0,7,0.2182926829268293,-0.2915104166666668,,,8,225.8,657.71,5,99.9,229.03,2,18,1494
30,8,00:46:51,84333,20,10,18,3,lob,0.0,1,2.0,4,-1.4646341463414634,1.5468229166666667,misjudged,18.0,7,169.4,394.33,8,183.1,670.99,2,18,1494
