rally,ball_round,time,frame_num,roundscore_A,roundscore_B,player,server,type,aroundhead,backhand,landing_height,landing_area,landing_x,landing_y,lose_reason,getpoint_player,player_location_area,player_location_x,player_location_y,opponent_location_area,opponent_location_x,opponent_location_y,set,match_id,rally_id
4,1,00:07:08,12845,4,0,18,1,short service,0.0,1,2.0,7,0.6695121951219513,-0.2695833333333333,,,8,172.6,650.52,8,223.7,290.18,1,18,1432
4,2,00:07:08,12867,4,0,15,2,net shot,0.0,0,2.0,7,0.2658536585365855,0.2875000000000002,,,8,209.2,359.9,8,181.6,658.82,1,18,1432
4,3,00:07:09,12891,4,0,18,2,net shot,0.0,0,2.0,7,0.0951219512195123,-0.0242187499999998,,,7,183.9,568.69,8,196.5,348.71,1,18,1432
4,4,00:07:10,12917,4,0,15,2,lob,0.0,0,1.0,4,-0.8914634146341462,1.519375,,,7,162.4,421.13,7,183.3,576.63,1,18,1432
4,5,00:07:11,12951,4,0,18,2,clear,1.0,0,1.0,3,-1.174390243902439,-1.4083333333333332,,,8,153.2,720.48,8,157.4,330.4,1,18,1432
4,6,00:07:12,12983,4,0,15,2,smash,0.0,0,2.0,6,-0.9634146341463414,1.1754687500000005,,,8,107.0,204.85,8,171.2,712.01,1,18,1432
4,7,00:07:13,12996,4,0,18,3,defensive shot,0.0,1,2.0,6,1.4719512195121949,-0.5452604166666667,opponent's ball landed,18.0,8,181.3,710.84,5,98.5,215.69,1,18,1432
