rally,ball_round,time,frame_num,roundscore_A,roundscore_B,player,server,type,aroundhead,backhand,landing_height,landing_area,landing_x,landing_y,lose_reason,getpoint_player,player_location_area,player_location_x,player_location_y,opponent_location_area,opponent_location_x,opponent_location_y,set,match_id,rally_id
32,1,00:22:24,40342,18,14,15,1,short service,0.0,0,2.0,7,-0.3317073170731706,0.4185416666666667,,,8,198.7,295.0,8,132.2,685.17,1,18,1460
32,2,00:22:25,40366,18,14,18,2,lob,0.0,0,1.0,3,-0.9939024390243902,-1.4371354166666668,,,7,134.1,590.42,8,177.4,306.99,1,18,1460
32,3,00:22:27,40410,18,14,15,2,smash,0.0,0,2.0,6,-1.2695121951219512,0.9815625000000002,,,9,124.4,185.5,8,176.3,666.93,1,18,1460
32,4,00:22:27,40426,18,14,18,2,defensive shot,0.0,1,2.0,1,-1.0963414634146342,-0.2191666666666666,,,8,178.9,674.95,8,129.3,223.75,1,18,1460
32,5,00:22:28,40454,18,14,15,2,push/rush,0.0,1,1.0,6,-1.1524390243902438,1.3429166666666668,,,5,100.5,364.05,8,162.6,665.5,1,18,1460
32,6,00:22:29,40476,18,14,18,2,smash,1.0,0,2.0,8,0.9109756097560974,-1.0369270833333333,,,8,139.8,694.23,8,131.0,325.72,1,18,1460
32,7,00:22:29,40496,18,14,15,2,defensive shot,0.0,0,2.0,3,1.4646341463414636,1.5263020833333332,,,8,211.2,277.85,8,134.3,749.86,1,18,1460
32,8,00:22:30,40523,18,14,18,2,drop,0.0,0,1.0,7,0.8646341463414635,-0.0528645833333332,,,3,272.3,759.89,8,236.0,285.3,1,18,1460
32,9,00:22:31,40547,18,14,15,3,push/rush,0.0,0,2.0,6,-0.9085365853658536,1.4898437499999997,opponent's ball landed,18.0,7,223.8,366.54,8,243.0,719.84,1,18,1460
