rally,ball_round,time,frame_num,roundscore_A,roundscore_B,player,server,type,aroundhead,backhand,landing_height,landing_area,landing_x,landing_y,lose_reason,getpoint_player,player_location_area,player_location_x,player_location_y,opponent_location_area,opponent_location_x,opponent_location_y,set,match_id,rally_id
29,1,00:20:31,36957,17,12,15,1,short service,0.0,0,2.0,7,-0.2878048780487804,0.4529687500000001,,,8,193.0,299.83,8,128.3,678.61,1,18,1457
29,2,00:20:32,36984,17,12,18,2,lob,0.0,0,1.0,4,0.945121951219512,-1.48046875,,,8,128.9,602.58,8,163.5,318.79,1,18,1457
29,3,00:20:34,37024,17,12,15,2,clear,0.0,0,1.0,3,1.045121951219512,1.554270833333333,,,4,256.4,179.93,8,203.9,661.68,1,18,1457
29,4,00:20:35,37058,17,12,18,2,clear,0.0,0,1.0,4,1.2073170731707317,-1.49515625,,,8,226.6,755.05,8,221.0,260.28,1,18,1457
29,5,00:20:36,37097,17,12,15,2,drop,0.0,0,2.0,5,1.1024390243902435,1.01578125,,,4,254.3,191.14,8,216.6,688.27,1,18,1457
29,6,00:20:37,37114,17,12,18,3,net shot,0.0,0,2.0,7,0.4890243902439024,0.0352604166666665,touched the net,18.0,8,231.7,697.35,8,238.6,221.16,1,18,1457
