rally,ball_round,time,frame_num,roundscore_A,roundscore_B,player,server,type,aroundhead,backhand,landing_height,landing_area,landing_x,landing_y,lose_reason,getpoint_player,player_location_area,player_location_x,player_location_y,opponent_location_area,opponent_location_x,opponent_location_y,set,match_id,rally_id
23,1,00:22:23,40314,14,9,10,1,long service,0.0,1,1.0,8,0.9365853658536588,1.4658854166666668,,,8,169.6,325.81,8,221.5,662.26,1,51,4344
23,2,00:22:24,40348,14,9,31,2,smash,0.0,0,2.0,6,1.3634146341463416,-0.9505208333333334,,,9,244.6,765.09,8,167.5,284.51,1,51,4344
23,3,00:22:25,40371,14,9,10,2,defensive shot,0.0,1,2.0,2,-1.1914634146341463,0.4827604166666669,,,6,257.1,279.11,8,215.9,713.97,1,51,4344
23,4,00:22:26,40397,14,9,31,2,net shot,0.0,1,2.0,1,-1.3414634146341464,-0.0361979166666666,,,7,111.0,594.49,8,179.5,289.85,1,51,4344
23,5,00:22:27,40428,14,9,10,2,lob,0.0,0,1.0,4,-1.0621951219512191,1.5149479166666666,,,1,81.5,401.77,8,125.6,627.71,1,51,4344
23,6,00:22:29,40473,14,9,31,3,drop,0.0,0,2.0,1,-1.5158536585365854,-0.5126041666666667,opponent's ball landed,10.0,6,101.9,756.23,8,131.9,273.69,1,51,4344
