rally,ball_round,time,frame_num,roundscore_A,roundscore_B,player,server,type,aroundhead,backhand,landing_height,landing_area,landing_x,landing_y,lose_reason,getpoint_player,player_location_area,player_location_x,player_location_y,opponent_location_area,opponent_location_x,opponent_location_y,set,match_id,rally_id
18,1,00:40:56,73709,10,8,19,1,short service,0.0,1,2.0,7,0.671951219512195,0.61,,,8,169.8,322.58,8,216.1,683.18,2,39,3229
18,2,00:40:57,73734,10,8,6,2,lob,0.0,0,1.0,4,1.2243902439024388,-1.5488541666666666,,,8,192.7,595.38,8,176.6,322.53,2,39,3229
18,3,00:40:58,73769,10,8,19,2,smash,0.0,0,2.0,8,0.4670731707317074,1.022708333333333,,,9,215.7,182.63,8,205.4,675.42,2,39,3229
18,4,00:40:59,73782,10,8,6,2,defensive shot,0.0,0,2.0,1,-1.3207317073170732,-0.2622916666666667,,,8,233.4,683.07,9,226.2,188.71,2,39,3229
18,5,00:41:00,73814,10,8,19,2,net shot,0.0,0,2.0,2,-1.447560975609756,0.2155729166666666,,,1,92.6,378.53,8,158.5,691.25,2,39,3229
18,6,00:41:01,73840,10,8,6,3,push/rush,0.0,1,2.0,4,1.15609756097561,-1.4036979166666663,opponent's ball landed,19.0,2,75.8,554.05,10,49.2,442.14,2,39,3229
