rally,ball_round,time,frame_num,roundscore_A,roundscore_B,player,server,type,aroundhead,backhand,landing_height,landing_area,landing_x,landing_y,lose_reason,getpoint_player,player_location_area,player_location_x,player_location_y,opponent_location_area,opponent_location_x,opponent_location_y,set,match_id,rally_id
8,1,00:08:56,16086,3,5,6,1,short service,0.0,1,2.0,8,-0.0804878048780487,0.6775520833333335,,,8,186.3,307.17,8,128.3,686.32,1,39,3179
8,2,00:08:56,16105,3,5,19,2,lob,0.0,0,1.0,4,1.2378048780487805,-1.5161979166666668,,,8,140.2,609.53,8,173.1,304.7,1,39,3179
8,3,00:08:57,16138,3,5,6,2,smash,0.0,0,2.0,5,1.3146341463414637,1.0063020833333336,,,8,197.0,219.0,8,196.4,679.41,1,39,3179
8,4,00:08:58,16155,3,5,19,2,defensive shot,0.0,0,2.0,1,-1.0219512195121951,-0.3779166666666667,,,5,257.5,690.62,8,213.9,258.84,1,39,3179
8,5,00:08:59,16184,3,5,6,2,push/rush,0.0,0,1.0,3,1.1378048780487806,1.6088541666666665,,,7,122.7,373.68,8,170.4,666.33,1,39,3179
8,6,00:09:00,16222,3,5,19,2,drop,0.0,0,2.0,1,-1.1073170731707316,-0.4484895833333334,,,9,241.4,780.22,8,159.7,302.21,1,39,3179
8,7,00:09:01,16249,3,5,6,2,net shot,0.0,0,2.0,2,-1.329268292682927,0.4712500000000001,,,8,112.1,350.12,8,192.1,714.59,1,39,3179
8,8,00:09:02,16279,3,5,19,2,lob,0.0,1,1.0,4,1.0134146341463417,-1.5153645833333331,,,6,93.1,596.04,8,149.5,312.6,1,39,3179
8,9,00:09:03,16318,3,5,6,3,drop,0.0,0,2.0,10,1.6207317073170728,0.6968229166666665,out,19.0,8,198.6,204.13,8,194.6,664.83,1,39,3179
