rally,ball_round,time,frame_num,roundscore_A,roundscore_B,player,server,type,aroundhead,backhand,landing_height,landing_area,landing_x,landing_y,lose_reason,getpoint_player,player_location_area,player_location_x,player_location_y,opponent_location_area,opponent_location_x,opponent_location_y,set,match_id,rally_id
33,1,00:51:41,93050,19,14,19,1,short service,0.0,1,2.0,7,0.5426829268292683,0.6351041666666669,,,8,170.5,332.56,8,216.2,681.89,2,39,3244
33,2,00:51:42,93074,19,14,6,2,lob,0.0,0,1.0,4,1.3012195121951218,-1.50015625,,,7,199.8,592.21,8,173.8,314.96,2,39,3244
33,3,00:51:43,93110,19,14,19,2,clear,0.0,0,1.0,3,1.4804878048780483,1.58609375,,,9,228.6,185.61,8,205.4,675.42,2,39,3244
33,4,00:51:45,93150,19,14,6,2,smash,0.0,0,2.0,6,1.267073170731707,-0.97328125,,,3,260.3,775.95,8,197.1,272.69,2,39,3244
33,5,00:51:45,93164,19,14,19,2,defensive shot,0.0,1,1.0,6,-0.9475609756097562,1.40296875,,,8,171.5,291.64,3,287.6,805.02,2,39,3244
33,6,00:51:46,93199,19,14,6,2,clear,0.0,1,1.0,5,-0.995121951219512,-1.34890625,,,8,110.3,750.99,8,154.6,289.14,2,39,3244
33,7,00:51:47,93223,19,14,19,2,smash,0.0,0,2.0,6,-1.39390243902439,1.1175520833333337,,,8,143.8,210.57,8,157.8,701.32,2,39,3244
33,8,00:51:47,93236,19,14,6,3,defensive shot,0.0,1,2.0,10,-1.7695121951219512,1.3506250000000002,not pass over the net,19.0,8,187.0,680.77,3,96.6,186.73,2,39,3244
