rally,ball_round,time,frame_num,roundscore_A,roundscore_B,player,server,type,aroundhead,backhand,landing_height,landing_area,landing_x,landing_y,lose_reason,getpoint_player,player_location_area,player_location_x,player_location_y,opponent_location_area,opponent_location_x,opponent_location_y,set,match_id,rally_id
13,1,00:12:00,21607,6,7,19,1,short service,0.0,1,1.0,7,-0.6670731707317074,-0.5223958333333334,,,8,184.5,637.16,8,136.1,286.63,1,39,3184
13,2,00:12:00,21621,6,7,6,2,push/rush,0.0,0,2.0,3,1.4317073170731704,1.5696875,,,7,147.2,375.81,8,181.9,632.87,1,39,3184
13,3,00:12:01,21654,6,7,19,2,clear,0.0,0,1.0,6,1.3390243902439023,-1.34171875,,,3,253.0,778.08,8,173.9,317.5,1,39,3184
13,4,00:12:02,21681,6,7,6,2,smash,0.0,0,2.0,6,-1.1390243902439026,0.7206250000000001,,,8,244.6,218.6,8,208.1,705.95,1,39,3184
13,5,00:12:03,21702,6,7,19,2,defensive shot,0.0,1,2.0,7,-0.8097560975609757,-0.1752083333333332,,,8,106.9,646.15,6,257.7,224.35,1,39,3184
13,6,00:12:04,21737,6,7,6,2,lob,0.0,0,1.0,9,-0.4231707317073169,1.68234375,,,7,127.6,422.63,8,110.2,636.21,1,39,3184
13,7,00:12:06,21799,6,7,19,2,smash,0.0,0,2.0,5,-1.0426829268292683,-0.9793229166666664,,,9,148.9,788.95,8,138.5,275.88,1,39,3184
13,8,00:12:07,21823,6,7,6,2,defensive shot,0.0,0,1.0,2,-1.0731707317073171,0.5138541666666665,,,8,129.2,291.98,8,170.1,714.72,1,39,3184
13,9,00:12:08,21847,6,7,19,3,net shot,0.0,1,2.0,10,1.6219512195121952,-0.5298958333333333,out,19.0,2,97.6,585.01,8,141.7,283.92,1,39,3184
