rally,ball_round,time,frame_num,roundscore_A,roundscore_B,player,server,type,aroundhead,backhand,landing_height,landing_area,landing_x,landing_y,lose_reason,getpoint_player,player_location_area,player_location_x,player_location_y,opponent_location_area,opponent_location_x,opponent_location_y,set,match_id,rally_id
38,1,00:29:12,52566,20,18,19,1,short service,0.0,1,2.0,8,0.2670731707317074,-0.5500000000000002,,,8,171.5,634.38,8,231.6,269.69,1,39,3209
38,2,00:29:13,52590,20,18,6,2,lob,0.0,0,1.0,4,-1.054878048780488,1.7307812499999995,,,8,218.4,356.48,8,190.3,637.12,1,39,3209
38,3,00:29:14,52630,20,18,19,2,drop,0.0,0,2.0,5,-1.2353658536585366,-0.6071874999999999,,,9,126.1,780.9,8,157.4,289.11,1,39,3209
38,4,00:29:15,52656,20,18,6,2,net shot,0.0,0,2.0,2,-1.1914634146341463,0.2339062500000001,,,8,107.2,325.59,8,132.7,743.0,1,39,3209
38,5,00:29:16,52681,20,18,19,2,lob,0.0,1,1.0,9,0.8536585365853658,-1.5147916666666668,,,2,97.0,578.62,8,144.8,294.49,1,39,3209
38,6,00:29:17,52722,20,18,6,2,smash,0.0,0,2.0,5,1.2121951219512193,1.0486979166666668,,,9,214.6,194.92,8,196.5,672.83,1,39,3209
38,7,00:29:17,52735,20,18,19,3,defensive shot,0.0,0,2.0,1,-1.0097560975609756,-0.4013541666666667,opponent's ball landed,19.0,8,229.4,694.6,9,227.6,191.76,1,39,3209
