rally,ball_round,time,frame_num,roundscore_A,roundscore_B,player,server,type,aroundhead,backhand,landing_height,landing_area,landing_x,landing_y,lose_reason,getpoint_player,player_location_area,player_location_x,player_location_y,opponent_location_area,opponent_location_x,opponent_location_y,set,match_id,rally_id
4,1,00:07:22,13283,2,2,19,1,short service,0.0,1,2.0,8,-0.545121951219512,-0.6094791666666666,,,8,186.1,647.04,8,135.3,305.0,1,39,3175
4,2,00:07:23,13311,2,2,6,2,lob,0.0,0,1.0,4,-1.0341463414634149,1.7100520833333337,,,8,148.9,364.13,8,181.4,642.86,1,39,3175
4,3,00:07:24,13346,2,2,19,2,drop,0.0,0,2.0,1,-0.9439024390243904,-0.4850520833333333,,,9,129.4,783.97,8,150.0,275.79,1,39,3175
4,4,00:07:25,13374,2,2,6,2,net shot,0.0,0,2.0,7,-0.7963414634146341,0.4609375,,,8,113.8,345.27,8,135.0,708.86,1,39,3175
4,5,00:07:26,13405,2,2,19,2,lob,0.0,1,1.0,4,1.257317073170732,-1.5819270833333334,,,7,132.0,584.78,8,150.4,320.21,1,39,3175
4,6,00:07:28,13444,2,2,6,2,clear,0.0,0,1.0,3,1.4329268292682926,1.6189583333333335,,,8,214.2,215.91,8,198.6,667.49,1,39,3175
4,7,00:07:29,13481,2,2,19,2,drop,0.0,0,2.0,2,0.9804878048780488,-0.4672395833333332,,,3,282.5,775.82,8,199.5,258.96,1,39,3175
4,8,00:07:30,13507,2,2,6,2,lob,0.0,1,1.0,9,-0.7963414634146341,1.6568229166666668,,,8,239.1,344.29,8,228.2,717.97,1,39,3175
4,9,00:07:31,13543,2,2,19,3,drop,0.0,0,2.0,10,1.6182926829268292,-0.4454166666666665,out,19.0,9,147.8,782.83,8,160.1,283.77,1,39,3175
