rally,ball_round,time,frame_num,roundscore_A,roundscore_B,player,server,type,aroundhead,backhand,landing_height,landing_area,landing_x,landing_y,lose_reason,getpoint_player,player_location_area,player_location_x,player_location_y,opponent_location_area,opponent_location_x,opponent_location_y,set,match_id,rally_id
16,1,00:13:15,23852,7,9,6,1,short service,0.0,1,1.0,2,-0.9780487804878047,0.6476562500000002,,,8,184.9,319.94,8,126.4,686.33,1,39,3187
16,2,00:13:15,23870,7,9,19,2,net shot,0.0,1,2.0,2,0.9878048780487804,-0.4078645833333333,,,8,154.4,634.49,8,167.9,283.71,1,39,3187
16,3,00:13:16,23895,7,9,6,2,push/rush,0.0,1,1.0,4,-0.9085365853658536,1.5700520833333336,,,7,235.2,372.82,8,172.7,641.5,1,39,3187
16,4,00:13:17,23929,7,9,19,3,clear,0.0,0,2.0,3,-0.948780487804878,-1.6071354166666667,misjudged,19.0,9,132.4,768.27,8,163.9,299.58,1,39,3187
