rally,ball_round,time,frame_num,roundscore_A,roundscore_B,player,server,type,aroundhead,backhand,landing_height,landing_area,landing_x,landing_y,lose_reason,getpoint_player,player_location_area,player_location_x,player_location_y,opponent_location_area,opponent_location_x,opponent_location_y,set,match_id,rally_id
37,1,00:28:38,51566,19,18,19,1,short service,0.0,1,2.0,8,-0.5060975609756098,-0.53515625,,,8,189.2,635.7,8,133.5,294.58,1,39,3208
37,2,00:28:39,51591,19,18,6,2,lob,0.0,0,1.0,9,-0.8195121951219513,1.6246354166666663,,,8,150.9,364.11,8,183.5,638.59,1,39,3208
37,3,00:28:40,51624,19,18,19,2,smash,0.0,0,2.0,8,0.573170731707317,-0.9708854166666668,,,9,135.8,765.04,8,140.1,299.77,1,39,3208
37,4,00:28:41,51637,19,18,6,3,defensive shot,0.0,1,2.0,10,2.3780487804878048,-0.3772395833333333,not pass over the net,19.0,8,128.7,278.66,9,131.4,773.57,1,39,3208
