rally,ball_round,time,frame_num,roundscore_A,roundscore_B,player,server,type,aroundhead,backhand,landing_height,landing_area,landing_x,landing_y,lose_reason,getpoint_player,player_location_area,player_location_x,player_location_y,opponent_location_area,opponent_location_x,opponent_location_y,set,match_id,rally_id
17,1,00:40:28,72853,10,7,19,1,short service,0.0,1,2.0,7,-0.1609756097560974,0.5197395833333331,,,8,182.9,329.98,8,121.0,679.89,2,39,3228
17,2,00:40:29,72881,10,7,6,2,lob,0.0,0,1.0,4,1.1914634146341463,-1.516041666666667,,,7,139.4,578.34,8,168.4,325.1,2,39,3228
17,3,00:40:30,72917,10,7,19,2,drop,0.0,0,2.0,5,1.2634146341463417,0.6817708333333332,,,9,214.7,191.87,8,190.5,668.88,2,39,3228
17,4,00:40:31,72942,10,7,6,2,net shot,0.0,0,2.0,2,1.2914634146341462,-0.2038020833333333,,,5,263.7,614.72,8,219.7,233.36,2,39,3228
17,5,00:40:32,72970,10,7,19,2,net shot,0.0,1,2.0,1,1.2341463414634144,0.1978645833333333,,,2,261.0,402.07,8,205.8,637.02,2,39,3228
17,6,00:40:33,72997,10,7,6,2,lob,0.0,0,1.0,4,1.2451219512195124,-1.5653645833333334,,,1,261.1,533.87,7,222.7,370.59,2,39,3228
17,7,00:40:35,73055,10,7,19,2,smash,0.0,0,2.0,5,1.267073170731707,1.0761979166666666,,,9,250.2,163.5,8,216.9,675.35,2,39,3228
17,8,00:40:35,73067,10,7,6,3,defensive shot,0.0,0,2.0,10,2.0365853658536586,-0.055625,not pass over the net,19.0,8,235.7,677.85,9,243.8,203.75,2,39,3228
