rally,ball_round,time,frame_num,roundscore_A,roundscore_B,player,server,type,aroundhead,backhand,landing_height,landing_area,landing_x,landing_y,lose_reason,getpoint_player,player_location_area,player_location_x,player_location_y,opponent_location_area,opponent_location_x,opponent_location_y,set,match_id,rally_id
40,1,00:33:49,60888,21,19,14,1,short service,0.0,1,2.0,7,-0.3853658536585365,-0.3142708333333332,,,8,183.1,629.57,8,137.5,315.17,1,31,2544
40,2,00:33:50,60909,21,19,2,2,push/rush,0.0,1,1.0,8,-0.7475609756097561,1.0772916666666668,,,7,127.2,400.15,8,181.2,638.14,1,31,2544
40,3,00:33:50,60926,21,19,14,2,drop,0.0,0,2.0,1,-1.151219512195122,-0.3448437499999999,,,8,163.8,661.79,8,135.8,363.28,1,31,2544
40,4,00:33:51,60948,21,19,2,3,net shot,0.0,0,2.0,1,-1.1902439024390243,-0.0055208333333333,touched the net,14.0,5,89.9,344.99,8,153.0,679.86,1,31,2544
