rally,ball_round,time,frame_num,roundscore_A,roundscore_B,player,server,type,aroundhead,backhand,landing_height,landing_area,landing_x,landing_y,lose_reason,getpoint_player,player_location_area,player_location_x,player_location_y,opponent_location_area,opponent_location_x,opponent_location_y,set,match_id,rally_id
29,1,00:25:48,46458,14,15,2,1,long service,0.0,0,1.0,9,-0.2853658536585367,1.522708333333333,,,8,183.6,314.51,8,136.2,676.82,1,31,2533
29,2,00:25:50,46516,14,15,14,2,smash,0.0,0,2.0,6,1.0719512195121947,-0.9835416666666664,,,9,141.2,778.07,8,151.3,295.03,1,31,2533
29,3,00:25:51,46535,14,15,2,2,net shot,0.0,1,2.0,7,0.3353658536585366,0.2915625000000001,,,8,150.7,292.51,8,164.3,731.14,1,31,2533
29,4,00:25:52,46560,14,15,14,2,net shot,0.0,0,2.0,7,0.2073170731707317,-0.0572916666666666,,,7,181.6,559.62,8,183.1,309.56,1,31,2533
29,5,00:25:52,46585,14,15,2,2,net shot,0.0,1,2.0,7,0.123170731707317,0.2414583333333334,,,7,171.3,426.17,8,182.8,601.59,1,31,2533
29,6,00:25:53,46608,14,15,14,2,net shot,0.0,0,2.0,7,-0.4634146341463415,-0.1088541666666665,,,7,155.2,527.49,7,169.7,383.66,1,31,2533
29,7,00:25:54,46636,14,15,2,3,net shot,0.0,0,2.0,7,-0.0865853658536584,0.02078125,touched the net,14.0,7,147.4,433.03,8,163.8,598.26,1,31,2533
