rally,ball_round,time,frame_num,roundscore_A,roundscore_B,player,server,type,aroundhead,backhand,landing_height,landing_area,landing_x,landing_y,lose_reason,getpoint_player,player_location_area,player_location_x,player_location_y,opponent_location_area,opponent_location_x,opponent_location_y,set,match_id,rally_id
8,1,00:39:06,70385,5,3,2,1,short service,0.0,1,2.0,8,-0.2853658536585367,-0.5535937500000001,,,8,180.4,626.16,8,126.9,285.25,2,31,2552
8,2,00:39:07,70413,5,3,14,2,lob,0.0,1,1.0,8,-0.7097560975609757,1.3785416666666663,,,8,132.2,344.39,8,181.7,629.59,2,31,2552
8,3,00:39:08,70445,5,3,2,2,smash,0.0,0,2.0,5,-1.1073170731707316,-0.9169270833333334,,,8,137.1,726.92,8,155.0,279.74,2,31,2552
8,4,00:39:08,70462,5,3,14,2,defensive shot,0.0,0,2.0,8,0.0268292682926827,0.7013541666666665,,,8,117.3,277.73,8,129.5,744.96,2,31,2552
8,5,00:39:09,70487,5,3,2,2,lob,0.0,1,1.0,4,1.3121951219512198,-1.5039583333333333,,,8,183.9,649.92,8,158.8,269.39,2,31,2552
8,6,00:39:11,70530,5,3,14,2,clear,1.0,0,1.0,5,1.195121951219512,1.3059895833333333,,,9,231.7,164.77,8,209.2,657.95,2,31,2552
8,7,00:39:12,70572,5,3,2,2,smash,0.0,0,2.0,6,1.2658536585365856,-0.97140625,,,5,256.4,722.52,8,199.4,268.8,2,31,2552
8,8,00:39:12,70588,5,3,14,2,defensive shot,0.0,1,2.0,7,0.7231707317073172,0.3097395833333334,,,8,191.0,271.5,5,257.4,728.57,2,31,2552
8,9,00:39:13,70617,5,3,2,3,net shot,0.0,0,2.0,2,1.3731707317073174,-0.1867708333333334,opponent's ball landed,14.0,7,207.1,561.17,8,203.5,291.75,2,31,2552
