rally,ball_round,time,frame_num,roundscore_A,roundscore_B,player,server,type,aroundhead,backhand,landing_height,landing_area,landing_x,landing_y,lose_reason,getpoint_player,player_location_area,player_location_x,player_location_y,opponent_location_area,opponent_location_x,opponent_location_y,set,match_id,rally_id
27,1,00:24:15,43661,13,14,2,1,long service,0.0,0,1.0,9,-0.7731707317073171,1.5625520833333333,,,8,184.7,316.95,8,137.4,686.46,1,31,2531
27,2,00:24:17,43720,13,14,14,2,smash,0.0,0,2.0,5,-0.9548780487804878,-0.93109375,,,9,112.1,778.4,8,145.9,300.13,1,31,2531
27,3,00:24:17,43736,13,14,2,2,defensive shot,0.0,0,1.0,6,-1.025609756097561,1.0018229166666668,,,8,129.4,295.34,8,120.4,736.14,1,31,2531
27,4,00:24:18,43751,13,14,14,2,defensive shot,1.0,0,2.0,5,-1.079268292682927,-0.6602083333333333,,,8,163.0,674.89,8,129.9,295.34,1,31,2531
27,5,00:24:19,43773,13,14,2,2,push/rush,0.0,0,2.0,3,1.2768292682926827,1.5603125000000002,,,5,98.6,320.64,8,154.8,648.59,1,31,2531
27,6,00:24:20,43809,13,14,14,3,drive,0.0,0,2.0,7,0.3597560975609756,0.1147395833333331,touched the net,14.0,9,240.8,784.01,8,190.1,319.33,1,31,2531
