rally,ball_round,time,frame_num,roundscore_A,roundscore_B,player,server,type,aroundhead,backhand,landing_height,landing_area,landing_x,landing_y,lose_reason,getpoint_player,player_location_area,player_location_x,player_location_y,opponent_location_area,opponent_location_x,opponent_location_y,set,match_id,rally_id
4,1,00:11:28,20668,0,4,2,1,short service,0.0,1,2.0,7,-0.2548780487804878,0.4646354166666668,,,8,183.6,321.88,8,130.7,653.89,1,31,2508
4,2,00:11:29,20689,0,4,14,2,net shot,0.0,0,2.0,6,1.3036585365853657,-0.5508854166666666,,,7,131.8,556.49,8,158.0,299.96,1,31,2508
4,3,00:11:30,20715,0,4,2,2,lob,0.0,1,1.0,6,-1.0060975609756098,1.3642708333333335,,,6,258.1,349.76,8,163.6,626.36,1,31,2508
4,4,00:11:31,20754,0,4,14,2,smash,0.0,0,2.0,5,-1.3121951219512191,-0.9420833333333332,,,8,135.3,738.96,8,150.2,295.04,1,31,2508
4,5,00:11:32,20772,0,4,2,2,defensive shot,0.0,0,2.0,2,-0.9658536585365854,0.3693749999999998,,,5,99.6,290.73,8,130.0,717.85,1,31,2508
4,6,00:11:33,20794,0,4,14,2,push/rush,0.0,1,1.0,5,-1.15,-0.9963541666666668,,,7,108.6,569.84,8,112.3,275.23,1,31,2508
4,7,00:11:33,20807,0,4,2,3,drive,0.0,0,2.0,4,-1.3585365853658538,1.7333333333333332,misjudged,14.0,8,129.0,277.56,7,113.9,573.47,1,31,2508
