rally,ball_round,time,frame_num,roundscore_A,roundscore_B,player,server,type,aroundhead,backhand,landing_height,landing_area,landing_x,landing_y,lose_reason,getpoint_player,player_location_area,player_location_x,player_location_y,opponent_location_area,opponent_location_x,opponent_location_y,set,match_id,rally_id
37,1,00:31:46,57185,19,18,14,1,short service,0.0,1,2.0,7,0.6317073170731708,-0.4381770833333333,,,8,168.1,621.11,8,232.6,293.85,1,31,2541
37,2,00:31:46,57209,19,18,2,2,push/rush,0.0,1,1.0,5,1.246341463414634,1.345416666666667,,,7,211.8,369.22,8,181.7,636.43,1,31,2541
37,3,00:31:48,57243,19,18,14,2,drop,0.0,0,2.0,8,0.1170731707317072,-0.7431770833333333,,,5,256.8,731.59,8,183.7,299.58,1,31,2541
37,4,00:31:48,57262,19,18,2,2,push/rush,0.0,0,1.0,5,1.44390243902439,1.4534895833333337,,,8,185.8,314.47,8,216.9,701.36,1,31,2541
37,5,00:31:49,57294,19,18,14,2,drop,0.0,0,2.0,2,1.4073170731707314,-0.2899479166666667,,,5,266.5,752.25,8,190.7,309.46,1,31,2541
37,6,00:31:50,57323,19,18,2,2,push/rush,0.0,1,2.0,5,1.3378048780487803,1.4997916666666669,,,2,269.8,370.74,8,222.1,687.07,1,31,2541
37,7,00:31:51,57350,19,18,14,3,drop,0.0,0,2.0,10,1.669512195121951,-0.3496354166666666,out,14.0,8,242.3,733.26,8,232.6,345.36,1,31,2541
