rally,ball_round,time,frame_num,roundscore_A,roundscore_B,player,server,type,aroundhead,backhand,landing_height,landing_area,landing_x,landing_y,lose_reason,getpoint_player,player_location_area,player_location_x,player_location_y,opponent_location_area,opponent_location_x,opponent_location_y,set,match_id,rally_id
24,1,00:22:52,41177,13,11,14,1,long service,0.0,0,1.0,3,-0.8682926829268293,-1.51921875,,,8,191.8,615.59,8,137.1,240.85,1,31,2528
24,2,00:22:54,41239,13,11,2,2,smash,0.0,0,2.0,8,-0.8304878048780487,1.0008333333333332,,,9,118.5,177.92,8,175.4,664.95,1,31,2528
24,3,00:22:55,41258,13,11,14,2,defensive shot,0.0,1,2.0,8,-0.1597560975609755,-0.7926041666666667,,,8,181.1,666.52,8,116.0,233.14,1,31,2528
24,4,00:22:55,41277,13,11,2,2,push/rush,0.0,0,1.0,8,-0.7975609756097561,1.0092708333333331,,,8,188.5,311.96,8,171.4,671.54,1,31,2528
24,5,00:22:56,41298,13,11,14,3,smash,0.0,0,2.0,5,-1.3109756097560976,-1.14484375,opponent's ball landed,14.0,8,146.3,675.08,8,152.9,287.42,1,31,2528
