rally,ball_round,time,frame_num,roundscore_A,roundscore_B,player,server,type,aroundhead,backhand,landing_height,landing_area,landing_x,landing_y,lose_reason,getpoint_player,player_location_area,player_location_x,player_location_y,opponent_location_area,opponent_location_x,opponent_location_y,set,match_id,rally_id
16,1,00:16:06,28980,9,7,7,1,short service,0.0,1,2.0,7,-0.2487804878048781,-0.1783854166666666,,,8,183.6,635.0,8,121.1,285.24,1,57,4785
16,2,00:16:06,29001,9,7,16,2,net shot,0.0,1,2.0,2,-1.225609756097561,0.2127083333333332,,,8,135.6,364.2,8,176.6,644.11,1,57,4785
16,3,00:16:07,29027,9,7,7,2,lob,0.0,1,1.0,9,0.774390243902439,-1.4449479166666668,,,2,96.1,558.96,8,157.9,323.96,1,57,4785
16,4,00:16:09,29071,9,7,16,2,drop,0.0,0,2.0,8,0.8902439024390244,0.69921875,,,9,207.3,189.92,8,193.6,653.06,1,57,4785
16,5,00:16:09,29088,9,7,7,2,net shot,0.0,0,2.0,2,1.1743902439024392,-0.3894791666666665,,,8,231.3,658.34,9,221.0,183.93,1,57,4785
16,6,00:16:10,29116,9,7,16,2,lob,0.0,1,1.0,5,1.2914634146341462,1.3005208333333336,,,8,247.8,350.95,8,195.4,658.41,1,57,4785
16,7,00:16:11,29148,9,7,7,3,smash,0.0,0,2.0,5,-1.1170731707317072,-1.113125,opponent's ball landed,16.0,8,234.6,728.27,8,200.1,289.8,1,57,4785
