rally,ball_round,time,frame_num,roundscore_A,roundscore_B,player,server,type,aroundhead,backhand,landing_height,landing_area,landing_x,landing_y,lose_reason,getpoint_player,player_location_area,player_location_x,player_location_y,opponent_location_area,opponent_location_x,opponent_location_y,set,match_id,rally_id
6,1,00:10:48,19451,3,3,16,1,long service,0.0,0,1.0,4,-1.1451219512195123,1.624375,,,8,187.2,295.19,8,134.1,667.37,1,57,4775
6,2,00:10:50,19509,3,3,7,2,smash,0.0,0,2.0,5,-1.4073170731707318,-0.8887499999999999,,,4,86.6,771.2,8,151.3,279.63,1,57,4775
6,3,00:10:50,19528,3,3,16,2,defensive shot,0.0,0,2.0,2,-1.1426829268292684,0.2015104166666666,,,5,94.1,280.18,8,111.8,726.71,1,57,4775
6,4,00:10:52,19561,3,3,7,2,lob,0.0,1,1.0,9,0.8012195121951218,-1.5213541666666668,,,2,92.7,558.97,8,137.8,308.69,1,57,4775
6,5,00:10:53,19603,3,3,16,2,drop,0.0,0,2.0,2,-1.4036585365853658,0.4484895833333334,,,9,217.5,178.11,8,179.8,649.51,1,57,4775
6,6,00:10:54,19632,3,3,7,2,net shot,0.0,1,2.0,7,-0.8500000000000001,-0.3956249999999999,,,2,75.6,590.34,8,193.5,218.75,1,57,4775
6,7,00:10:55,19662,3,3,16,2,lob,0.0,0,1.0,6,-1.0439024390243905,1.4784375,,,7,131.9,369.12,8,125.0,636.97,1,57,4775
6,8,00:10:56,19696,3,3,7,3,drop,0.0,0,2.0,6,1.547560975609756,-0.7514583333333332,opponent's ball landed,16.0,8,129.5,716.83,8,143.7,298.21,1,57,4775
