rally,ball_round,time,frame_num,roundscore_A,roundscore_B,player,server,type,aroundhead,backhand,landing_height,landing_area,landing_x,landing_y,lose_reason,getpoint_player,player_location_area,player_location_x,player_location_y,opponent_location_area,opponent_location_x,opponent_location_y,set,match_id,rally_id
8,1,00:11:50,21304,4,4,16,1,long service,0.0,0,1.0,9,0.8012195121951218,1.640625,,,8,156.6,308.52,8,238.0,661.88,1,57,4777
8,2,00:11:52,21361,4,4,7,2,smash,0.0,0,2.0,8,0.8463414634146342,-0.8294791666666667,,,9,239.6,788.09,8,162.0,274.18,1,57,4777
8,3,00:11:52,21374,4,4,16,2,defensive shot,0.0,1,2.0,7,0.4036585365853657,0.2856250000000002,,,8,159.8,287.53,8,238.4,754.01,1,57,4777
8,4,00:11:53,21402,4,4,7,2,lob,0.0,0,1.0,8,0.7817073170731706,-1.3547916666666666,,,7,203.6,582.17,8,186.0,310.85,1,57,4777
8,5,00:11:54,21435,4,4,16,2,smash,0.0,0,2.0,5,1.180487804878049,0.9961458333333332,,,8,213.0,229.81,8,204.7,654.83,1,57,4777
8,6,00:11:54,21448,4,4,7,2,defensive shot,0.0,0,1.0,9,0.1353658536585365,-1.426770833333333,,,8,239.3,677.68,8,226.7,212.72,1,57,4777
8,7,00:11:56,21487,4,4,16,2,clear,0.0,0,1.0,5,1.1536585365853662,1.3861458333333332,,,9,189.7,193.02,8,191.2,669.02,1,57,4777
8,8,00:11:57,21520,4,4,7,2,drop,0.0,0,2.0,5,-1.1768292682926829,-0.6492708333333335,,,5,254.7,749.24,8,180.1,249.56,1,57,4777
8,9,00:11:58,21546,4,4,16,3,lob,0.0,0,2.0,10,-1.6524390243902438,1.6481250000000005,out,16.0,8,105.2,326.96,8,198.0,698.34,1,57,4777
