rally,ball_round,time,frame_num,roundscore_A,roundscore_B,player,server,type,aroundhead,backhand,landing_height,landing_area,landing_x,landing_y,lose_reason,getpoint_player,player_location_area,player_location_x,player_location_y,opponent_location_area,opponent_location_x,opponent_location_y,set,match_id,rally_id
12,1,00:35:52,64569,4,8,7,1,long service,0.0,0,1.0,4,-1.1451219512195123,1.6640104166666667,,,8,184.6,265.88,8,126.5,672.64,2,57,4819
12,2,00:35:54,64623,4,8,16,2,drop,0.0,0,2.0,5,-1.1560975609756097,-0.7018229166666666,,,4,96.2,800.01,8,160.4,290.17,2,57,4819
12,3,00:35:54,64640,4,8,7,2,defensive shot,0.0,0,2.0,2,-1.1073170731707316,0.3954687499999997,,,5,101.6,303.82,4,105.0,771.21,2,57,4819
12,4,00:35:55,64672,4,8,16,3,lob,0.0,1,2.0,10,-1.1414634146341462,-1.714427083333333,out,16.0,7,106.1,590.24,8,153.1,284.94,2,57,4819
