rally,ball_round,time,frame_num,roundscore_A,roundscore_B,player,server,type,aroundhead,backhand,landing_height,landing_area,landing_x,landing_y,lose_reason,getpoint_player,player_location_area,player_location_x,player_location_y,opponent_location_area,opponent_location_x,opponent_location_y,set,match_id,rally_id
21,1,00:17:07,30839,10,11,5,1,long service,0.0,1,1.0,8,-0.7182926829268294,1.502239583333333,,,8,182.5,343.46,8,128.3,700.66,1,44,3668
21,2,00:17:09,30873,10,11,32,2,drop,0.0,0,2.0,2,1.114634146341463,-0.4938020833333333,,,9,124.6,765.62,8,162.2,327.22,1,44,3668
21,3,00:17:10,30904,10,11,5,2,net shot,0.0,1,2.0,1,1.2414634146341466,0.2836979166666668,,,7,244.4,376.76,8,152.0,739.84,1,44,3668
21,4,00:17:11,30932,10,11,32,2,lob,0.0,0,1.0,4,1.146341463414634,-1.3883854166666667,,,7,242.6,552.91,7,222.2,392.09,1,44,3668
21,5,00:17:13,30992,10,11,5,2,smash,1.0,0,2.0,8,0.8024390243902441,1.1688020833333332,,,8,233.9,206.62,8,208.5,699.65,1,44,3668
21,6,00:17:13,31004,10,11,32,2,defensive shot,0.0,0,2.0,5,-1.3146341463414637,-0.7234895833333335,,,8,221.6,732.51,8,229.0,215.19,1,44,3668
21,7,00:17:14,31033,10,11,5,3,defensive shot,0.0,0,2.0,7,-0.4853658536585367,0.6177083333333334,not pass over the net,32.0,8,116.8,344.02,8,141.7,653.87,1,44,3668
