rally,ball_round,time,frame_num,roundscore_A,roundscore_B,player,server,type,aroundhead,backhand,landing_height,landing_area,landing_x,landing_y,lose_reason,getpoint_player,player_location_area,player_location_x,player_location_y,opponent_location_area,opponent_location_x,opponent_location_y,set,match_id,rally_id
22,1,00:17:40,31806,10,12,32,1,short service,0.0,1,2.0,7,-0.3256097560975608,-0.3985416666666665,,,8,185.4,640.72,8,130.0,308.24,1,44,3669
22,2,00:17:40,31825,10,12,5,2,lob,0.0,0,1.0,3,1.3939024390243904,1.600364583333333,,,7,143.3,375.34,8,177.5,636.69,1,44,3669
22,3,00:17:42,31866,10,12,32,2,drop,0.0,0,2.0,5,-1.2036585365853658,-0.5439583333333333,,,3,273.6,794.43,8,177.0,319.92,1,44,3669
22,4,00:17:43,31892,10,12,5,2,net shot,0.0,0,2.0,2,-1.267073170731707,0.3738541666666665,,,8,107.0,353.28,8,201.2,715.79,1,44,3669
22,5,00:17:43,31917,10,12,32,2,net shot,0.0,1,2.0,5,-1.2914634146341464,-0.5320312499999998,,,6,87.3,618.87,8,115.0,334.73,1,44,3669
22,6,00:17:44,31941,10,12,5,2,push/rush,0.0,0,1.0,6,-0.9621951219512196,1.3119270833333332,,,5,87.0,351.17,8,135.9,651.26,1,44,3669
22,7,00:17:45,31970,10,12,32,3,smash,1.0,0,2.0,10,-1.6378048780487806,-1.3433854166666668,out,32.0,8,143.2,705.34,8,132.2,310.66,1,44,3669
