rally,ball_round,time,frame_num,roundscore_A,roundscore_B,player,server,type,aroundhead,backhand,landing_height,landing_area,landing_x,landing_y,lose_reason,getpoint_player,player_location_area,player_location_x,player_location_y,opponent_location_area,opponent_location_x,opponent_location_y,set,match_id,rally_id
5,1,00:32:01,57650,0,5,5,1,short service,0.0,1,2.0,8,-0.3670731707317072,-0.5468229166666667,,,8,183.7,651.29,8,132.5,298.35,2,44,3691
5,2,00:32:02,57670,0,5,32,2,net shot,0.0,1,2.0,2,-1.1841463414634146,0.3652083333333333,,,8,126.6,362.16,8,171.7,639.38,2,44,3691
5,3,00:32:03,57692,0,5,5,2,push/rush,0.0,1,1.0,5,-1.051219512195122,-1.23,,,7,112.9,575.05,8,134.4,353.05,2,44,3691
5,4,00:32:03,57711,0,5,32,2,clear,0.0,0,1.0,6,-1.35,1.0849479166666665,,,8,132.3,270.43,7,131.2,582.6,2,44,3691
5,5,00:32:04,57735,0,5,5,3,smash,1.0,0,2.0,3,-1.3829268292682928,-1.3744791666666665,opponent's ball landed,32.0,8,128.9,693.59,8,123.0,238.65,2,44,3691
