rally,ball_round,time,frame_num,roundscore_A,roundscore_B,player,server,type,aroundhead,backhand,landing_height,landing_area,landing_x,landing_y,lose_reason,getpoint_player,player_location_area,player_location_x,player_location_y,opponent_location_area,opponent_location_x,opponent_location_y,set,match_id,rally_id
16,1,00:13:49,24898,7,9,32,1,short service,0.0,1,2.0,7,-0.5231707317073171,-0.3427083333333334,,,8,182.7,638.04,8,123.5,305.85,1,44,3663
16,2,00:13:50,24917,7,9,5,2,net shot,0.0,0,2.0,7,0.1304878048780486,0.3721875000000001,,,8,129.2,341.6,8,176.9,649.98,1,44,3663
16,3,00:13:51,24941,7,9,32,2,push/rush,0.0,1,1.0,6,1.0109756097560971,-1.099375,,,8,181.3,601.75,8,160.5,352.83,1,44,3663
16,4,00:13:52,24964,7,9,5,2,clear,0.0,1,1.0,5,1.1292682926829272,1.2788541666666664,,,8,194.0,312.5,8,197.0,636.69,1,44,3663
16,5,00:13:53,24993,7,9,32,3,smash,0.0,0,2.0,5,-1.421951219512195,-1.1571875,opponent's ball landed,32.0,8,234.3,735.81,8,187.0,295.32,1,44,3663
