rally,ball_round,time,frame_num,roundscore_A,roundscore_B,player,server,type,aroundhead,backhand,landing_height,landing_area,landing_x,landing_y,lose_reason,getpoint_player,player_location_area,player_location_x,player_location_y,opponent_location_area,opponent_location_x,opponent_location_y,set,match_id,rally_id
19,1,00:40:25,72751,7,12,5,1,short service,0.0,1,2.0,7,0.5670731707317073,-0.4805208333333333,,,8,163.8,643.38,8,209.8,305.01,2,44,3705
19,2,00:40:25,72767,7,12,32,2,lob,0.0,0,1.0,8,0.6256097560975611,1.2544270833333335,,,8,209.6,365.97,8,164.8,633.98,2,44,3705
19,3,00:40:26,72799,7,12,5,2,smash,0.0,0,2.0,8,0.8085365853658538,-1.0708854166666668,,,8,181.7,723.59,8,173.4,300.43,2,44,3705
19,4,00:40:27,72811,7,12,32,2,defensive shot,0.0,1,1.0,7,0.3085365853658538,0.4974479166666666,,,8,147.0,275.44,9,204.4,777.83,2,44,3705
19,5,00:40:27,72835,7,12,5,2,push/rush,0.0,0,2.0,8,0.1865853658536586,-1.1092708333333332,,,8,199.4,648.68,8,163.5,243.6,2,44,3705
19,6,00:40:28,72848,7,12,32,3,defensive shot,0.0,1,2.0,7,-0.319512195121951,-0.1522916666666667,not pass over the net,32.0,8,159.5,280.44,8,190.4,617.43,2,44,3705
