rally,ball_round,time,frame_num,roundscore_A,roundscore_B,player,server,type,aroundhead,backhand,landing_height,landing_area,landing_x,landing_y,lose_reason,getpoint_player,player_location_area,player_location_x,player_location_y,opponent_location_area,opponent_location_x,opponent_location_y,set,match_id,rally_id
2,1,00:06:49,12278,1,1,32,1,short service,0.0,1,2.0,7,0.4439024390243903,-0.3565624999999999,,,8,164.5,653.88,8,208.3,307.48,1,44,3649
2,2,00:06:50,12307,1,1,5,2,lob,0.0,0,1.0,6,-1.0207317073170732,1.4802604166666669,,,7,209.5,370.42,8,163.3,643.37,1,44,3649
2,3,00:06:51,12348,1,1,32,2,smash,1.0,0,2.0,6,1.1231707317073174,-1.0043749999999998,,,8,134.4,753.44,8,147.8,308.07,1,44,3649
2,4,00:06:52,12366,1,1,5,2,defensive shot,0.0,1,2.0,1,0.95,0.4556770833333334,,,8,144.6,293.24,4,104.9,758.46,1,44,3649
2,5,00:06:53,12395,1,1,32,2,lob,0.0,0,1.0,9,-0.6158536585365854,-1.3936979166666668,,,8,229.1,611.76,8,229.1,321.84,1,44,3649
2,6,00:06:54,12433,1,1,5,2,smash,0.0,0,2.0,8,0.7621951219512195,0.9531770833333332,,,8,156.5,224.49,8,184.6,670.49,1,44,3649
2,7,00:06:54,12448,1,1,32,2,defensive shot,0.0,0,2.0,8,0.7658536585365855,-0.5507291666666667,,,8,198.2,675.49,9,114.8,190.83,1,44,3649
2,8,00:06:55,12478,1,1,5,2,push/rush,0.0,1,1.0,5,1.3451219512195125,1.489375,,,8,209.4,347.84,8,191.8,667.98,1,44,3649
2,9,00:06:57,12510,1,1,32,3,drop,0.0,0,2.0,1,1.2390243902439029,0.1936979166666666,touched the net,32.0,5,260.0,753.9,8,197.2,331.64,1,44,3649
