rally,ball_round,time,frame_num,roundscore_A,roundscore_B,player,server,type,aroundhead,backhand,landing_height,landing_area,landing_x,landing_y,lose_reason,getpoint_player,player_location_area,player_location_x,player_location_y,opponent_location_area,opponent_location_x,opponent_location_y,set,match_id,rally_id
2,1,00:30:34,55020,0,2,5,1,short service,0.0,1,2.0,7,0.6731707317073169,-0.3134375,,,8,167.4,636.69,8,212.3,292.56,2,44,3688
2,2,00:30:34,55042,0,2,32,2,net shot,0.0,0,2.0,7,0.9243902439024392,0.2664062499999999,,,7,215.7,387.84,8,182.4,608.94,2,44,3688
2,3,00:30:35,55062,0,2,5,2,lob,0.0,0,1.0,9,0.5975609756097561,-1.3704166666666666,,,7,240.1,565.56,7,214.0,398.53,2,44,3688
2,4,00:30:37,55112,0,2,32,2,smash,0.0,0,2.0,6,-1.0073170731707315,1.0198437499999995,,,9,216.4,201.1,8,195.7,674.25,2,44,3688
2,5,00:30:37,55128,0,2,5,2,defensive shot,0.0,1,2.0,8,-0.0939024390243901,-0.5949479166666668,,,8,205.6,699.65,8,180.0,235.24,2,44,3688
2,6,00:30:38,55152,0,2,32,2,net shot,0.0,1,2.0,2,-0.9341463414634146,0.2513020833333333,,,8,133.7,353.06,8,151.3,624.41,2,44,3688
2,7,00:30:38,55168,0,2,5,2,push/rush,0.0,1,2.0,8,0.7000000000000001,-1.0703645833333333,,,7,119.4,551.6,7,141.0,368.73,2,44,3688
2,8,00:30:39,55179,0,2,32,3,defensive shot,0.0,1,2.0,10,2.6475609756097565,-1.1211458333333333,not pass over the net,32.0,8,154.7,336.72,7,129.8,540.26,2,44,3688
