rally,ball_round,time,frame_num,roundscore_A,roundscore_B,player,server,type,aroundhead,backhand,landing_height,landing_area,landing_x,landing_y,lose_reason,getpoint_player,player_location_area,player_location_x,player_location_y,opponent_location_area,opponent_location_x,opponent_location_y,set,match_id,rally_id
1,1,00:52:04,93725,1,0,5,1,short service,0.0,1,2.0,7,0.3402439024390244,0.5459895833333336,,,8,160.4,350.55,8,209.3,677.98,3,44,3724
1,2,00:52:04,93742,1,0,32,2,net shot,0.0,0,2.0,7,-0.2512195121951219,-0.38765625,,,8,212.2,611.77,8,165.7,327.19,3,44,3724
1,3,00:52:05,93763,1,0,5,2,push/rush,0.0,0,1.0,8,0.6621951219512197,1.0271875,,,7,154.7,377.44,8,185.5,620.23,3,44,3724
1,4,00:52:06,93780,1,0,32,2,clear,0.0,0,1.0,5,-1.0439024390243905,-1.3614583333333332,,,8,206.6,668.0,7,168.3,390.34,3,44,3724
1,5,00:52:07,93810,1,0,5,2,clear,0.0,0,1.0,6,-1.247560975609756,1.0978645833333331,,,8,131.3,262.61,8,189.6,712.35,3,44,3724
1,6,00:52:08,93845,1,0,32,2,smash,1.0,0,2.0,5,-0.9878048780487804,-1.10359375,,,6,94.9,700.59,8,121.1,265.34,3,44,3724
1,7,00:52:08,93856,1,0,5,3,defensive shot,0.0,0,2.0,10,1.7695121951219517,-0.0758854166666666,not pass over the net,32.0,5,100.4,249.7,6,90.9,709.83,3,44,3724
