rally,ball_round,time,frame_num,roundscore_A,roundscore_B,player,server,type,aroundhead,backhand,landing_height,landing_area,landing_x,landing_y,lose_reason,getpoint_player,player_location_area,player_location_x,player_location_y,opponent_location_area,opponent_location_x,opponent_location_y,set,match_id,rally_id
11,1,00:11:12,20177,5,6,32,1,short service,0.0,1,2.0,7,-0.2719512195121952,-0.4663541666666668,,,8,181.7,631.27,8,129.1,303.34,1,44,3658
11,2,00:11:13,20198,5,6,5,2,net shot,0.0,1,2.0,2,-1.2914634146341464,0.3309374999999998,,,8,138.7,357.55,8,181.7,633.99,1,44,3658
11,3,00:11:14,20222,5,6,32,2,lob,0.0,1,1.0,3,-1.3743902439024391,-1.4805729166666666,,,7,113.0,576.58,8,146.2,357.49,1,44,3658
11,4,00:11:15,20260,5,6,5,2,drop,0.0,0,2.0,2,-1.353658536585366,0.5552604166666667,,,3,86.9,191.2,8,155.7,652.58,1,44,3658
11,5,00:11:16,20281,5,6,32,2,net shot,0.0,1,2.0,7,0.6341463414634146,-0.32421875,,,6,88.3,624.42,8,115.3,236.01,1,44,3658
11,6,00:11:16,20306,5,6,5,2,lob,0.0,1,1.0,6,-1.0743902439024389,1.3750520833333333,,,7,215.2,381.35,8,159.1,642.04,1,44,3658
11,7,00:11:18,20345,5,6,32,2,smash,0.0,0,2.0,8,0.8012195121951218,-0.8581249999999999,,,6,104.1,733.23,8,153.3,300.63,1,44,3658
11,8,00:11:18,20357,5,6,5,3,defensive shot,0.0,1,2.0,7,0.4768292682926828,-0.05296875,touched the net,32.0,8,129.7,298.38,4,97.4,784.11,1,44,3658
