rally,ball_round,time,frame_num,roundscore_A,roundscore_B,player,server,type,aroundhead,backhand,landing_height,landing_area,landing_x,landing_y,lose_reason,getpoint_player,player_location_area,player_location_x,player_location_y,opponent_location_area,opponent_location_x,opponent_location_y,set,match_id,rally_id
38,1,00:23:06,41606,20,18,5,1,short service,0.0,1,2.0,7,-0.0646341463414635,0.4423958333333336,,,8,182.8,321.33,8,124.9,666.52,1,46,3900
38,2,00:23:07,41625,20,18,12,2,net shot,0.0,0,2.0,7,-0.2853658536585367,-0.2801562500000001,,,7,132.2,564.79,8,179.2,335.67,1,46,3900
38,3,00:23:08,41648,20,18,5,2,lob,0.0,0,2.0,9,-0.852439024390244,1.6908333333333332,,,7,164.3,379.0,7,167.7,584.69,1,46,3900
38,4,00:23:09,41695,20,18,12,3,drop,0.0,1,2.0,7,0.5658536585365854,0.3386979166666665,not pass over the net,5.0,9,120.3,800.1,8,154.9,342.9,1,46,3900
