rally,ball_round,time,frame_num,roundscore_A,roundscore_B,player,server,type,aroundhead,backhand,landing_height,landing_area,landing_x,landing_y,lose_reason,getpoint_player,player_location_area,player_location_x,player_location_y,opponent_location_area,opponent_location_x,opponent_location_y,set,match_id,rally_id
35,1,00:45:16,81508,20,15,5,1,short service,0.0,1,2.0,7,0.6560975609756099,-0.3373958333333332,,,8,169.2,632.14,8,227.7,293.83,2,46,3936
35,2,00:45:17,81524,20,15,12,2,net shot,0.0,0,2.0,1,1.135365853658537,0.2218229166666665,,,7,228.4,378.52,8,170.2,623.84,2,46,3936
35,3,00:45:18,81548,20,15,5,2,lob,0.0,0,1.0,9,0.8109756097560976,-1.4871875,,,7,248.4,533.59,7,214.5,369.77,2,46,3936
35,4,00:45:20,81602,20,15,12,2,smash,0.0,0,2.0,5,1.2914634146341462,1.0971874999999998,,,9,217.2,178.77,8,208.4,654.8,2,46,3936
35,5,00:45:20,81615,20,15,5,2,defensive shot,0.0,0,1.0,6,1.295121951219512,-0.5441666666666668,,,8,227.6,676.47,9,206.9,181.87,2,46,3936
35,6,00:45:21,81638,20,15,12,2,net shot,0.0,1,2.0,7,-0.3512195121951221,0.5657291666666667,,,6,254.2,344.4,5,271.8,667.6,2,46,3936
35,7,00:45:22,81660,20,15,5,2,net shot,0.0,1,1.0,7,0.1207317073170732,-0.1752083333333332,,,8,139.1,598.17,8,205.3,294.04,2,46,3936
35,8,00:45:22,81685,20,15,12,3,push/rush,0.0,0,2.0,10,1.6573170731707314,1.6421874999999997,out,5.0,7,200.9,406.62,8,185.0,650.91,2,46,3936
