rally,ball_round,time,frame_num,roundscore_A,roundscore_B,player,server,type,aroundhead,backhand,landing_height,landing_area,landing_x,landing_y,lose_reason,getpoint_player,player_location_area,player_location_x,player_location_y,opponent_location_area,opponent_location_x,opponent_location_y,set,match_id,rally_id
2,1,00:26:27,47639,0,2,12,1,short service,0.0,1,2.0,7,-0.1390243902439025,0.5573958333333332,,,8,182.0,323.75,8,134.8,670.31,2,46,3903
2,2,00:26:28,47659,0,2,5,2,net shot,0.0,1,2.0,2,1.1317073170731708,-0.1989062499999999,,,7,182.2,583.13,8,184.9,326.12,2,46,3903
2,3,00:26:29,47681,0,2,12,2,net shot,0.0,1,2.0,1,1.4402439024390246,0.3804687499999997,,,7,233.7,395.81,8,192.5,642.93,2,46,3903
2,4,00:26:30,47707,0,2,5,3,lob,0.0,0,2.0,1,1.5829268292682928,0.1750000000000001,touched the net,5.0,1,264.1,570.59,8,218.0,347.02,2,46,3903
