rally,ball_round,time,frame_num,roundscore_A,roundscore_B,player,server,type,aroundhead,backhand,landing_height,landing_area,landing_x,landing_y,lose_reason,getpoint_player,player_location_area,player_location_x,player_location_y,opponent_location_area,opponent_location_x,opponent_location_y,set,match_id,rally_id
37,1,00:22:25,40375,19,18,12,1,short service,0.0,1,2.0,7,-0.6524390243902439,-0.5027083333333332,,,8,185.1,641.6,8,130.1,292.22,1,46,3899
37,2,00:22:26,40397,19,18,5,2,net shot,0.0,0,2.0,7,0.2658536585365855,0.4585937499999997,,,7,143.8,368.08,8,185.2,632.1,1,46,3899
37,3,00:22:27,40415,19,18,12,2,net shot,0.0,1,2.0,2,1.0500000000000005,-0.2303645833333334,,,7,203.5,562.97,8,145.0,361.33,1,46,3899
37,4,00:22:27,40439,19,18,5,2,lob,0.0,1,1.0,3,1.2914634146341462,1.616458333333333,,,7,232.1,402.2,7,196.6,593.58,1,46,3899
37,5,00:22:29,40480,19,18,12,2,drive,0.0,0,1.0,8,-0.6878048780487805,-0.9894791666666668,,,9,239.1,801.21,8,189.8,323.68,1,46,3899
37,6,00:22:29,40494,19,18,5,2,defensive shot,0.0,0,2.0,6,-1.0207317073170732,0.8105729166666666,,,8,159.8,299.47,10,263.8,831.6,1,46,3899
37,7,00:22:30,40520,19,18,12,3,push/rush,0.0,1,2.0,7,-0.2121951219512196,0.1415625,touched the net,5.0,8,117.1,656.25,8,133.5,307.15,1,46,3899
