rally,ball_round,time,frame_num,roundscore_A,roundscore_B,player,server,type,aroundhead,backhand,landing_height,landing_area,landing_x,landing_y,lose_reason,getpoint_player,player_location_area,player_location_x,player_location_y,opponent_location_area,opponent_location_x,opponent_location_y,set,match_id,rally_id
1,1,00:06:25,11578,0,1,5,1,short service,0.0,1,2.0,7,0.4670731707317074,0.4914583333333334,,,8,171.5,338.08,8,218.9,666.4,1,46,3863
1,2,00:06:26,11599,0,1,12,2,net shot,0.0,1,2.0,2,1.2036585365853658,-0.3280208333333334,,,7,220.9,570.74,8,175.7,321.4,1,46,3863
1,3,00:06:27,11621,0,1,5,2,push/rush,0.0,1,1.0,8,-0.7585365853658537,1.4002604166666668,,,7,244.6,391.45,8,205.2,602.38,1,46,3863
1,4,00:06:28,11652,0,1,12,2,clear,0.0,0,1.0,9,-0.7378048780487805,-1.4639583333333337,,,8,179.6,722.61,8,166.3,299.41,1,46,3863
1,5,00:06:29,11690,0,1,5,2,smash,0.0,0,2.0,8,0.9170731707317072,1.1102604166666663,,,9,105.9,186.02,8,182.1,710.09,1,46,3863
1,6,00:06:30,11703,0,1,12,2,defensive shot,0.0,0,2.0,2,1.2475609756097563,-0.3063020833333333,,,8,203.7,692.41,3,96.6,159.03,1,46,3863
1,7,00:06:31,11744,0,1,5,2,lob,0.0,1,1.0,3,0.9987804878048778,1.5431770833333331,,,2,252.5,371.7,8,209.4,626.54,1,46,3863
1,8,00:06:32,11776,0,1,12,2,smash,0.0,0,2.0,8,0.3207317073170733,-0.81015625,,,9,224.4,774.33,8,229.7,332.88,1,46,3863
1,9,00:06:32,11785,0,1,5,3,defensive shot,0.0,1,2.0,8,-0.7268292682926829,-1.016354166666667,not pass over the net,5.0,8,171.3,296.86,9,242.0,808.57,1,46,3863
