rally,ball_round,time,frame_num,roundscore_A,roundscore_B,player,server,type,aroundhead,backhand,landing_height,landing_area,landing_x,landing_y,lose_reason,getpoint_player,player_location_area,player_location_x,player_location_y,opponent_location_area,opponent_location_x,opponent_location_y,set,match_id,rally_id
17,1,00:12:57,23322,9,8,5,1,short service,0.0,1,2.0,1,1.3085365853658537,0.4233333333333332,,,8,171.5,331.0,8,218.4,676.48,1,46,3879
17,2,00:12:58,23351,9,8,12,2,net shot,0.0,0,2.0,2,1.2195121951219512,-0.2415104166666667,,,7,233.3,561.29,8,183.4,330.9,1,46,3879
17,3,00:12:59,23373,9,8,5,2,net shot,0.0,1,2.0,7,-0.4073170731707318,0.2965625000000003,,,2,252.8,389.23,8,213.5,602.36,1,46,3879
17,4,00:12:59,23399,9,8,12,2,net shot,0.0,1,2.0,7,-0.0365853658536585,-0.1747916666666666,,,7,159.9,553.58,8,191.5,356.42,1,46,3879
17,5,00:13:00,23423,9,8,5,2,lob,0.0,0,1.0,4,-0.901219512195122,1.5158854166666664,,,7,178.5,387.61,7,174.4,589.18,1,46,3879
17,6,00:13:02,23466,9,8,12,2,clear,0.0,1,1.0,8,-0.4365853658536587,-1.2271875,,,9,127.9,781.1,8,152.1,306.98,1,46,3879
17,7,00:13:03,23492,9,8,5,3,smash,0.0,0,2.0,9,0.902439024390244,1.5431770833333331,opponent's ball landed,5.0,8,130.6,245.16,8,184.5,720.36,1,46,3879
