rally,ball_round,time,frame_num,roundscore_A,roundscore_B,player,server,type,aroundhead,backhand,landing_height,landing_area,landing_x,landing_y,lose_reason,getpoint_player,player_location_area,player_location_x,player_location_y,opponent_location_area,opponent_location_x,opponent_location_y,set,match_id,rally_id
5,1,00:27:41,49835,2,3,5,1,short service,0.0,1,2.0,7,0.5999999999999999,-0.4378645833333333,,,8,168.7,634.87,8,227.8,291.3,2,46,3906
5,2,00:27:41,49857,2,3,12,2,net shot,0.0,1,2.0,2,-0.9475609756097562,0.3064062500000002,,,8,213.6,356.24,8,191.7,626.58,2,46,3906
5,3,00:27:42,49879,2,3,5,2,net shot,0.0,1,2.0,1,-1.297560975609756,-0.2027604166666667,,,2,102.6,556.99,8,177.1,342.71,2,46,3906
5,4,00:27:43,49907,2,3,12,2,lob,0.0,0,1.0,4,-0.8780487804878049,1.542552083333333,,,1,99.6,398.89,7,125.3,564.82,2,46,3906
5,5,00:27:44,49949,2,3,5,2,smash,0.0,0,2.0,5,-1.2829268292682927,-0.8942708333333332,,,8,143.6,738.03,8,141.5,311.99,2,46,3906
5,6,00:27:45,49963,2,3,12,2,defensive shot,0.0,0,2.0,6,-1.1768292682926829,0.8681770833333337,,,5,93.0,287.51,8,137.1,740.18,2,46,3906
5,7,00:27:46,49986,2,3,5,2,defensive shot,0.0,1,1.0,5,-1.15,-1.2528125,,,8,109.7,648.39,8,121.1,266.58,2,46,3906
5,8,00:27:47,50011,2,3,12,3,smash,0.0,0,2.0,7,0.7695121951219511,-0.024375,touched the net,5.0,5,91.4,240.13,8,156.9,675.3,2,46,3906
