rally,ball_round,time,frame_num,roundscore_A,roundscore_B,player,server,type,aroundhead,backhand,landing_height,landing_area,landing_x,landing_y,lose_reason,getpoint_player,player_location_area,player_location_x,player_location_y,opponent_location_area,opponent_location_x,opponent_location_y,set,match_id,rally_id
21,1,00:37:05,66769,13,8,5,1,short service,0.0,1,2.0,7,-0.3231707317073171,-0.3898958333333334,,,8,180.4,625.21,8,134.5,292.18,2,46,3922
21,2,00:37:06,66789,13,8,12,2,net shot,0.0,1,2.0,2,-1.123170731707317,0.3590625000000003,,,7,127.4,381.46,8,170.2,628.01,2,46,3922
21,3,00:37:07,66811,13,8,5,2,net shot,0.0,1,2.0,1,-1.3646341463414635,-0.1196354166666668,,,2,103.0,555.4,8,146.7,347.6,2,46,3922
21,4,00:37:07,66836,13,8,12,2,lob,0.0,0,1.0,6,-0.9475609756097562,1.383229166666667,,,1,88.2,413.64,7,127.5,584.81,2,46,3922
21,5,00:37:08,66868,13,8,5,2,smash,0.0,0,2.0,8,0.1670731707317072,-0.9263541666666668,,,8,141.8,703.13,8,137.2,309.57,2,46,3922
21,6,00:37:09,66884,13,8,12,2,defensive shot,0.0,1,2.0,7,-0.8158536585365854,0.5016145833333331,,,8,126.6,276.94,8,144.5,734.77,2,46,3922
21,7,00:37:10,66911,13,8,5,2,lob,0.0,1,1.0,8,0.9182926829268294,-1.350833333333333,,,7,122.3,592.31,8,162.9,311.8,2,46,3922
21,8,00:37:11,66949,13,8,12,2,smash,0.0,0,2.0,5,1.2402439024390242,1.1736979166666668,,,8,218.6,210.86,8,199.0,677.74,2,46,3922
21,9,00:37:12,66961,13,8,5,3,defensive shot,0.0,0,2.0,6,1.548780487804878,-0.6284895833333334,misjudged,5.0,8,223.1,693.59,8,224.9,207.93,2,46,3922
