rally,ball_round,time,frame_num,roundscore_A,roundscore_B,player,server,type,aroundhead,backhand,landing_height,landing_area,landing_x,landing_y,lose_reason,getpoint_player,player_location_area,player_location_x,player_location_y,opponent_location_area,opponent_location_x,opponent_location_y,set,match_id,rally_id
25,1,00:17:19,31189,13,12,5,1,short service,0.0,1,2.0,7,0.4451219512195122,0.4996875000000003,,,8,172.9,328.61,8,215.7,667.67,1,46,3887
25,2,00:17:20,31206,13,12,12,2,net shot,0.0,1,2.0,2,1.076829268292683,-0.1987500000000001,,,7,221.3,573.83,8,178.5,318.96,1,46,3887
25,3,00:17:20,31229,13,12,5,2,lob,0.0,1,1.0,5,1.139024390243902,1.4784895833333334,,,7,242.8,387.14,8,200.7,608.19,1,46,3887
25,4,00:17:21,31257,13,12,12,2,drive,0.0,0,1.0,6,1.0512195121951218,-0.8644270833333335,,,9,240.3,762.26,8,189.1,323.69,1,46,3887
25,5,00:17:22,31271,13,12,5,2,defensive shot,0.0,1,2.0,1,1.0926829268292686,0.5796874999999998,,,8,164.2,306.87,9,229.1,758.14,1,46,3887
25,6,00:17:23,31294,13,12,12,2,lob,0.0,0,1.0,3,-0.8695121951219512,-1.44796875,,,8,243.0,605.19,8,200.4,323.59,1,46,3887
25,7,00:17:24,31331,13,12,5,2,smash,0.0,0,2.0,6,-1.2365853658536583,1.30203125,,,8,140.8,206.0,8,186.9,676.51,1,46,3887
25,8,00:17:24,31345,13,12,12,2,defensive shot,0.0,1,1.0,8,0.175609756097561,-0.5404687499999999,,,8,185.1,707.78,3,95.2,162.11,1,46,3887
25,9,00:17:25,31370,13,12,5,3,push/rush,0.0,0,2.0,3,1.0426829268292683,1.7067708333333336,opponent's ball landed,5.0,8,157.2,354.41,8,130.5,694.85,1,46,3887
