rally,ball_round,time,frame_num,roundscore_A,roundscore_B,player,server,type,aroundhead,backhand,landing_height,landing_area,landing_x,landing_y,lose_reason,getpoint_player,player_location_area,player_location_x,player_location_y,opponent_location_area,opponent_location_x,opponent_location_y,set,match_id,rally_id
23,1,00:16:45,30168,11,12,12,1,short service,0.0,1,2.0,7,-0.5146341463414633,-0.4343749999999999,,,8,185.1,642.94,8,128.4,304.72,1,46,3885
23,2,00:16:46,30190,11,12,5,2,net shot,0.0,0,2.0,2,-1.274390243902439,0.6379166666666668,,,8,139.4,359.11,8,183.6,633.48,1,46,3885
23,3,00:16:47,30216,11,12,12,2,drive,0.0,1,1.0,5,-1.151219512195122,-0.60703125,,,6,93.1,607.02,8,136.2,345.37,1,46,3885
23,4,00:16:47,30228,11,12,5,2,drive,0.0,0,1.0,8,-0.7292682926829268,1.0458333333333332,,,5,95.5,336.37,8,113.0,618.37,1,46,3885
23,5,00:16:48,30241,11,12,12,2,drive,0.0,1,2.0,8,0.7341463414634145,-0.8502604166666666,,,8,162.7,656.18,8,106.5,333.92,1,46,3885
23,6,00:16:48,30258,11,12,5,2,defensive shot,0.0,1,2.0,7,-0.2939024390243901,0.5008333333333331,,,8,142.4,319.27,8,190.9,680.23,1,46,3885
23,7,00:16:49,30281,11,12,12,2,net shot,0.0,1,2.0,2,0.9682926829268294,-0.2195312499999998,,,7,175.5,586.17,8,161.4,311.81,1,46,3885
23,8,00:16:50,30302,11,12,5,2,net shot,0.0,1,2.0,1,1.031707317073171,0.1854166666666667,,,7,239.2,380.63,8,179.9,622.43,1,46,3885
23,9,00:16:51,30331,11,12,12,3,net shot,0.0,0,2.0,7,-0.828048780487805,0.1429166666666666,not pass over the net,5.0,7,245.5,514.91,7,223.9,408.56,1,46,3885
