rally,ball_round,time,frame_num,roundscore_A,roundscore_B,player,server,type,aroundhead,backhand,landing_height,landing_area,landing_x,landing_y,lose_reason,getpoint_player,player_location_area,player_location_x,player_location_y,opponent_location_area,opponent_location_x,opponent_location_y,set,match_id,rally_id
38,1,01:01:04,109946,21,17,11,1,short service,0.0,1,2.0,7,-0.4207317073170731,-0.1948437500000001,,,8,183.6,618.19,8,140.5,282.53,2,8,723
38,2,01:01:05,109965,21,17,12,2,net shot,0.0,1,2.0,2,-1.0573170731707318,0.1979166666666666,,,7,128.3,388.05,8,168.4,612.61,2,8,723
38,3,01:01:06,109986,21,17,11,2,net shot,0.0,1,2.0,1,-0.973170731707317,0.0308333333333334,,,7,112.6,556.42,7,138.7,366.88,2,8,723
38,4,01:01:07,110010,21,17,12,2,lob,0.0,0,1.0,9,-0.1048780487804877,1.646145833333333,,,7,110.7,425.88,7,135.4,593.8,2,8,723
38,5,01:01:08,110063,21,17,11,2,smash,0.0,0,2.0,5,-1.197560975609756,-0.8822916666666666,,,9,174.8,786.74,8,154.6,254.05,2,8,723
38,6,01:01:09,110078,21,17,12,3,defensive shot,0.0,0,2.0,1,-0.8963414634146342,-0.0729166666666666,not pass over the net,11.0,8,144.5,274.13,8,175.7,749.83,2,8,723
