rally,ball_round,time,frame_num,roundscore_A,roundscore_B,player,server,type,aroundhead,backhand,landing_height,landing_area,landing_x,landing_y,lose_reason,getpoint_player,player_location_area,player_location_x,player_location_y,opponent_location_area,opponent_location_x,opponent_location_y,set,match_id,rally_id
4,1,00:54:06,97408,3,1,32,1,short service,0.0,1,2.0,7,0.3060975609756097,-0.3451562499999999,,,8,165.5,651.28,8,212.5,309.89,3,44,3727
4,2,00:54:07,97427,3,1,5,2,push/rush,0.0,0,1.0,8,0.8902439024390244,0.8768229166666668,,,7,209.4,396.44,8,162.6,628.53,3,44,3727
4,3,00:54:08,97442,3,1,32,2,drive,0.0,0,2.0,8,-0.3158536585365854,-0.69046875,,,8,208.1,652.61,7,207.3,402.79,3,44,3727
4,4,00:54:08,97456,3,1,5,2,drive,0.0,0,1.0,8,-0.5487804878048781,0.8837499999999997,,,8,191.9,363.87,8,218.5,665.48,3,44,3727
4,5,00:54:09,97470,3,1,32,2,drive,0.0,1,2.0,8,-0.5097560975609757,-0.9969270833333336,,,8,182.1,659.06,8,195.3,322.15,3,44,3727
4,6,00:54:09,97480,3,1,5,2,defensive shot,0.0,1,1.0,8,-0.3231707317073171,0.8907812499999999,,,8,149.7,265.03,8,162.5,660.33,3,44,3727
4,7,00:54:09,97499,3,1,32,2,defensive shot,1.0,0,2.0,6,0.9341463414634146,-0.5630729166666667,,,8,162.2,672.96,8,113.2,298.55,3,44,3727
4,8,00:54:10,97524,3,1,5,3,push/rush,0.0,1,2.0,4,-0.9573170731707316,1.700833333333333,opponent's ball landed,32.0,8,237.4,326.54,8,165.5,653.88,3,44,3727
