rally,ball_round,time,frame_num,roundscore_A,roundscore_B,player,server,type,aroundhead,backhand,landing_height,landing_area,landing_x,landing_y,lose_reason,getpoint_player,player_location_area,player_location_x,player_location_y,opponent_location_area,opponent_location_x,opponent_location_y,set,match_id,rally_id
7,1,00:09:23,16905,3,4,32,1,short service,0.0,1,2.0,7,0.2682926829268293,-0.4115624999999999,,,8,170.6,636.69,8,208.7,319.62,1,44,3654
7,2,00:09:24,16926,3,4,5,2,net shot,0.0,0,2.0,1,1.3012195121951218,0.3363020833333336,,,7,214.2,370.38,8,167.9,625.78,1,44,3654
7,3,00:09:25,16953,3,4,32,2,lob,0.0,0,1.0,4,1.2682926829268293,-1.4344270833333332,,,7,241.0,570.22,8,204.4,354.74,1,44,3654
7,4,00:09:26,16991,3,4,5,3,drop,1.0,0,2.0,2,-1.35609756097561,0.3568749999999999,opponent's ball landed,32.0,8,212.8,248.41,8,216.0,674.27,1,44,3654
