rally,ball_round,time,frame_num,roundscore_A,roundscore_B,player,server,type,aroundhead,backhand,landing_height,landing_area,landing_x,landing_y,lose_reason,getpoint_player,player_location_area,player_location_x,player_location_y,opponent_location_area,opponent_location_x,opponent_location_y,set,match_id,rally_id
25,1,00:19:23,34913,13,12,32,1,short service,0.0,1,2.0,7,-0.5012195121951218,-0.3647395833333332,,,8,186.9,639.38,8,127.6,300.88,1,44,3672
25,2,00:19:24,34931,13,12,5,2,net shot,0.0,0,2.0,1,1.0865853658536588,0.22125,,,7,139.8,373.17,8,177.5,644.71,1,44,3672
25,3,00:19:25,34957,13,12,32,2,net shot,0.0,0,2.0,2,1.2829268292682925,-0.2293750000000001,,,7,241.3,556.11,8,179.7,357.22,1,44,3672
25,4,00:19:26,34986,13,12,5,2,lob,0.0,1,1.0,9,-0.8219512195121952,1.5757291666666664,,,7,247.2,408.78,7,224.7,565.59,1,44,3672
25,5,00:19:28,35043,13,12,32,2,drop,1.0,0,2.0,2,1.0597560975609754,-0.4592708333333333,,,9,116.5,773.53,8,157.9,317.69,1,44,3672
25,6,00:19:28,35066,13,12,5,2,net shot,0.0,1,2.0,1,1.2390243902439029,0.2925520833333331,,,8,229.7,359.07,8,137.5,731.16,1,44,3672
25,7,00:19:29,35095,13,12,32,2,push/rush,0.0,0,2.0,3,-1.247560975609756,-1.5121875000000002,,,7,246.2,576.36,8,211.0,363.72,1,44,3672
25,8,00:19:31,35136,13,12,5,2,clear,0.0,0,1.0,6,-1.201219512195122,1.1359375,,,8,108.9,227.84,8,162.4,649.97,1,44,3672
25,9,00:19:32,35171,13,12,32,3,smash,1.0,0,2.0,8,0.7036585365853657,-1.2970833333333334,opponent's ball landed,32.0,6,93.1,712.11,8,127.5,260.02,1,44,3672
