rally,ball_round,time,frame_num,roundscore_A,roundscore_B,player,server,type,aroundhead,backhand,landing_height,landing_area,landing_x,landing_y,lose_reason,getpoint_player,player_location_area,player_location_x,player_location_y,opponent_location_area,opponent_location_x,opponent_location_y,set,match_id,rally_id
8,1,00:33:21,60030,1,7,5,1,short service,0.0,1,2.0,7,-0.4646341463414633,-0.4204687500000001,,,8,181.1,651.29,8,131.0,295.88,2,44,3694
8,2,00:33:21,60051,1,7,32,2,net shot,0.0,0,2.0,7,0.8475609756097561,0.439114583333333,,,7,147.6,386.19,8,181.2,638.04,2,44,3694
8,3,00:33:22,60070,1,7,5,2,push/rush,0.0,0,1.0,6,1.419512195121951,-1.1013541666666666,,,8,206.1,598.81,8,177.7,338.85,2,44,3694
8,4,00:33:23,60094,1,7,32,2,clear,0.0,1,1.0,5,1.2597560975609758,1.0734375,,,8,236.5,284.73,8,201.7,640.72,2,44,3694
8,5,00:33:23,60114,1,7,5,2,smash,0.0,0,2.0,8,-0.5597560975609757,-0.9567708333333332,,,8,217.7,681.68,8,212.1,300.04,2,44,3694
8,6,00:33:24,60129,1,7,32,3,defensive shot,0.0,0,2.0,10,-2.0365853658536586,0.5873437499999999,out,32.0,8,178.4,290.39,5,272.5,742.38,2,44,3694
