rally,ball_round,time,frame_num,roundscore_A,roundscore_B,player,server,type,aroundhead,backhand,landing_height,landing_area,landing_x,landing_y,lose_reason,getpoint_player,player_location_area,player_location_x,player_location_y,opponent_location_area,opponent_location_x,opponent_location_y,set,match_id,rally_id
36,1,00:26:19,47393,20,16,32,1,short service,0.0,1,2.0,7,-0.471951219512195,-0.5116145833333334,,,8,185.3,642.05,8,128.4,303.34,1,44,3683
36,2,00:26:20,47413,20,16,5,2,net shot,0.0,1,2.0,1,1.4109756097560977,0.3878125000000001,,,7,112.8,371.17,8,178.5,642.05,1,44,3683
36,3,00:26:21,47445,20,16,32,2,lob,0.0,0,1.0,6,1.3121951219512198,-1.359375,,,1,254.1,583.93,8,175.6,343.52,1,44,3683
36,4,00:26:22,47480,20,16,5,2,smash,0.0,1,2.0,5,1.0951219512195125,1.0603125000000002,,,6,258.6,245.2,8,219.6,664.21,1,44,3683
36,5,00:26:23,47492,20,16,32,2,defensive shot,0.0,0,2.0,8,-0.246341463414634,-0.6542708333333334,,,8,225.2,693.77,6,254.0,258.61,1,44,3683
36,6,00:26:23,47517,20,16,5,2,push/rush,0.0,0,1.0,3,1.0829268292682928,1.5582291666666663,,,8,176.3,336.53,8,211.2,718.07,1,44,3683
36,7,00:26:25,47552,20,16,32,3,clear,0.0,0,2.0,10,1.6792682926829268,-1.78796875,out,32.0,9,218.1,782.74,8,184.0,324.64,1,44,3683
