rally,ball_round,time,frame_num,roundscore_A,roundscore_B,player,server,type,aroundhead,backhand,landing_height,landing_area,landing_x,landing_y,lose_reason,getpoint_player,player_location_area,player_location_x,player_location_y,opponent_location_area,opponent_location_x,opponent_location_y,set,match_id,rally_id
9,1,00:09:50,17729,3,6,5,1,short service,0.0,1,2.0,7,-0.2524390243902437,0.5303645833333336,,,8,181.8,348.08,8,130.8,674.16,1,44,3656
9,2,00:09:51,17745,3,6,32,2,net shot,0.0,0,2.0,7,-0.0304878048780487,-0.1632812500000001,,,7,135.4,588.58,8,177.0,348.12,1,44,3656
9,3,00:09:52,17766,3,6,5,2,net shot,0.0,0,2.0,7,0.2817073170731706,0.1769270833333334,,,7,154.6,403.15,7,149.9,593.01,1,44,3656
9,4,00:09:53,17791,3,6,32,2,lob,0.0,0,1.0,9,-0.7951219512195122,-1.3927083333333332,,,7,191.0,574.92,7,165.1,407.25,1,44,3656
9,5,00:09:55,17852,3,6,5,2,smash,0.0,0,2.0,8,0.9341463414634146,1.0206770833333334,,,9,104.3,196.79,8,173.3,664.16,1,44,3656
9,6,00:09:55,17872,3,6,32,2,defensive shot,0.0,0,2.0,2,0.947560975609756,-0.4248958333333332,,,8,202.4,688.94,8,107.8,219.51,1,44,3656
9,7,00:09:56,17899,3,6,5,2,net shot,0.0,1,2.0,7,0.602439024390244,0.2845833333333332,,,8,225.8,352.29,8,202.1,644.72,1,44,3656
9,8,00:09:57,17924,3,6,32,3,net shot,0.0,0,2.0,7,0.1414634146341462,0.16796875,not pass over the net,32.0,7,208.5,574.89,8,197.8,338.68,1,44,3656
