rally,ball_round,time,frame_num,roundscore_A,roundscore_B,player,server,type,aroundhead,backhand,landing_height,landing_area,landing_x,landing_y,lose_reason,getpoint_player,player_location_area,player_location_x,player_location_y,opponent_location_area,opponent_location_x,opponent_location_y,set,match_id,rally_id
14,1,00:13:02,23472,5,9,5,1,short service,0.0,1,2.0,7,0.2829268292682925,0.59375,,,8,163.0,336.65,8,215.9,688.96,1,44,3661
14,2,00:13:03,23493,5,9,32,2,net shot,0.0,1,2.0,2,1.2609756097560971,-0.4371875,,,8,221.3,616.01,8,179.7,352.67,1,44,3661
14,3,00:13:03,23516,5,9,5,2,push/rush,0.0,1,2.0,6,-1.4109756097560977,1.5064583333333337,,,7,230.1,379.06,8,218.0,640.73,1,44,3661
14,4,00:13:05,23556,5,9,32,2,drop,0.0,1,2.0,8,0.6243902439024389,-0.5619791666666666,,,4,92.5,771.45,8,153.6,312.89,1,44,3661
14,5,00:13:05,23579,5,9,5,2,net shot,0.0,1,2.0,2,-1.1317073170731706,0.4076041666666666,,,8,203.8,352.47,8,146.2,721.26,1,44,3661
14,6,00:13:06,23606,5,9,32,2,lob,0.0,1,1.0,9,0.4024390243902439,-1.4144270833333332,,,6,88.1,610.42,8,156.3,350.58,1,44,3661
14,7,00:13:08,23642,5,9,5,2,smash,1.0,0,2.0,6,-1.0658536585365854,0.9797916666666668,,,8,178.5,207.32,8,186.6,675.47,1,44,3661
14,8,00:13:08,23654,5,9,32,3,defensive shot,0.0,1,2.0,2,-1.404878048780488,0.1613541666666667,touched the net,32.0,8,207.1,682.88,9,173.1,184.19,1,44,3661
