rally,ball_round,time,frame_num,roundscore_A,roundscore_B,player,server,type,aroundhead,backhand,landing_height,landing_area,landing_x,landing_y,lose_reason,getpoint_player,player_location_area,player_location_x,player_location_y,opponent_location_area,opponent_location_x,opponent_location_y,set,match_id,rally_id
13,1,00:39:58,71969,7,6,34,1,short service,0.0,1,1.0,7,-0.3963414634146341,-0.4761979166666667,,,8,186.5,609.63,8,130.3,276.52,2,50,4300
13,2,00:39:59,71988,7,6,10,2,net shot,0.0,0,2.0,7,0.1012195121951221,0.3133854166666664,,,7,156.9,389.01,8,184.1,616.21,2,50,4300
13,3,00:40:00,72010,7,6,34,2,lob,0.0,1,1.0,4,0.9439024390243904,-1.5805729166666669,,,7,201.0,561.69,7,173.8,368.98,2,50,4300
13,4,00:40:01,72054,7,6,10,2,smash,1.0,0,2.0,5,1.2317073170731707,0.9688541666666666,,,9,229.1,176.44,8,209.6,635.53,2,50,4300
13,5,00:40:02,72070,7,6,34,2,defensive shot,0.0,0,2.0,2,1.324390243902439,-0.4710937499999999,,,8,230.4,677.93,9,228.3,173.19,2,50,4300
13,6,00:40:03,72100,7,6,10,2,net shot,0.0,1,2.0,1,1.531707317073171,0.3430208333333334,,,6,251.3,355.63,8,209.5,650.16,2,50,4300
13,7,00:40:04,72128,7,6,34,2,net shot,0.0,0,1.0,7,-0.4329268292682927,-0.3615104166666668,,,1,271.3,579.81,8,205.3,308.71,2,50,4300
13,8,00:40:05,72150,7,6,10,3,push/rush,0.0,0,2.0,6,-1.326829268292683,1.4657291666666663,opponent's ball landed,10.0,7,169.4,397.79,8,234.0,603.26,2,50,4300
