rally,ball_round,time,frame_num,roundscore_A,roundscore_B,player,server,type,aroundhead,backhand,landing_height,landing_area,landing_x,landing_y,lose_reason,getpoint_player,player_location_area,player_location_x,player_location_y,opponent_location_area,opponent_location_x,opponent_location_y,set,match_id,rally_id
3,1,00:12:30,22513,2,1,10,1,short service,0.0,1,2.0,7,0.3609756097560975,-0.5094270833333333,,,8,164.0,628.93,8,235.6,271.79,1,50,4255
3,2,00:12:31,22531,2,1,34,2,net shot,0.0,1,2.0,2,-1.054878048780488,0.5506250000000001,,,7,177.0,369.0,8,179.3,654.7,1,50,4255
3,3,00:12:31,22555,2,1,10,2,push/rush,0.0,1,2.0,3,-1.195121951219512,-1.5186979166666668,,,7,117.6,574.38,8,155.7,333.4,1,50,4255
3,4,00:12:32,22589,2,1,34,2,drive,0.0,0,2.0,6,-1.0902439024390245,0.6970833333333335,,,3,103.9,169.09,8,159.5,636.41,1,50,4255
3,5,00:12:33,22612,2,1,10,2,push/rush,0.0,1,1.0,5,-1.3634146341463411,-1.2608333333333337,,,8,114.9,602.41,8,122.2,234.17,1,50,4255
3,6,00:12:34,22631,2,1,34,2,defensive shot,0.0,0,1.0,7,-0.7926829268292683,0.3527083333333334,,,8,141.1,290.02,8,122.6,624.82,1,50,4255
3,7,00:12:35,22651,2,1,10,3,smash,0.0,0,2.0,8,-0.6939024390243903,-0.9226041666666666,opponent's ball landed,10.0,2,101.6,571.35,5,55.8,248.17,1,50,4255
