rally,ball_round,time,frame_num,roundscore_A,roundscore_B,player,server,type,aroundhead,backhand,landing_height,landing_area,landing_x,landing_y,lose_reason,getpoint_player,player_location_area,player_location_x,player_location_y,opponent_location_area,opponent_location_x,opponent_location_y,set,match_id,rally_id
3,1,00:34:20,61811,2,1,10,1,short service,0.0,1,1.0,7,-0.3963414634146341,0.6635416666666666,,,8,188.3,336.07,8,117.6,688.03,2,50,4290
3,2,00:34:20,61825,2,1,34,2,lob,0.0,0,1.0,4,1.3463414634146338,-1.5622916666666669,,,7,137.5,594.36,8,167.1,331.03,2,50,4290
3,3,00:34:22,61862,2,1,10,2,smash,0.0,0,2.0,5,1.4865853658536583,1.0125,,,9,220.8,198.6,8,219.5,634.35,2,50,4290
3,4,00:34:22,61880,2,1,34,2,defensive shot,0.0,0,1.0,2,1.4158536585365855,-0.3115104166666667,,,8,230.6,697.33,9,229.3,195.53,2,50,4290
3,5,00:34:23,61907,2,1,10,3,push/rush,0.0,1,2.0,6,-1.1487804878048782,1.4428124999999998,opponent's ball landed,10.0,8,241.3,362.55,5,291.8,689.28,2,50,4290
