rally,ball_round,time,frame_num,roundscore_A,roundscore_B,player,server,type,aroundhead,backhand,landing_height,landing_area,landing_x,landing_y,lose_reason,getpoint_player,player_location_area,player_location_x,player_location_y,opponent_location_area,opponent_location_x,opponent_location_y,set,match_id,rally_id
24,1,00:47:17,85132,15,9,34,1,short service,0.0,1,1.0,7,0.2536585365853659,-0.4860416666666666,,,8,169.1,612.16,8,232.3,285.31,2,50,4310
24,2,00:47:18,85151,15,9,10,2,net shot,0.0,0,2.0,7,0.1829268292682926,0.2794791666666665,,,7,216.0,380.56,8,176.3,605.54,2,50,4310
24,3,00:47:19,85176,15,9,34,2,net shot,0.0,1,2.0,7,0.2865853658536585,-0.1753125000000001,,,7,205.4,566.2,8,186.6,340.9,2,50,4310
24,4,00:47:20,85200,15,9,10,2,push/rush,0.0,1,1.0,4,-1.197560975609756,1.5523437499999997,,,7,180.1,408.53,7,196.6,589.22,2,50,4310
24,5,00:47:20,85229,15,9,34,2,smash,1.0,0,2.0,5,-1.4097560975609755,-1.184583333333333,,,8,145.0,726.77,8,154.7,292.75,2,50,4310
24,6,00:47:21,85244,15,9,10,2,defensive shot,0.0,0,1.0,2,-1.3353658536585369,0.4407812499999999,,,8,119.4,248.6,9,121.5,764.53,2,50,4310
24,7,00:47:22,85269,15,9,34,2,net shot,0.0,1,2.0,1,-1.473170731707317,-0.4677083333333334,,,2,93.7,568.36,5,100.3,228.13,2,50,4310
24,8,00:47:23,85295,15,9,10,2,lob,0.0,0,1.0,6,-0.8585365853658538,1.50859375,,,5,55.1,358.94,7,115.0,572.91,2,50,4310
24,9,00:47:24,85334,15,9,34,3,smash,0.0,0,2.0,10,1.6926829268292685,-0.8473958333333332,out,10.0,8,112.3,735.98,8,121.2,300.38,2,50,4310
