rally,ball_round,time,frame_num,roundscore_A,roundscore_B,player,server,type,aroundhead,backhand,landing_height,landing_area,landing_x,landing_y,lose_reason,getpoint_player,player_location_area,player_location_x,player_location_y,opponent_location_area,opponent_location_x,opponent_location_y,set,match_id,rally_id
15,1,00:40:54,73638,8,7,34,1,short service,0.0,1,1.0,7,0.3987804878048779,-0.4974479166666666,,,8,168.5,612.15,8,235.3,260.7,2,50,4302
15,2,00:40:55,73652,8,7,10,2,push/rush,0.0,0,1.0,3,1.319512195121951,1.6462500000000002,,,7,225.6,391.67,8,186.5,616.23,2,50,4302
15,3,00:40:56,73685,8,7,34,2,drop,0.0,0,2.0,1,-1.1841463414634146,-0.4552083333333332,,,9,251.6,781.23,8,191.1,306.04,2,50,4302
15,4,00:40:57,73710,8,7,10,2,net shot,0.0,0,1.0,2,-1.2109756097560975,0.4885416666666664,,,8,114.3,363.98,8,203.5,707.45,2,50,4302
15,5,00:40:57,73738,8,7,34,2,net shot,0.0,1,2.0,1,-1.2317073170731707,-0.1282291666666667,,,2,91.4,575.65,8,121.4,318.29,2,50,4302
15,6,00:40:58,73766,8,7,10,2,lob,0.0,0,1.0,9,-0.5975609756097561,1.6486458333333331,,,1,78.8,403.59,7,128.1,581.66,2,50,4302
15,7,00:41:00,73820,8,7,34,3,smash,0.0,0,2.0,10,-1.6121951219512194,-0.9115104166666668,out,10.0,9,129.0,762.02,8,135.9,287.32,2,50,4302
