rally,ball_round,time,frame_num,roundscore_A,roundscore_B,player,server,type,aroundhead,backhand,landing_height,landing_area,landing_x,landing_y,lose_reason,getpoint_player,player_location_area,player_location_x,player_location_y,opponent_location_area,opponent_location_x,opponent_location_y,set,match_id,rally_id
33,1,00:29:37,53336,20,13,34,1,short service,0.0,1,2.0,8,0.6048780487804878,0.6737500000000001,,,8,165.8,357.38,8,223.3,685.55,1,50,4285
33,2,00:29:38,53353,20,13,10,2,lob,0.0,0,1.0,3,-1.0402439024390244,-1.6208854166666669,,,8,202.3,604.38,8,167.7,313.55,1,50,4285
33,3,00:29:39,53397,20,13,34,2,smash,0.0,0,2.0,6,-1.4121951219512194,1.2309895833333335,,,9,118.0,169.19,8,187.1,669.78,1,50,4285
33,4,00:29:40,53413,20,13,10,2,defensive shot,0.0,1,1.0,1,-1.445121951219512,-0.2762500000000001,,,8,188.5,686.38,3,89.3,188.29,1,50,4285
33,5,00:29:41,53442,20,13,34,2,net shot,0.0,0,2.0,2,-1.329268292682927,0.3091145833333334,,,1,67.8,407.75,8,116.2,684.78,1,50,4285
33,6,00:29:42,53468,20,13,10,3,net shot,0.0,1,2.0,2,-0.9670731707317072,0.1062499999999998,touched the net,10.0,2,90.4,560.9,5,96.6,349.84,1,50,4285
