rally,ball_round,time,frame_num,roundscore_A,roundscore_B,player,server,type,aroundhead,backhand,landing_height,landing_area,landing_x,landing_y,lose_reason,getpoint_player,player_location_area,player_location_x,player_location_y,opponent_location_area,opponent_location_x,opponent_location_y,set,match_id,rally_id
22,1,00:24:10,43518,15,7,34,1,short service,0.0,1,2.0,7,-0.0975609756097561,0.6572395833333337,,,8,182.5,362.14,8,112.9,695.43,1,50,4274
22,2,00:24:11,43534,15,7,10,2,net shot,0.0,0,2.0,7,-0.5963414634146342,-0.3174999999999999,,,7,128.3,594.3,8,170.4,335.95,1,50,4274
22,3,00:24:12,43560,15,7,34,2,push/rush,0.0,0,1.0,3,1.4695121951219512,1.6298437499999998,,,7,142.2,366.47,8,170.5,628.97,1,50,4274
22,4,00:24:13,43593,15,7,10,2,drive,0.0,0,1.0,6,1.1548780487804875,-0.9310416666666668,,,3,256.8,780.46,8,176.8,308.51,1,50,4274
22,5,00:24:13,43608,15,7,34,2,drive,0.0,1,1.0,8,-0.6341463414634146,1.0771875000000002,,,8,182.7,308.55,8,250.0,744.34,1,50,4274
22,6,00:24:14,43625,15,7,10,2,defensive shot,0.0,1,2.0,7,-0.5707317073170733,-0.5003125,,,8,189.2,673.18,8,184.4,290.31,1,50,4274
22,7,00:24:14,43645,15,7,34,2,net shot,0.0,0,2.0,7,-0.2939024390243901,0.4598437499999998,,,8,142.0,361.86,8,161.2,658.09,1,50,4274
22,8,00:24:15,43668,15,7,10,2,net shot,0.0,1,2.0,7,0.8695121951219513,-0.4375,,,7,161.1,576.14,8,157.9,321.05,1,50,4274
22,9,00:24:16,43693,15,7,34,3,lob,0.0,1,2.0,10,1.1268292682926826,1.8308854166666664,out,10.0,7,229.9,367.08,8,195.9,620.2,1,50,4274
