rally,ball_round,time,frame_num,roundscore_A,roundscore_B,player,server,type,aroundhead,backhand,landing_height,landing_area,landing_x,landing_y,lose_reason,getpoint_player,player_location_area,player_location_x,player_location_y,opponent_location_area,opponent_location_x,opponent_location_y,set,match_id,rally_id
6,1,00:33:11,59738,4,2,2,1,long service,0.0,0,1.0,9,0.6573170731707317,-1.4858854166666664,,,8,164.1,635.04,8,215.8,252.55,2,53,4534
6,2,00:33:13,59795,4,2,8,2,clear,0.0,0,1.0,5,1.1182926829268292,1.4916145833333332,,,9,224.0,194.04,8,200.8,651.8,2,53,4534
6,3,00:33:14,59826,4,2,2,2,drop,0.0,0,2.0,6,1.2792682926829266,-0.5429166666666667,,,8,240.3,751.35,8,188.1,263.85,2,53,4534
6,4,00:33:15,59850,4,2,8,2,net shot,0.0,1,2.0,1,1.4121951219512197,0.2265104166666667,,,6,255.6,343.73,8,222.5,696.79,2,53,4534
6,5,00:33:15,59879,4,2,2,2,net shot,0.0,0,2.0,2,1.4109756097560977,-0.2050520833333333,,,1,272.4,547.83,8,218.7,331.68,2,53,4534
6,6,00:33:16,59905,4,2,8,2,push/rush,0.0,1,1.0,3,1.2378048780487805,1.525729166666667,,,2,258.0,414.98,7,226.8,594.0,2,53,4534
6,7,00:33:17,59937,4,2,2,2,drive,0.0,0,2.0,8,0.8060975609756097,-0.6036458333333332,,,9,246.8,763.42,8,212.7,326.73,2,53,4534
6,8,00:33:18,59960,4,2,8,3,lob,0.0,1,2.0,10,-1.130487804878049,1.8255729166666663,out,2.0,8,221.2,341.52,8,208.3,699.41,2,53,4534
