rally,ball_round,time,frame_num,roundscore_A,roundscore_B,player,server,type,aroundhead,backhand,landing_height,landing_area,landing_x,landing_y,lose_reason,getpoint_player,player_location_area,player_location_x,player_location_y,opponent_location_area,opponent_location_x,opponent_location_y,set,match_id,rally_id
30,1,00:21:48,39257,15,15,2,1,long service,0.0,0,1.0,9,-0.8182926829268292,1.6213020833333331,,,8,185.2,316.82,8,131.4,691.06,1,53,4521
30,2,00:21:50,39316,15,15,8,2,clear,0.0,0,1.0,3,-0.9646341463414634,-1.4172916666666666,,,9,118.2,784.47,8,149.1,311.96,1,53,4521
30,3,00:21:51,39345,15,15,2,2,drop,0.0,0,2.0,2,-0.9170731707317074,0.5662500000000001,,,9,105.4,200.89,8,162.5,698.47,1,53,4521
30,4,00:21:52,39368,15,15,8,2,lob,0.0,1,1.0,9,0.8658536585365854,-1.5189583333333332,,,7,119.1,591.6,8,135.5,241.78,1,53,4521
30,5,00:21:53,39398,15,15,2,2,clear,0.0,0,1.0,5,1.0329268292682925,1.33609375,,,8,204.1,206.26,8,178.8,650.56,1,53,4521
30,6,00:21:54,39422,15,15,8,2,smash,0.0,0,2.0,6,1.218292682926829,-1.0898958333333333,,,8,221.1,717.81,8,213.0,212.17,1,53,4521
30,7,00:21:54,39440,15,15,2,2,defensive shot,0.0,1,1.0,7,0.2073170731707317,0.3147395833333331,,,8,198.7,282.8,5,252.5,730.67,1,53,4521
30,8,00:21:55,39467,15,15,8,3,net shot,0.0,0,2.0,5,-1.4109756097560977,-0.5599479166666667,opponent's ball landed,2.0,7,168.7,555.35,8,183.1,309.16,1,53,4521
