rally,ball_round,time,frame_num,roundscore_A,roundscore_B,player,server,type,aroundhead,backhand,landing_height,landing_area,landing_x,landing_y,lose_reason,getpoint_player,player_location_area,player_location_x,player_location_y,opponent_location_area,opponent_location_x,opponent_location_y,set,match_id,rally_id
13,1,00:11:54,21443,6,7,2,1,long service,0.0,0,1.0,9,0.3987804878048779,1.739895833333333,,,8,161.0,314.43,8,234.5,726.08,1,53,4504
13,2,00:11:56,21491,6,7,8,2,clear,0.0,0,1.0,3,-1.2158536585365851,-1.4806770833333331,,,9,204.6,805.03,8,158.7,304.16,1,53,4504
13,3,00:11:57,21527,6,7,2,2,clear,0.0,0,1.0,4,-1.25,1.611614583333333,,,3,83.8,194.96,8,173.9,675.11,1,53,4504
13,4,00:11:59,21571,6,7,8,2,clear,0.0,0,1.0,3,-1.0646341463414637,-1.465,,,4,86.0,777.39,8,143.8,275.08,1,53,4504
13,5,00:12:00,21606,6,7,2,3,drop,0.0,0,2.0,10,1.6231707317073174,0.6421354166666665,out,2.0,3,99.2,185.65,8,145.2,693.52,1,53,4504
