rally,ball_round,time,frame_num,roundscore_A,roundscore_B,player,server,type,aroundhead,backhand,landing_height,landing_area,landing_x,landing_y,lose_reason,getpoint_player,player_location_area,player_location_x,player_location_y,opponent_location_area,opponent_location_x,opponent_location_y,set,match_id,rally_id
32,1,00:52:29,94483,16,16,8,1,short service,0.0,1,2.0,8,-0.3756097560975611,0.7289062500000002,,,8,181.8,319.38,8,128.1,668.74,2,53,4560
32,2,00:52:30,94505,16,16,2,2,lob,0.0,1,1.0,3,-1.2121951219512197,-1.5131770833333331,,,8,149.7,609.96,8,178.3,314.32,2,53,4560
32,3,00:52:31,94543,16,16,8,2,clear,0.0,0,1.0,3,0.9792682926829268,1.5771875000000002,,,3,100.1,188.72,8,172.8,663.02,2,53,4560
32,4,00:52:32,94581,16,16,2,2,drive,0.0,0,2.0,6,1.1792682926829268,-0.6808333333333335,,,9,241.3,764.54,8,168.7,266.73,2,53,4560
32,5,00:52:33,94606,16,16,8,2,push/rush,0.0,1,1.0,5,1.4573170731707317,1.4790104166666669,,,8,241.2,334.01,8,205.6,689.26,2,53,4560
32,6,00:52:34,94635,16,16,2,3,drive,0.0,0,2.0,1,1.3073170731707315,0.1786458333333334,touched the net,2.0,5,254.9,752.36,8,194.5,285.5,2,53,4560
