rally,ball_round,time,frame_num,roundscore_A,roundscore_B,player,server,type,aroundhead,backhand,landing_height,landing_area,landing_x,landing_y,lose_reason,getpoint_player,player_location_area,player_location_x,player_location_y,opponent_location_area,opponent_location_x,opponent_location_y,set,match_id,rally_id
37,1,00:56:05,100971,19,18,8,1,short service,0.0,1,2.0,8,0.5646341463414636,0.6779166666666665,,,8,167.3,324.53,8,221.4,674.78,2,53,4565
37,2,00:56:06,100994,19,18,2,2,net shot,0.0,1,2.0,2,1.409756097560976,-0.3871354166666665,,,8,222.4,609.46,8,179.7,316.86,2,53,4565
37,3,00:56:07,101020,19,18,8,2,drive,0.0,1,1.0,3,1.3585365853658533,1.6633854166666666,,,2,255.0,410.64,8,215.4,612.53,2,53,4565
37,4,00:56:08,101059,19,18,2,2,drive,0.0,0,1.0,6,1.4560975609756095,-0.6945312500000002,,,3,257.8,786.57,8,203.9,319.24,2,53,4565
37,5,00:56:09,101082,19,18,8,2,defensive shot,0.0,1,2.0,7,-0.2878048780487804,0.5896875000000001,,,6,265.8,353.34,8,211.9,736.77,2,53,4565
37,6,00:56:10,101108,19,18,2,2,net shot,0.0,1,1.0,7,0.2182926829268293,-0.3371875,,,7,163.1,584.95,8,206.1,311.58,2,53,4565
37,7,00:56:11,101134,19,18,8,2,net shot,0.0,1,2.0,7,-0.8475609756097561,0.2139583333333332,,,7,182.6,400.1,8,172.1,609.8,2,53,4565
37,8,00:56:11,101157,19,18,2,2,lob,0.0,1,1.0,9,0.7560975609756098,-1.5513541666666668,,,7,121.1,533.23,8,165.0,354.01,2,53,4565
37,9,00:56:13,101200,19,18,8,3,clear,0.0,0,2.0,10,-1.7207317073170731,1.50015625,out,2.0,8,207.0,209.24,8,182.9,629.1,2,53,4565
