rally,ball_round,time,frame_num,roundscore_A,roundscore_B,player,server,type,aroundhead,backhand,landing_height,landing_area,landing_x,landing_y,lose_reason,getpoint_player,player_location_area,player_location_x,player_location_y,opponent_location_area,opponent_location_x,opponent_location_y,set,match_id,rally_id
39,1,00:29:13,52608,20,19,21,1,short service,0.0,1,2.0,7,-0.1817073170731708,0.4999479166666667,,,8,183.5,351.9,8,120.7,694.72,1,26,2161
39,2,00:29:14,52628,20,19,0,2,lob,0.0,0,1.0,6,0.996341463414634,-1.3459374999999998,,,8,125.2,601.35,8,160.9,351.49,1,26,2161
39,3,00:29:15,52661,20,19,21,2,smash,1.0,0,2.0,8,-0.0560975609756096,0.92203125,,,8,205.7,221.21,8,199.2,688.81,1,26,2161
39,4,00:29:15,52672,20,19,0,2,defensive shot,0.0,1,2.0,7,-0.1768292682926829,-0.3139062499999999,,,8,218.6,712.48,8,224.6,214.78,1,26,2161
39,5,00:29:16,52700,20,19,21,2,lob,0.0,0,1.0,8,-0.6975609756097562,1.4228645833333335,,,8,181.1,351.85,8,175.8,664.07,1,26,2161
39,6,00:29:18,52740,20,19,0,2,drop,1.0,0,2.0,5,-1.0097560975609756,-0.5783333333333335,,,8,130.3,746.53,8,142.2,315.88,1,26,2161
39,7,00:29:18,52762,20,19,21,2,net shot,0.0,0,2.0,2,-1.0378048780487803,0.4281770833333335,,,8,104.6,341.79,8,145.7,749.76,1,26,2161
39,8,00:29:19,52784,20,19,0,2,push/rush,0.0,1,1.0,5,-1.0390243902439025,-0.9036458333333334,,,8,112.6,597.21,8,114.1,327.29,1,26,2161
39,9,00:29:19,52799,20,19,21,3,smash,0.0,0,2.0,9,0.4060975609756099,1.6981770833333332,opponent's ball landed,21.0,8,136.2,318.77,8,121.1,609.18,1,26,2161
