rally,ball_round,time,frame_num,roundscore_A,roundscore_B,player,server,type,aroundhead,backhand,landing_height,landing_area,landing_x,landing_y,lose_reason,getpoint_player,player_location_area,player_location_x,player_location_y,opponent_location_area,opponent_location_x,opponent_location_y,set,match_id,rally_id
25,1,00:45:05,81152,15,10,21,1,short service,0.0,1,2.0,7,-0.5792682926829268,-0.3727083333333333,,,8,181.4,649.68,8,127.5,294.23,2,26,2189
25,2,00:45:05,81173,15,10,0,2,net shot,0.0,1,2.0,2,-1.0341463414634149,0.2556250000000002,,,7,119.6,413.97,8,184.7,655.19,2,26,2189
25,3,00:45:06,81195,15,10,21,2,push/rush,0.0,1,1.0,8,0.7439024390243902,-1.36625,,,2,103.4,576.8,8,139.4,345.33,2,26,2189
25,4,00:45:07,81227,15,10,0,3,smash,1.0,0,2.0,10,1.6963414634146343,1.292552083333333,out,21.0,8,205.9,247.95,8,186.6,655.21,2,26,2189
