rally,ball_round,time,frame_num,roundscore_A,roundscore_B,player,server,type,aroundhead,backhand,landing_height,landing_area,landing_x,landing_y,lose_reason,getpoint_player,player_location_area,player_location_x,player_location_y,opponent_location_area,opponent_location_x,opponent_location_y,set,match_id,rally_id
31,1,00:48:16,86895,19,12,21,1,short service,0.0,1,2.0,7,-0.4731707317073172,-0.1667187499999999,,,8,183.3,655.17,8,130.7,297.38,2,26,2195
31,2,00:48:16,86906,19,12,0,2,net shot,0.0,0,2.0,2,-1.017073170731707,0.4839583333333331,,,7,140.3,401.04,8,182.9,633.0,2,26,2195
31,3,00:48:17,86930,19,12,21,2,push/rush,0.0,1,1.0,4,1.003658536585366,-1.4184375000000002,,,8,110.7,607.08,7,136.5,370.87,2,26,2195
31,4,00:48:18,86962,19,12,0,2,drop,1.0,0,2.0,1,1.353658536585366,0.6062499999999998,,,8,199.9,270.5,8,197.3,693.9,2,26,2195
31,5,00:48:19,86989,19,12,21,2,net shot,0.0,0,2.0,2,1.3524390243902435,-0.1804687499999998,,,8,246.5,637.55,8,208.7,238.08,2,26,2195
31,6,00:48:20,87015,19,12,0,2,net shot,0.0,1,1.0,1,1.2853658536585364,0.1991145833333334,,,2,257.8,392.29,8,231.8,633.62,2,26,2195
31,7,00:48:21,87034,19,12,21,3,push/rush,0.0,0,2.0,8,0.7573170731707316,-0.9700520833333334,opponent's ball landed,21.0,7,250.3,560.03,7,238.8,391.96,2,26,2195
