rally,ball_round,time,frame_num,roundscore_A,roundscore_B,player,server,type,aroundhead,backhand,landing_height,landing_area,landing_x,landing_y,lose_reason,getpoint_player,player_location_area,player_location_x,player_location_y,opponent_location_area,opponent_location_x,opponent_location_y,set,match_id,rally_id
31,1,00:23:57,43111,15,16,0,1,short service,0.0,1,2.0,7,0.2158536585365852,-0.4520833333333334,,,8,167.1,643.99,8,228.6,293.09,1,26,2153
31,2,00:23:57,43131,15,16,21,2,net shot,0.0,0,2.0,7,0.3231707317073171,0.4588020833333335,,,7,220.6,383.44,8,178.1,645.97,1,26,2153
31,3,00:23:58,43154,15,16,0,2,lob,0.0,0,1.0,9,0.5707317073170733,-1.5336458333333336,,,8,183.9,608.04,8,179.3,346.06,1,26,2153
31,4,00:23:59,43186,15,16,21,3,smash,1.0,0,2.0,10,1.6414634146341467,1.3345312500000002,out,21.0,8,196.8,214.2,8,196.8,697.28,1,26,2153
