rally,ball_round,time,frame_num,roundscore_A,roundscore_B,player,server,type,aroundhead,backhand,landing_height,landing_area,landing_x,landing_y,lose_reason,getpoint_player,player_location_area,player_location_x,player_location_y,opponent_location_area,opponent_location_x,opponent_location_y,set,match_id,rally_id
1,1,00:06:49,12273,0,1,0,1,short service,0.0,1,2.0,7,-0.2670731707317074,-0.3007291666666667,,,8,181.9,640.47,8,126.7,306.5,1,26,2123
1,2,00:06:49,12293,0,1,21,2,net shot,0.0,0,2.0,7,0.0024390243902437,0.2857291666666667,,,8,136.0,353.9,8,180.0,644.15,1,26,2123
1,3,00:06:50,12319,0,1,0,2,lob,0.0,0,1.0,9,-0.6499999999999999,-1.4703645833333334,,,7,173.3,554.69,7,162.9,371.34,1,26,2123
1,4,00:06:52,12375,0,1,21,3,smash,0.0,0,2.0,7,0.0939024390243901,-0.1230208333333333,touched the net,21.0,8,114.0,205.57,8,181.8,707.13,1,26,2123
