rally,ball_round,time,frame_num,roundscore_A,roundscore_B,player,server,type,aroundhead,backhand,landing_height,landing_area,landing_x,landing_y,lose_reason,getpoint_player,player_location_area,player_location_x,player_location_y,opponent_location_area,opponent_location_x,opponent_location_y,set,match_id,rally_id
26,1,00:24:54,44821,12,14,15,1,short service,0.0,0,2.0,7,0.6402439024390244,0.4195312499999997,,,8,165.7,307.96,8,222.6,693.03,1,17,1381
26,2,00:24:54,44845,12,14,16,2,net shot,0.0,0,2.0,7,-0.0097560975609757,-0.2370312499999999,,,8,207.1,605.26,8,186.2,334.25,1,17,1381
26,3,00:24:55,44872,12,14,15,2,lob,0.0,1,1.0,8,0.9243902439024392,1.4235937500000002,,,7,173.7,400.23,8,183.5,636.54,1,17,1381
26,4,00:24:57,44911,12,14,16,2,smash,0.0,0,2.0,6,0.992682926829268,-0.9115104166666668,,,9,224.5,766.58,8,199.0,291.19,1,17,1381
26,5,00:24:57,44927,12,14,15,2,defensive shot,0.0,0,2.0,7,0.295121951219512,0.6309374999999999,,,8,229.2,308.83,8,221.6,735.36,1,17,1381
26,6,00:24:58,44948,12,14,16,2,net shot,0.0,0,2.0,7,-0.7963414634146341,-0.360625,,,8,165.4,635.22,8,197.5,289.23,1,17,1381
26,7,00:24:59,44975,12,14,15,3,net shot,0.0,1,2.0,7,-0.823170731707317,-0.0616145833333332,touched the net,16.0,7,125.2,409.51,8,187.1,673.91,1,17,1381
