rally,ball_round,time,frame_num,roundscore_A,roundscore_B,player,server,type,aroundhead,backhand,landing_height,landing_area,landing_x,landing_y,lose_reason,getpoint_player,player_location_area,player_location_x,player_location_y,opponent_location_area,opponent_location_x,opponent_location_y,set,match_id,rally_id
4,1,00:11:59,21592,1,3,16,1,long service,0.0,0,1.0,4,1.3000000000000005,-1.4144270833333332,,,8,159.0,657.47,8,233.9,279.97,1,17,1359
4,2,00:12:01,21654,1,3,15,2,drop,0.0,0,2.0,1,1.0573170731707315,0.6600000000000001,,,4,278.3,177.6,8,198.6,681.4,1,17,1359
4,3,00:12:02,21675,1,3,16,2,net shot,0.0,0,2.0,2,0.9658536585365852,-0.1985416666666667,,,8,245.0,649.5,8,228.9,241.57,1,17,1359
4,4,00:12:03,21705,1,3,15,2,lob,0.0,0,1.0,3,1.1329268292682924,1.5436458333333334,,,7,219.4,405.77,8,198.9,643.46,1,17,1359
4,5,00:12:04,21742,1,3,16,2,clear,0.0,0,1.0,8,-0.8609756097560974,-1.216041666666667,,,9,239.7,783.33,8,199.3,308.42,1,17,1359
4,6,00:12:05,21776,1,3,15,2,smash,1.0,0,2.0,6,-1.2621951219512195,1.12125,,,8,134.6,266.67,8,180.8,715.72,1,17,1359
4,7,00:12:06,21792,1,3,16,2,defensive shot,0.0,1,2.0,1,-1.2097560975609756,-0.3283333333333334,,,8,174.0,699.7,8,134.0,264.66,1,17,1359
4,8,00:12:07,21819,1,3,15,2,push/rush,0.0,1,1.0,8,0.6524390243902439,1.3633333333333333,,,1,93.1,410.74,8,125.4,694.16,1,17,1359
4,9,00:12:08,21847,1,3,16,3,smash,0.0,0,2.0,10,1.6670731707317072,-1.2549479166666666,out,16.0,8,199.5,741.75,8,157.0,346.52,1,17,1359
