rally,ball_round,time,frame_num,roundscore_A,roundscore_B,player,server,type,aroundhead,backhand,landing_height,landing_area,landing_x,landing_y,lose_reason,getpoint_player,player_location_area,player_location_x,player_location_y,opponent_location_area,opponent_location_x,opponent_location_y,set,match_id,rally_id
32,1,00:29:38,53354,17,15,16,1,long service,0.0,0,1.0,9,-0.2829268292682925,-1.5055729166666667,,,8,192.9,673.97,8,125.9,274.5,1,17,1387
32,2,00:29:40,53411,17,15,15,2,drop,0.0,0,2.0,1,1.0817073170731706,0.6086458333333334,,,9,148.3,202.19,8,195.1,681.37,1,17,1387
32,3,00:29:41,53431,17,15,16,2,lob,0.0,0,1.0,9,-0.5304878048780488,-1.4146875,,,8,243.7,645.03,8,159.9,248.81,1,17,1387
32,4,00:29:42,53464,17,15,15,2,smash,1.0,0,2.0,5,0.9743902439024392,1.119479166666667,,,8,157.4,225.9,8,204.6,686.67,1,17,1387
32,5,00:29:42,53479,17,15,16,2,defensive shot,0.0,0,2.0,2,1.175609756097561,-0.4287499999999999,,,8,206.0,703.03,8,134.5,242.27,1,17,1387
32,6,00:29:43,53514,17,15,15,3,lob,0.0,0,2.0,7,0.4195121951219513,0.0620833333333334,touched the net,16.0,7,228.5,368.65,8,211.2,668.81,1,17,1387
