rally,ball_round,time,frame_num,roundscore_A,roundscore_B,player,server,type,aroundhead,backhand,landing_height,landing_area,landing_x,landing_y,lose_reason,getpoint_player,player_location_area,player_location_x,player_location_y,opponent_location_area,opponent_location_x,opponent_location_y,set,match_id,rally_id
15,1,00:17:47,32031,6,9,16,1,long service,0.0,0,1.0,9,-0.6585365853658537,-1.4846875,,,8,190.2,678.17,8,129.2,296.01,1,17,1370
15,2,00:17:49,32092,6,9,15,2,smash,1.0,0,2.0,6,-1.147560975609756,1.0611979166666667,,,8,122.6,210.46,8,187.3,692.7,1,17,1370
15,3,00:17:50,32107,6,9,16,2,defensive shot,0.0,1,2.0,7,-0.1121951219512193,-0.4181249999999998,,,8,175.9,688.47,8,137.9,248.49,1,17,1370
15,4,00:17:51,32133,6,9,15,2,net shot,0.0,1,2.0,7,0.4756097560975609,0.2923437499999999,,,7,183.4,395.36,8,147.2,697.42,1,17,1370
15,5,00:17:52,32162,6,9,16,3,lob,0.0,0,2.0,10,1.090243902439024,-1.79921875,out,16.0,7,195.4,561.57,8,171.1,355.62,1,17,1370
