rally,ball_round,time,frame_num,roundscore_A,roundscore_B,player,server,type,aroundhead,backhand,landing_height,landing_area,landing_x,landing_y,lose_reason,getpoint_player,player_location_area,player_location_x,player_location_y,opponent_location_area,opponent_location_x,opponent_location_y,set,match_id,rally_id
7,1,00:13:30,24310,3,4,16,1,long service,0.0,0,1.0,4,1.2829268292682925,-1.4838020833333332,,,8,163.2,676.86,8,229.4,273.98,1,17,1362
7,2,00:13:32,24370,3,4,15,2,drop,0.0,0,2.0,8,-0.7914634146341464,0.7583333333333334,,,4,273.7,197.51,8,198.4,688.68,1,17,1362
7,3,00:13:33,24392,3,4,16,2,net shot,0.0,1,2.0,7,-0.1146341463414634,-0.2882812500000001,,,8,130.3,657.19,8,233.0,245.76,1,17,1362
7,4,00:13:34,24420,3,4,15,2,net shot,0.0,0,2.0,2,-0.921951219512195,0.3069791666666669,,,7,139.2,393.12,8,153.5,675.71,1,17,1362
7,5,00:13:34,24445,3,4,16,2,push/rush,0.0,1,1.0,4,1.0268292682926827,-1.508802083333333,,,7,106.0,572.12,7,158.8,371.22,1,17,1362
7,6,00:13:36,24486,3,4,15,2,drop,0.0,0,2.0,7,0.8658536585365854,0.6141666666666664,,,9,235.1,203.48,8,185.2,664.25,1,17,1362
7,7,00:13:37,24512,3,4,16,2,push/rush,0.0,0,1.0,8,-0.6963414634146341,-0.9418229166666666,,,8,224.2,638.08,8,214.9,241.37,1,17,1362
7,8,00:13:37,24529,3,4,15,3,smash,1.0,0,2.0,4,-1.3890243902439026,1.7365624999999998,opponent's ball landed,16.0,8,166.7,304.18,8,215.0,660.2,1,17,1362
