rally,ball_round,time,frame_num,roundscore_A,roundscore_B,player,server,type,aroundhead,backhand,landing_height,landing_area,landing_x,landing_y,lose_reason,getpoint_player,player_location_area,player_location_x,player_location_y,opponent_location_area,opponent_location_x,opponent_location_y,set,match_id,rally_id
30,1,00:27:54,50223,15,15,15,1,short service,0.0,0,2.0,7,-0.3097560975609756,0.5499479166666669,,,8,191.4,319.57,8,124.4,687.98,1,17,1385
30,2,00:27:54,50246,15,15,16,2,net shot,0.0,0,2.0,7,-0.319512195121951,-0.1640625,,,7,164.6,592.69,8,191.2,336.14,1,17,1385
30,3,00:27:55,50271,15,15,15,2,lob,0.0,1,1.0,8,0.7865853658536586,1.3286979166666668,,,7,150.4,422.8,8,172.6,616.78,1,17,1385
30,4,00:27:57,50320,15,15,16,3,smash,0.0,0,2.0,5,-0.9719512195121952,-0.8039062500000002,opponent's ball landed,16.0,8,241.7,734.6,8,200.8,310.33,1,17,1385
