rally,ball_round,time,frame_num,roundscore_A,roundscore_B,player,server,type,aroundhead,backhand,landing_height,landing_area,landing_x,landing_y,lose_reason,getpoint_player,player_location_area,player_location_x,player_location_y,opponent_location_area,opponent_location_x,opponent_location_y,set,match_id,rally_id
14,1,01:06:00,118810,9,5,10,1,short service,0.0,1,2.0,7,-0.324390243902439,-0.1384374999999999,,,8,186.8,620.75,8,141.9,267.0,3,21,1768
14,2,01:06:01,118831,9,5,19,2,net shot,0.0,0,2.0,1,1.1865853658536587,0.3911458333333334,,,8,156.8,357.58,8,192.8,620.85,3,21,1768
14,3,01:06:01,118855,9,5,10,2,net shot,0.0,0,2.0,2,1.1097560975609757,-0.0991145833333331,,,7,237.8,587.02,8,188.1,309.83,3,21,1768
14,4,01:06:02,118879,9,5,19,2,net shot,0.0,1,2.0,7,0.8195121951219511,0.2569791666666668,,,7,248.3,402.19,8,223.7,609.38,3,21,1768
14,5,01:06:03,118902,9,5,10,2,lob,0.0,0,1.0,9,0.6463414634146342,-1.56171875,,,7,246.3,561.55,8,221.7,361.9,3,21,1768
14,6,01:06:04,118946,9,5,19,2,clear,0.0,0,1.0,9,-0.5890243902439024,1.51765625,,,9,231.0,182.05,8,203.1,628.88,3,21,1768
14,7,01:06:06,118991,9,5,10,3,smash,0.0,0,2.0,6,1.520731707317073,-0.6934374999999999,opponent's ball landed,10.0,8,144.6,750.82,8,161.3,270.75,3,21,1768
