rally,ball_round,time,frame_num,roundscore_A,roundscore_B,player,server,type,aroundhead,backhand,landing_height,landing_area,landing_x,landing_y,lose_reason,getpoint_player,player_location_area,player_location_x,player_location_y,opponent_location_area,opponent_location_x,opponent_location_y,set,match_id,rally_id
29,1,01:16:10,137104,19,10,19,1,short service,0.0,1,2.0,7,0.1304878048780486,-0.2170312500000001,,,8,172.9,626.43,8,234.1,269.14,3,21,1783
29,2,01:16:10,137122,19,10,10,2,net shot,0.0,0,2.0,7,0.1243902439024388,0.3357291666666668,,,7,208.8,373.2,8,188.8,628.65,3,21,1783
29,3,01:16:11,137146,19,10,19,2,lob,0.0,1,1.0,4,1.297560975609756,-1.3830208333333331,,,7,201.2,567.25,8,188.6,325.31,3,21,1783
29,4,01:16:12,137183,19,10,10,2,smash,0.0,0,2.0,5,1.3670731707317076,1.0280208333333334,,,8,250.5,218.47,8,214.6,675.99,3,21,1783
29,5,01:16:13,137195,19,10,19,2,defensive shot,0.0,0,2.0,2,1.0304878048780488,-0.1268229166666667,,,8,236.6,692.33,4,267.5,197.52,3,21,1783
29,6,01:16:14,137221,19,10,10,2,net shot,0.0,1,2.0,2,-1.0658536585365854,0.2541666666666664,,,7,246.9,368.25,8,250.5,689.03,3,21,1783
29,7,01:16:15,137250,19,10,19,3,lob,0.0,1,2.0,9,0.7914634146341464,-1.5993229166666667,misjudged,10.0,7,108.7,563.45,8,192.5,306.8,3,21,1783
