rally,ball_round,time,frame_num,roundscore_A,roundscore_B,player,server,type,aroundhead,backhand,landing_height,landing_area,landing_x,landing_y,lose_reason,getpoint_player,player_location_area,player_location_x,player_location_y,opponent_location_area,opponent_location_x,opponent_location_y,set,match_id,rally_id
2,1,00:30:03,54090,2,0,10,1,short service,0.0,1,2.0,7,-0.2256097560975609,0.5404687499999999,,,8,181.2,340.31,8,126.9,695.89,2,21,1714
2,2,00:30:03,54112,2,0,19,2,drive,0.0,1,2.0,8,0.7939024390243902,-0.8946874999999999,,,8,165.5,636.03,8,159.2,306.05,2,21,1714
2,3,00:30:04,54125,2,0,10,2,defensive shot,0.0,1,2.0,1,1.2170731707317075,0.5845833333333333,,,8,150.1,293.17,8,185.7,653.47,2,21,1714
2,4,00:30:04,54146,2,0,19,2,lob,0.0,0,1.0,5,-1.224390243902439,-1.3165625,,,8,244.3,637.32,8,189.8,331.44,2,21,1714
2,5,00:30:05,54179,2,0,10,2,drive,0.0,0,2.0,6,-1.1012195121951218,1.1338541666666668,,,5,88.7,238.86,8,189.7,689.85,2,21,1714
2,6,00:30:06,54194,2,0,19,2,defensive shot,0.0,1,2.0,1,-1.0597560975609757,-0.4720312499999999,,,8,167.3,664.32,5,94.1,242.41,2,21,1714
2,7,00:30:07,54216,2,0,10,3,net shot,0.0,0,2.0,7,-0.2317073170731707,0.2486458333333333,opponent's ball landed,10.0,5,99.5,365.1,8,150.1,687.48,2,21,1714
