rally,ball_round,time,frame_num,roundscore_A,roundscore_B,player,server,type,aroundhead,backhand,landing_height,landing_area,landing_x,landing_y,lose_reason,getpoint_player,player_location_area,player_location_x,player_location_y,opponent_location_area,opponent_location_x,opponent_location_y,set,match_id,rally_id
23,1,01:12:16,130093,16,7,10,1,short service,0.0,1,2.0,7,-0.4695121951219512,0.6593229166666669,,,8,185.5,331.35,8,135.6,690.78,3,21,1777
23,2,01:12:17,130116,16,7,19,2,push/rush,0.0,1,2.0,5,-1.3926829268292684,-1.3,,,8,159.4,620.29,8,181.2,319.0,3,21,1777
23,3,01:12:18,130150,16,7,10,2,drop,0.0,0,2.0,2,-1.1158536585365857,0.3497395833333332,,,5,98.0,228.76,8,170.6,649.47,3,21,1777
23,4,01:12:19,130171,16,7,19,2,net shot,0.0,1,2.0,7,0.7060975609756098,-0.2539583333333333,,,2,97.3,588.77,8,116.8,236.11,3,21,1777
23,5,01:12:19,130196,16,7,10,2,lob,0.0,1,1.0,6,-1.2634146341463417,1.49734375,,,8,215.1,358.84,8,155.1,654.85,3,21,1777
23,6,01:12:21,130244,16,7,19,2,drop,0.0,1,1.0,1,-1.075609756097561,-0.1042187499999999,,,9,113.3,764.39,8,135.1,299.19,3,21,1777
23,7,01:12:22,130265,16,7,10,3,push/rush,0.0,0,2.0,4,-1.0743902439024389,1.6024999999999998,opponent's ball landed,10.0,7,125.7,371.44,8,129.7,716.44,3,21,1777
