rally,ball_round,time,frame_num,roundscore_A,roundscore_B,player,server,type,aroundhead,backhand,landing_height,landing_area,landing_x,landing_y,lose_reason,getpoint_player,player_location_area,player_location_x,player_location_y,opponent_location_area,opponent_location_x,opponent_location_y,set,match_id,rally_id
24,1,00:42:30,76514,18,6,10,1,short service,0.0,1,2.0,7,-0.3780487804878049,0.5026562499999999,,,8,187.3,325.73,8,143.8,660.57,2,55,4695
24,2,00:42:31,76536,18,6,24,2,lob,0.0,1,1.0,9,-0.852439024390244,-1.5028125,,,8,138.9,607.99,8,166.7,298.99,2,55,4695
24,3,00:42:32,76572,18,6,10,2,smash,0.0,0,2.0,5,1.0426829268292683,0.7697916666666664,,,9,123.0,151.99,8,147.7,666.14,2,55,4695
24,4,00:42:33,76590,18,6,24,2,defensive shot,0.0,1,2.0,2,0.9646341463414634,-0.3688020833333333,,,8,182.7,667.74,9,117.1,163.87,2,55,4695
24,5,00:42:33,76619,18,6,10,3,net shot,0.0,1,2.0,2,-1.0963414634146342,0.2035937499999998,opponent's ball landed,10.0,8,238.8,363.03,8,225.9,642.67,2,55,4695
