rally,ball_round,time,frame_num,roundscore_A,roundscore_B,player,server,type,aroundhead,backhand,landing_height,landing_area,landing_x,landing_y,lose_reason,getpoint_player,player_location_area,player_location_x,player_location_y,opponent_location_area,opponent_location_x,opponent_location_y,set,match_id,rally_id
5,1,00:29:49,53682,5,0,10,1,long service,0.0,1,1.0,5,1.3560975609756096,1.3797395833333332,,,8,168.9,325.67,8,225.2,669.39,2,55,4676
5,2,00:29:50,53721,5,0,24,2,smash,1.0,0,2.0,5,-1.051219512195122,-0.6397395833333333,,,8,223.9,696.15,8,169.5,281.49,2,55,4676
5,3,00:29:51,53749,5,0,10,2,defensive shot,0.0,0,2.0,2,-1.221951219512195,0.3328645833333332,,,8,125.2,348.92,8,213.9,725.27,2,55,4676
5,4,00:29:52,53774,5,0,24,3,lob,0.0,0,2.0,10,-1.0304878048780488,-1.719739583333333,out,10.0,7,114.6,587.61,8,136.9,315.97,2,55,4676
