rally,ball_round,time,frame_num,roundscore_A,roundscore_B,player,server,type,aroundhead,backhand,landing_height,landing_area,landing_x,landing_y,lose_reason,getpoint_player,player_location_area,player_location_x,player_location_y,opponent_location_area,opponent_location_x,opponent_location_y,set,match_id,rally_id
29,1,00:25:32,45983,15,14,30,1,long service,0.0,1,1.0,8,0.8268292682926831,1.409739583333333,,,8,168.2,324.23,8,218.5,629.21,1,43,3559
29,2,00:25:33,46012,15,14,31,2,drive,0.0,0,2.0,8,0.8951219512195122,-0.8967708333333334,,,8,222.2,736.04,8,168.1,313.98,1,43,3559
29,3,00:25:34,46026,15,14,30,2,defensive shot,0.0,1,2.0,1,1.2878048780487807,0.3158854166666665,,,8,161.4,298.47,8,222.3,732.8,1,43,3559
29,4,00:25:35,46051,15,14,31,2,push/rush,0.0,0,1.0,6,0.992682926829268,-1.0642708333333333,,,7,245.7,579.95,8,183.1,290.33,1,43,3559
29,5,00:25:35,46064,15,14,30,2,defensive shot,0.0,1,1.0,8,0.4280487804878048,1.3673958333333331,,,8,205.7,313.55,8,234.1,608.71,1,43,3559
29,6,00:25:36,46091,15,14,31,2,smash,0.0,0,2.0,8,0.6536585365853658,-0.8410416666666668,,,8,199.8,687.8,8,160.2,290.61,1,43,3559
29,7,00:25:36,46107,15,14,30,2,defensive shot,0.0,1,2.0,2,-0.8695121951219512,0.3844791666666669,,,8,170.3,306.19,8,209.9,719.72,1,43,3559
29,8,00:25:37,46132,15,14,31,3,push/rush,0.0,1,2.0,7,-0.1524390243902439,0.0430729166666665,touched the net,30.0,8,122.0,610.91,8,160.9,306.3,1,43,3559
