rally,ball_round,time,frame_num,roundscore_A,roundscore_B,player,server,type,aroundhead,backhand,landing_height,landing_area,landing_x,landing_y,lose_reason,getpoint_player,player_location_area,player_location_x,player_location_y,opponent_location_area,opponent_location_x,opponent_location_y,set,match_id,rally_id
2,1,00:35:05,63178,1,1,31,1,short service,0.0,1,2.0,7,-0.3085365853658538,0.372708333333333,,,8,186.2,336.72,8,128.2,684.41,2,43,3572
2,2,00:35:06,63200,1,1,30,2,lob,0.0,0,1.0,3,-1.017073170731707,-1.462135416666667,,,7,127.4,586.19,8,159.4,334.48,2,43,3572
2,3,00:35:07,63232,1,1,31,2,clear,0.0,0,1.0,4,-1.2951219512195122,1.6365625,,,8,104.7,211.96,8,161.3,652.87,2,43,3572
2,4,00:35:08,63261,1,1,30,2,clear,1.0,0,1.0,9,0.6597560975609755,-1.51875,,,8,115.8,737.56,8,126.1,258.91,2,43,3572
2,5,00:35:09,63292,1,1,31,2,clear,1.0,0,1.0,4,-1.0695121951219513,1.6288541666666667,,,8,187.5,224.92,8,158.7,713.09,2,43,3572
2,6,00:35:10,63327,1,1,30,2,clear,1.0,0,1.0,3,-1.4109756097560977,-1.5358333333333334,,,8,135.1,726.24,8,153.2,258.56,2,43,3572
2,7,00:35:12,63373,1,1,31,2,clear,0.0,0,1.0,4,-1.3682926829268294,1.5967708333333337,,,3,71.5,192.38,8,146.7,713.09,2,43,3572
2,8,00:35:13,63409,1,1,30,2,smash,1.0,0,2.0,5,-1.1243902439024391,-1.0527083333333334,,,6,89.6,742.34,8,132.0,272.34,2,43,3572
2,9,00:35:14,63423,1,1,31,3,defensive shot,0.0,0,2.0,1,-1.2134146341463414,-0.1979166666666666,touched the net,30.0,8,128.0,296.25,4,88.7,758.14,2,43,3572
