rally,ball_round,time,frame_num,roundscore_A,roundscore_B,player,server,type,aroundhead,backhand,landing_height,landing_area,landing_x,landing_y,lose_reason,getpoint_player,player_location_area,player_location_x,player_location_y,opponent_location_area,opponent_location_x,opponent_location_y,set,match_id,rally_id
10,1,01:12:53,131205,6,4,30,1,short service,0.0,1,2.0,7,0.3951219512195122,0.2747395833333333,,,8,165.5,339.45,8,217.3,658.12,3,43,3617
10,2,01:12:54,131226,6,4,31,2,net shot,0.0,0,2.0,7,-0.0987804878048779,-0.2497916666666665,,,7,191.8,591.74,8,173.6,334.33,3,43,3617
10,3,01:12:54,131248,6,4,30,2,lob,0.0,0,1.0,9,0.8012195121951218,1.6065625,,,7,161.9,374.05,8,184.5,621.92,3,43,3617
10,4,01:12:56,131284,6,4,31,2,smash,0.0,0,2.0,8,0.823170731707317,-0.93765625,,,9,208.4,769.23,8,168.7,319.11,3,43,3617
10,5,01:12:56,131298,6,4,30,2,defensive shot,0.0,1,2.0,2,-0.8560975609756097,0.5197395833333331,,,8,167.5,306.22,9,216.0,787.61,3,43,3617
10,6,01:12:57,131323,6,4,31,2,net shot,0.0,1,2.0,2,1.0841463414634145,-0.1938541666666668,,,8,131.8,647.55,8,165.8,287.9,3,43,3617
10,7,01:12:58,131349,6,4,30,3,push/rush,0.0,1,2.0,10,1.7402439024390242,1.6393229166666667,out,30.0,7,231.8,402.12,8,182.7,682.65,3,43,3617
