rally,ball_round,time,frame_num,roundscore_A,roundscore_B,player,server,type,aroundhead,backhand,landing_height,landing_area,landing_x,landing_y,lose_reason,getpoint_player,player_location_area,player_location_x,player_location_y,opponent_location_area,opponent_location_x,opponent_location_y,set,match_id,rally_id
39,1,00:31:39,56978,20,19,30,1,short service,0.0,1,2.0,7,0.5329268292682925,0.1979166666666666,,,8,168.7,331.85,8,219.6,656.34,1,43,3569
39,2,00:31:39,56995,20,19,31,2,net shot,0.0,0,2.0,1,-1.1402439024390243,-0.2220833333333332,,,7,205.3,556.45,8,166.6,336.93,1,43,3569
39,3,00:31:40,57016,20,19,30,2,lob,0.0,0,1.0,4,-1.15,1.6446354166666666,,,7,122.3,412.45,8,175.1,632.98,1,43,3569
39,4,00:31:41,57050,20,19,31,2,drop,1.0,0,2.0,8,0.5317073170731706,-0.7199479166666668,,,8,131.3,731.12,8,140.5,309.13,1,43,3569
39,5,00:31:42,57074,20,19,30,2,net shot,0.0,1,2.0,7,-0.7012195121951219,0.1568229166666667,,,8,193.8,339.15,8,118.6,729.49,1,43,3569
39,6,00:31:43,57096,20,19,31,2,net shot,0.0,1,2.0,7,-0.6804878048780487,-0.0818750000000001,,,7,120.7,552.83,8,163.9,346.98,1,43,3569
39,7,00:31:43,57115,20,19,30,2,lob,0.0,0,1.0,9,0.2402439024390242,1.5578125,,,7,137.4,407.65,7,143.2,588.06,1,43,3569
39,8,00:31:45,57164,20,19,31,2,drop,0.0,0,2.0,7,-0.7999999999999999,-0.4941145833333333,,,9,187.5,762.98,8,150.6,274.78,1,43,3569
39,9,00:31:46,57191,20,19,30,3,defensive shot,0.0,0,2.0,7,-0.4000000000000001,-0.1295833333333333,touched the net,30.0,8,118.3,324.78,8,173.3,722.99,1,43,3569
