rally,ball_round,time,frame_num,roundscore_A,roundscore_B,player,server,type,aroundhead,backhand,landing_height,landing_area,landing_x,landing_y,lose_reason,getpoint_player,player_location_area,player_location_x,player_location_y,opponent_location_area,opponent_location_x,opponent_location_y,set,match_id,rally_id
31,1,00:50:51,91532,17,14,19,1,short service,0.0,1,2.0,7,0.7878048780487804,0.6425520833333334,,,8,169.1,325.1,8,214.6,683.19,2,39,3242
31,2,00:50:51,91553,17,14,6,2,lob,0.0,0,2.0,3,-1.3609756097560974,-1.3946354166666666,,,7,205.3,589.03,8,166.4,330.11,2,39,3242
31,3,00:50:53,91590,17,14,19,2,drop,0.0,0,1.0,2,-1.2317073170731707,0.18609375,,,3,88.8,183.71,8,147.2,652.86,2,39,3242
31,4,00:50:53,91616,17,14,6,2,push/rush,0.0,1,2.0,8,-0.4804878048780489,-1.0094270833333334,,,2,89.1,545.46,8,138.7,236.9,2,39,3242
31,5,00:50:54,91627,17,14,19,2,defensive shot,0.0,1,1.0,7,-0.801219512195122,0.5893229166666666,,,8,121.8,254.02,2,88.0,545.46,2,39,3242
31,6,00:50:54,91642,17,14,6,3,push/rush,0.0,0,2.0,2,-0.9646341463414634,0.1463020833333332,touched the net,19.0,8,129.0,598.9,8,109.8,259.69,2,39,3242
