rally,ball_round,time,frame_num,roundscore_A,roundscore_B,player,server,type,aroundhead,backhand,landing_height,landing_area,landing_x,landing_y,lose_reason,getpoint_player,player_location_area,player_location_x,player_location_y,opponent_location_area,opponent_location_x,opponent_location_y,set,match_id,rally_id
1,1,00:32:30,58517,1,0,19,1,short service,0.0,1,2.0,7,0.6853658536585364,0.4213020833333332,,,8,167.7,325.11,8,215.2,680.59,2,39,3212
1,2,00:32:31,58536,1,0,6,2,net shot,0.0,0,2.0,1,-1.078048780487805,-0.2183854166666667,,,7,208.2,581.08,8,175.3,322.54,2,39,3212
1,3,00:32:32,58561,1,0,19,2,lob,0.0,0,1.0,8,0.0585365853658537,1.4999479166666667,,,7,105.3,401.03,8,169.3,624.23,2,39,3212
1,4,00:32:33,58607,1,0,6,3,clear,0.0,0,2.0,10,1.1987804878048782,-1.69953125,out,19.0,9,167.2,760.53,8,156.1,294.4,2,39,3212
