rally,ball_round,time,frame_num,roundscore_A,roundscore_B,player,server,type,aroundhead,backhand,landing_height,landing_area,landing_x,landing_y,lose_reason,getpoint_player,player_location_area,player_location_x,player_location_y,opponent_location_area,opponent_location_x,opponent_location_y,set,match_id,rally_id
15,1,00:39:04,70329,8,7,19,1,short service,0.0,1,2.0,7,0.8256097560975608,0.6506249999999998,,,8,167.8,335.06,8,215.8,679.29,2,39,3226
15,2,00:39:05,70352,8,7,6,2,net shot,0.0,0,2.0,2,1.159756097560976,-0.2477604166666666,,,7,207.4,593.72,8,171.8,325.08,2,39,3226
15,3,00:39:06,70381,8,7,19,2,lob,0.0,1,1.0,9,-0.5707317073170733,1.5967708333333337,,,2,251.3,390.98,8,201.5,616.62,2,39,3226
15,4,00:39:07,70424,8,7,6,2,smash,0.0,0,2.0,8,-0.3463414634146342,-1.09578125,,,9,144.1,770.32,8,151.3,270.35,2,39,3226
15,5,00:39:07,70435,8,7,19,3,defensive shot,0.0,0,2.0,10,1.6219512195121952,1.507395833333333,out,19.0,8,134.3,256.71,8,134.6,745.25,2,39,3226
