rally,ball_round,time,frame_num,roundscore_A,roundscore_B,player,server,type,aroundhead,backhand,landing_height,landing_area,landing_x,landing_y,lose_reason,getpoint_player,player_location_area,player_location_x,player_location_y,opponent_location_area,opponent_location_x,opponent_location_y,set,match_id,rally_id
11,1,00:37:02,66679,7,4,19,1,short service,0.0,1,2.0,7,-0.1085365853658537,0.4764062500000001,,,8,181.5,334.95,8,120.7,682.49,2,39,3222
11,2,00:37:03,66691,7,4,6,2,lob,0.0,0,1.0,9,-0.4926829268292683,-1.4775,,,7,133.1,584.77,8,170.5,325.09,2,39,3222
11,3,00:37:04,66730,7,4,19,2,drop,0.0,0,2.0,6,-0.8536585365853658,0.6716666666666669,,,9,127.7,161.37,8,174.3,651.3,2,39,3222
11,4,00:37:05,66752,7,4,6,2,net shot,0.0,1,2.0,2,1.031707317073171,-0.4316145833333333,,,8,122.7,620.11,8,156.1,225.2,2,39,3222
11,5,00:37:05,66778,7,4,19,2,net shot,0.0,1,2.0,2,-0.8963414634146342,0.3265625000000002,,,7,232.4,375.15,8,182.5,654.01,2,39,3222
11,6,00:37:06,66803,7,4,6,2,lob,0.0,1,1.0,4,1.2695121951219517,-1.4839062499999998,,,7,131.8,557.03,8,172.2,359.22,2,39,3222
11,7,00:37:08,66849,7,4,19,3,drop,0.0,0,2.0,2,1.4743902439024388,-0.064375,touched the net,19.0,9,227.8,185.62,8,201.7,663.44,2,39,3222
