rally,ball_round,time,frame_num,roundscore_A,roundscore_B,player,server,type,aroundhead,backhand,landing_height,landing_area,landing_x,landing_y,lose_reason,getpoint_player,player_location_area,player_location_x,player_location_y,opponent_location_area,opponent_location_x,opponent_location_y,set,match_id,rally_id
25,1,00:46:09,83075,13,12,19,1,short service,0.0,1,2.0,7,-0.2573170731707316,0.5028645833333331,,,8,182.9,324.99,8,122.6,682.48,2,39,3236
25,2,00:46:09,83096,13,12,6,2,lob,0.0,0,1.0,4,1.197560975609756,-1.4997916666666669,,,7,136.6,576.74,8,170.4,314.98,2,39,3236
25,3,00:46:11,83136,13,12,19,2,clear,0.0,0,1.0,8,-0.4439024390243903,1.4255208333333336,,,9,218.9,176.38,8,198.4,676.78,2,39,3236
25,4,00:46:12,83170,13,12,6,2,drop,0.0,0,2.0,5,-1.326829268292683,-0.7218229166666665,,,8,160.6,733.68,8,176.3,259.14,2,39,3236
25,5,00:46:13,83191,13,12,19,2,net shot,0.0,0,2.0,2,-1.247560975609756,0.3551041666666664,,,5,86.5,315.65,8,151.4,723.21,2,39,3236
25,6,00:46:13,83219,13,12,6,2,net shot,0.0,1,2.0,1,-1.2609756097560976,-0.2067187499999999,,,2,93.8,567.26,8,144.6,310.08,2,39,3236
25,7,00:46:14,83246,13,12,19,2,lob,0.0,0,1.0,9,-0.1365853658536584,1.5846875,,,1,88.2,389.97,8,134.2,627.38,2,39,3236
25,8,00:46:16,83292,13,12,6,3,smash,0.0,0,2.0,6,1.3573170731707318,-0.9876041666666668,opponent's ball landed,19.0,9,174.1,772.26,8,151.6,283.84,2,39,3236
