rally,ball_round,time,frame_num,roundscore_A,roundscore_B,player,server,type,aroundhead,backhand,landing_height,landing_area,landing_x,landing_y,lose_reason,getpoint_player,player_location_area,player_location_x,player_location_y,opponent_location_area,opponent_location_x,opponent_location_y,set,match_id,rally_id
4,1,00:33:32,60361,3,1,19,1,short service,0.0,1,2.0,7,-0.0463414634146342,0.4762500000000003,,,8,182.2,337.41,8,121.7,682.48,2,39,3215
4,2,00:33:32,60383,3,1,6,2,net shot,0.0,0,2.0,7,0.7768292682926828,-0.2242708333333333,,,7,128.6,581.62,8,161.0,332.64,2,39,3215
4,3,00:33:33,60409,3,1,19,2,lob,0.0,1,1.0,9,-0.4890243902439024,1.59109375,,,7,220.9,404.57,8,173.0,622.74,2,39,3215
4,4,00:33:34,60449,3,1,6,2,smash,0.0,0,2.0,8,0.8792682926829267,-1.0,,,9,148.0,766.04,8,141.3,294.52,2,39,3215
4,5,00:33:35,60460,3,1,19,2,defensive shot,0.0,1,2.0,1,1.2390243902439029,0.5497395833333331,,,8,131.7,284.0,9,144.4,775.59,2,39,3215
4,6,00:33:36,60493,3,1,6,2,lob,0.0,0,1.0,3,-0.9365853658536584,-1.5245833333333334,,,5,252.5,599.62,8,205.8,312.15,2,39,3215
4,7,00:33:37,60532,3,1,19,3,drop,0.0,0,2.0,7,0.8951219512195122,-0.0625520833333332,touched the net,19.0,3,101.5,164.78,8,188.0,664.88,2,39,3215
