rally,ball_round,time,frame_num,player,pos,type,lose_reason,getpoint_player,ball,top,bottom
2,2,00:31:57,57519,16,top,net shot,touched the net,16.0,"[940, 547]","[[989.4909057617188, 401.048583984375], [992.3681640625, 396.7229309082031], [985.1748046875, 396.7229309082031], [999.5616455078125, 398.1648254394531], [982.2974243164062, 399.606689453125], [1003.877685546875, 415.4674987792969], [970.7880249023438, 419.7931213378906], [1015.3871459960938, 427.0025634765625], [947.76904296875, 450.0727844238281], [1029.77392578125, 442.86334228515625], [944.8916625976562, 486.1200256347656], [979.4200439453125, 474.58489990234375], [960.7171630859375, 474.58489990234375], [988.0521850585938, 522.1671752929688], [973.6654052734375, 529.3766479492188], [970.7880249023438, 569.74951171875], [939.1370239257812, 571.19140625], [954.9625244140625, 570.470458984375]]","[[889.9093017578125, 605.6126708984375], [891.3399658203125, 602.7415161132812], [889.9093017578125, 602.7415161132812], [892.770751953125, 605.6126708984375], [915.6624145507812, 601.3059692382812], [895.6322021484375, 632.888427734375], [934.261962890625, 621.4038696289062], [858.4331665039062, 655.8573608398438], [945.7078857421875, 599.8704223632812], [838.4028930664062, 650.1151123046875], [935.6926879882812, 575.4658203125], [902.7858276367188, 708.9732666015625], [935.6926879882812, 703.2310180664062], [867.017578125, 756.346923828125], [934.261962890625, 737.6845703125], [838.4028930664062, 805.156005859375], [968.599609375, 775.0091552734375], [903.5012512207031, 790.0825805664062]]"
