rally,ball_round,time,frame_num,player,pos,type,lose_reason,getpoint_player,ball,top,bottom
30,2,00:24:20,43814,7,bottom,smash,opponent's ball landed,16.0,"[883, 449]","[[928.4105224609375, 416.69586181640625], [931.27294921875, 413.82696533203125], [924.116943359375, 413.82696533203125], [938.4288940429688, 415.26141357421875], [918.3922119140625, 415.26141357421875], [945.5848388671875, 431.0401916503906], [908.373779296875, 433.9090576171875], [971.346435546875, 443.9500732421875], [895.4929809570312, 462.5977478027344], [958.4656372070312, 464.0321350097656], [891.1994018554688, 491.2864074707031], [949.8785400390625, 485.5486755371094], [918.3922119140625, 485.5486755371094], [968.4840698242188, 515.6717529296875], [894.061767578125, 532.8849487304688], [998.5391845703125, 567.3113403320312], [884.0433959960938, 573.049072265625], [941.2912902832031, 570.1802062988281]]","[[671.298583984375, 684.326171875], [665.5878295898438, 680.0050659179688], [668.4431762695312, 684.326171875], [642.7449340820312, 701.6105346679688], [668.4431762695312, 694.4087524414062], [649.8833618164062, 731.8582153320312], [685.5753784179688, 708.8123779296875], [714.1290283203125, 674.2435913085938], [715.556640625, 672.80322265625], [735.544189453125, 626.7115478515625], [734.1165771484375, 629.59228515625], [668.4431762695312, 802.4361572265625], [696.996826171875, 799.5554809570312], [671.298583984375, 867.2526245117188], [738.3995971679688, 858.6104736328125], [631.323486328125, 924.8673095703125], [688.4307250976562, 898.940673828125], [659.8771057128906, 911.9039916992188]]"
