rally,ball_round,time,frame_num,player,pos,type,lose_reason,getpoint_player,ball,top,bottom
2,11,00:11:00,19827,15,bottom,smash,opponent's ball landed,16.0,"[861, 458]","[[851.83642578125, 328.34136962890625], [854.7023315429688, 322.6182861328125], [848.9705810546875, 322.6182861328125], [859.0010375976562, 322.6182861328125], [844.6718139648438, 324.0490417480469], [869.0314331054688, 341.2182922363281], [836.0744018554688, 342.6490478515625], [876.1959838867188, 364.110595703125], [821.7453002929688, 361.2490234375], [880.4947509765625, 388.4336242675781], [831.7756958007812, 381.2798156738281], [861.8668212890625, 385.5721130371094], [843.2389526367188, 385.5721130371094], [866.1655883789062, 419.91058349609375], [844.6718139648438, 424.202880859375], [866.1655883789062, 452.8182373046875], [841.8060913085938, 461.4028625488281], [853.98583984375, 457.1105499267578]]","[[963.1331787109375, 575.880859375], [964.5657958984375, 573.00390625], [964.5657958984375, 573.00390625], [965.9983520507812, 571.5654296875], [984.62158203125, 571.5654296875], [967.430908203125, 581.6346435546875], [1001.812255859375, 585.9500122070312], [967.430908203125, 616.1575317382812], [1019.0029907226562, 624.7882690429688], [961.70068359375, 650.680419921875], [1014.7053833007812, 647.8035278320312], [986.0541381835938, 643.4881591796875], [1008.9751586914062, 643.4881591796875], [986.0541381835938, 699.587890625], [998.9472045898438, 695.2725219726562], [997.5146484375, 761.44140625], [993.2169799804688, 748.4952392578125], [995.3658142089844, 754.9683227539062]]"
