rally,ball_round,time,frame_num,player,pos,type,lose_reason,getpoint_player,ball,top,bottom
18,1,00:18:59,34191,16,top,long service,,,"[770, 572]","[[848.4429321289062, 313.6471252441406], [849.8741455078125, 309.34161376953125], [844.1491088867188, 310.77679443359375], [854.16796875, 310.77679443359375], [841.2865600585938, 313.6471252441406], [867.0493774414062, 325.12841796875], [836.9927368164062, 332.3042297363281], [885.6558837890625, 340.9151916503906], [831.2677001953125, 352.3964538574219], [895.6748046875, 359.5722961425781], [834.1302490234375, 371.0535583496094], [867.0493774414062, 358.1371154785156], [848.4429321289062, 362.4425964355469], [881.362060546875, 382.53485107421875], [841.2865600585938, 385.4051818847656], [895.6748046875, 414.1083679199219], [828.4052124023438, 402.62713623046875], [862.0400085449219, 408.3677520751953]]","[[850.269775390625, 609.8194580078125], [851.694091796875, 605.5032958984375], [878.757568359375, 599.7484130859375], [854.5429077148438, 606.9419555664062], [878.757568359375, 601.1871337890625], [853.1184692382812, 635.7163696289062], [895.850341796875, 627.0840454101562], [854.5429077148438, 673.123046875], [901.5478515625, 663.052001953125], [851.694091796875, 686.071533203125], [857.3917236328125, 684.6328125], [873.06005859375, 703.336181640625], [902.9722290039062, 699.02001953125], [853.1184692382812, 756.5687866210938], [924.338134765625, 749.3751831054688], [841.7234497070312, 806.9239501953125], [942.8552856445312, 805.4851684570312], [892.2893676757812, 806.2045593261719]]"
