rally,ball_round,time,frame_num,roundscore_A,roundscore_B,player,server,type,aroundhead,backhand,landing_height,landing_area,landing_x,landing_y,lose_reason,getpoint_player,player_location_area,player_location_x,player_location_y,opponent_location_area,opponent_location_x,opponent_location_y,set,match_id,rally_id
13,1,00:15:12,27385,6,7,10,1,long service,0.0,1,1.0,8,0.6353658536585365,1.4945833333333336,,,8,161.9,282.67,8,200.7,644.12,1,7,551
13,2,00:15:14,27421,6,7,9,2,smash,0.0,0,2.0,6,1.080487804878049,-0.8768229166666668,,,8,213.7,749.86,8,193.6,263.15,1,7,551
13,3,00:15:14,27441,6,7,10,2,defensive shot,0.0,1,2.0,7,0.8926829268292682,0.2759895833333334,,,8,222.2,268.55,8,210.5,735.16,1,7,551
13,4,00:15:15,27465,6,7,9,2,lob,0.0,0,1.0,4,1.2878048780487807,-1.4816145833333334,,,7,220.5,586.39,8,215.8,248.18,1,7,551
13,5,00:15:16,27507,6,7,10,3,smash,1.0,0,2.0,5,1.5536585365853657,1.4924479166666664,opponent's ball landed,9.0,4,271.3,174.09,8,192.2,656.27,1,7,551
