rally,ball_round,time,frame_num,roundscore_A,roundscore_B,player,server,type,aroundhead,backhand,landing_height,landing_area,landing_x,landing_y,lose_reason,getpoint_player,player_location_area,player_location_x,player_location_y,opponent_location_area,opponent_location_x,opponent_location_y,set,match_id,rally_id
28,1,01:01:31,110734,15,13,10,1,long service,0.0,1,1.0,3,-0.9329268292682928,-1.4655208333333334,,,8,188.1,629.92,8,140.4,257.39,3,7,629
28,2,01:01:32,110761,15,13,9,2,smash,0.0,0,2.0,2,-1.0317073170731708,0.5605729166666666,,,9,116.8,188.61,8,190.2,662.29,3,7,629
28,3,01:01:32,110780,15,13,10,2,net shot,0.0,1,2.0,2,0.971951219512195,-0.4338541666666667,,,8,122.1,647.78,9,116.1,185.86,3,7,629
28,4,01:01:33,110805,15,13,9,2,net shot,0.0,1,2.0,7,0.2060975609756098,0.1160416666666665,,,8,232.4,354.46,8,173.8,662.09,3,7,629
28,5,01:01:34,110830,15,13,10,2,lob,0.0,0,1.0,3,-0.901219512195122,-1.551875,,,7,191.9,541.03,8,202.1,319.37,3,7,629
28,6,01:01:35,110865,15,13,9,3,smash,0.0,0,2.0,7,0.7182926829268294,-0.1277083333333332,touched the net,9.0,9,127.1,183.25,8,185.1,634.6,3,7,629
