rally,ball_round,time,frame_num,roundscore_A,roundscore_B,player,server,type,aroundhead,backhand,landing_height,landing_area,landing_x,landing_y,lose_reason,getpoint_player,player_location_area,player_location_x,player_location_y,opponent_location_area,opponent_location_x,opponent_location_y,set,match_id,rally_id
22,1,00:21:14,38232,13,9,9,1,short service,0.0,1,2.0,7,-0.6378048780487805,-0.5116145833333334,,,8,182.2,620.32,8,140.2,277.44,1,7,560
22,2,00:21:15,38255,13,9,10,2,lob,0.0,0,1.0,5,1.0304878048780488,1.4623437499999998,,,8,148.3,321.03,8,173.2,618.61,1,7,560
22,3,00:21:16,38292,13,9,9,2,drop,0.0,0,2.0,2,1.169512195121951,-0.4785937499999999,,,9,216.9,764.22,8,189.8,273.12,1,7,560
22,4,00:21:17,38312,13,9,10,2,net shot,0.0,1,2.0,1,1.3365853658536588,0.4561458333333335,,,8,239.3,326.91,8,216.3,725.73,1,7,560
22,5,00:21:18,38341,13,9,9,2,net shot,0.0,0,2.0,2,1.3682926829268292,-0.2971354166666667,,,8,230.4,608.01,8,203.4,273.3,1,7,560
22,6,00:21:18,38369,13,9,10,2,lob,0.0,1,1.0,4,-1.0158536585365854,1.52671875,,,8,236.2,347.69,8,205.7,634.85,1,7,560
22,7,00:21:20,38409,13,9,9,3,smash,1.0,0,2.0,3,-1.4865853658536583,-1.397708333333333,opponent's ball landed,9.0,4,95.8,767.89,8,182.3,270.53,1,7,560
