rally,ball_round,time,frame_num,roundscore_A,roundscore_B,player,server,type,aroundhead,backhand,landing_height,landing_area,landing_x,landing_y,lose_reason,getpoint_player,player_location_area,player_location_x,player_location_y,opponent_location_area,opponent_location_x,opponent_location_y,set,match_id,rally_id
17,1,00:39:46,71601,3,14,9,1,short service,0.0,1,2.0,7,-0.4829268292682926,0.5278645833333334,,,8,183.3,342.42,8,122.6,659.96,2,7,592
17,2,00:39:47,71622,3,14,10,2,lob,0.0,0,1.0,3,-1.0573170731707318,-1.4377083333333331,,,8,114.1,622.67,8,193.1,307.36,2,7,592
17,3,00:39:48,71649,3,14,9,2,drop,0.0,0,2.0,2,-0.9634146341463414,0.6485937499999999,,,8,121.1,220.92,8,136.8,651.02,2,7,592
17,4,00:39:48,71666,3,14,10,2,lob,0.0,1,1.0,9,0.8060975609756097,-1.52765625,,,8,133.0,654.03,8,131.7,234.16,2,7,592
17,5,00:39:49,71698,3,14,9,2,smash,1.0,0,2.0,5,1.419512195121951,1.11640625,,,8,229.5,209.05,8,164.2,667.97,2,7,592
17,6,00:39:50,71718,3,14,10,2,defensive shot,0.0,0,2.0,6,1.340243902439024,-0.6659895833333334,,,8,212.6,690.56,9,224.7,198.2,2,7,592
17,7,00:39:51,71743,3,14,9,3,net shot,0.0,1,2.0,10,-1.5841463414634147,0.3666666666666665,out,9.0,8,243.2,305.61,8,227.5,684.95,2,7,592
