rally,ball_round,time,frame_num,roundscore_A,roundscore_B,player,server,type,aroundhead,backhand,landing_height,landing_area,landing_x,landing_y,lose_reason,getpoint_player,player_location_area,player_location_x,player_location_y,opponent_location_area,opponent_location_x,opponent_location_y,set,match_id,rally_id
38,1,01:08:51,123958,21,17,9,1,short service,0.0,1,2.0,7,0.4243902439024392,0.6211458333333333,,,8,171.3,339.97,8,221.4,681.96,3,7,639
38,2,01:08:52,123984,21,17,10,2,lob,0.0,0,1.0,9,-0.6829268292682927,-1.5216145833333332,,,8,194.2,609.19,8,166.3,292.52,3,7,639
38,3,01:08:54,124024,21,17,9,2,smash,0.0,0,2.0,8,-0.2804878048780488,0.8544270833333331,,,9,131.0,183.31,8,191.6,663.81,3,7,639
38,4,01:08:54,124038,21,17,10,2,defensive shot,0.0,1,2.0,7,0.6634146341463415,-0.48140625,,,8,198.9,660.89,9,139.2,169.55,3,7,639
38,5,01:08:55,124061,21,17,9,2,drive,0.0,1,1.0,8,-0.8536585365853658,0.988125,,,8,222.9,354.34,8,199.5,651.79,3,7,639
38,6,01:08:55,124074,21,17,10,2,drive,0.0,1,1.0,8,-0.6219512195121951,-1.0013020833333333,,,8,193.4,639.38,8,198.4,326.38,3,7,639
38,7,01:08:56,124088,21,17,9,2,drive,0.0,0,1.0,8,-0.7975609756097561,0.9567187500000004,,,8,142.7,279.95,8,149.9,621.52,3,7,639
38,8,01:08:56,124102,21,17,10,3,drive,0.0,1,2.0,10,-1.6621951219512197,-0.9047395833333332,out,9.0,8,172.8,656.04,8,143.1,236.91,3,7,639
