rally,ball_round,time,frame_num,roundscore_A,roundscore_B,player,server,type,aroundhead,backhand,landing_height,landing_area,landing_x,landing_y,lose_reason,getpoint_player,player_location_area,player_location_x,player_location_y,opponent_location_area,opponent_location_x,opponent_location_y,set,match_id,rally_id
22,1,00:41:51,75347,4,18,10,1,short service,0.0,1,2.0,8,0.4304878048780489,-0.5406770833333333,,,8,167.3,626.5,8,225.3,268.59,2,7,597
22,2,00:41:52,75369,4,18,9,2,net shot,0.0,0,2.0,7,0.8463414634146342,0.0894791666666667,,,8,217.4,312.45,8,185.5,647.02,2,7,597
22,3,00:41:53,75394,4,18,10,2,net shot,0.0,0,2.0,7,0.8829268292682928,-0.1268229166666667,,,7,219.9,557.27,8,203.9,283.21,2,7,597
22,4,00:41:53,75414,4,18,9,2,net shot,0.0,1,1.0,7,0.8939024390243904,0.1396354166666666,,,8,207.0,349.59,7,217.5,550.22,2,7,597
22,5,00:41:54,75430,4,18,10,2,push/rush,0.0,0,1.0,7,0.778048780487805,-0.2564062500000001,,,7,211.8,567.58,7,243.2,407.27,2,7,597
22,6,00:41:54,75430,4,18,9,3,defensive shot,0.0,1,2.0,10,1.8109756097560976,0.4403124999999998,out,9.0,7,240.7,413.59,7,211.6,555.42,2,7,597
