rally,ball_round,time,frame_num,roundscore_A,roundscore_B,player,server,type,aroundhead,backhand,landing_height,landing_area,landing_x,landing_y,lose_reason,getpoint_player,player_location_area,player_location_x,player_location_y,opponent_location_area,opponent_location_x,opponent_location_y,set,match_id,rally_id
19,1,00:16:29,29689,12,7,20,1,short service,0.0,1,2.0,7,0.4670731707317074,-0.4478125000000001,,,8,171.8,641.59,8,224.4,287.36,1,23,1855
19,2,00:16:30,29712,12,7,16,2,net shot,0.0,1,2.0,7,-0.8085365853658536,0.3253125000000001,,,8,193.2,354.5,8,180.7,651.25,1,23,1855
19,3,00:16:31,29734,12,7,20,2,net shot,0.0,1,2.0,1,-1.0329268292682927,-0.0278645833333334,,,7,120.7,567.48,8,174.8,333.14,1,23,1855
19,4,00:16:31,29759,12,7,16,2,lob,0.0,0,1.0,6,-1.130487804878049,1.346041666666667,,,1,96.6,403.68,8,139.3,595.28,1,23,1855
19,5,00:16:32,29786,12,7,20,2,clear,1.0,0,1.0,4,1.2439024390243902,-1.46640625,,,8,135.1,695.76,8,131.8,323.01,1,23,1855
19,6,00:16:34,29826,12,7,16,2,drop,0.0,1,1.0,7,0.90609756097561,0.3036458333333331,,,4,252.6,199.39,8,184.4,682.49,1,23,1855
19,7,00:16:35,29852,12,7,20,3,push/rush,0.0,0,2.0,3,-1.14390243902439,-1.5886979166666666,opponent's ball landed,20.0,7,236.5,569.67,8,194.9,236.71,1,23,1855
