rally,ball_round,time,frame_num,roundscore_A,roundscore_B,player,server,type,aroundhead,backhand,landing_height,landing_area,landing_x,landing_y,lose_reason,getpoint_player,player_location_area,player_location_x,player_location_y,opponent_location_area,opponent_location_x,opponent_location_y,set,match_id,rally_id
14,1,00:55:10,99310,10,4,16,1,short service,0.0,1,2.0,7,-0.4121951219512196,0.4572395833333331,,,8,179.1,317.91,8,114.9,686.64,3,23,1920
14,2,00:55:11,99332,10,4,20,2,net shot,0.0,0,2.0,7,-0.1634146341463415,-0.2516145833333333,,,8,127.8,601.23,8,162.7,298.72,3,23,1920
14,3,00:55:11,99354,10,4,16,2,net shot,0.0,0,2.0,7,0.0841463414634147,0.1991145833333334,,,7,169.1,394.15,8,151.2,641.23,3,23,1920
14,4,00:55:12,99379,10,4,20,2,lob,0.0,0,1.0,8,0.0341463414634147,-1.1659375,,,7,183.4,557.79,7,174.4,397.05,3,23,1920
14,5,00:55:14,99440,10,4,16,2,smash,1.0,0,2.0,8,-0.7597560975609756,1.0309895833333336,,,8,160.4,211.42,8,192.0,682.62,3,23,1920
14,6,00:55:15,99453,10,4,20,2,defensive shot,0.0,1,1.0,8,0.1280487804878048,-0.9571875,,,8,197.0,725.66,8,154.7,275.98,3,23,1920
14,7,00:55:15,99477,10,4,16,3,smash,1.0,0,2.0,5,1.340243902439024,1.1312500000000003,opponent's ball landed,20.0,8,167.7,295.66,8,180.6,717.06,3,23,1920
