rally,ball_round,time,frame_num,roundscore_A,roundscore_B,player,server,type,aroundhead,backhand,landing_height,landing_area,landing_x,landing_y,lose_reason,getpoint_player,player_location_area,player_location_x,player_location_y,opponent_location_area,opponent_location_x,opponent_location_y,set,match_id,rally_id
1,1,00:46:31,83736,1,0,16,1,short service,0.0,1,2.0,7,0.4158536585365853,0.4981770833333332,,,8,166.1,323.79,8,210.3,691.78,3,23,1907
1,2,00:46:31,83758,1,0,20,2,net shot,0.0,0,2.0,7,-0.2304878048780488,-0.1688541666666667,,,8,192.7,620.53,8,165.0,347.95,3,23,1907
1,3,00:46:32,83783,1,0,16,2,net shot,0.0,1,2.0,2,-1.0865853658536584,0.3110416666666668,,,7,136.5,399.01,8,177.7,622.24,3,23,1907
1,4,00:46:33,83809,1,0,20,2,lob,0.0,1,1.0,3,-0.9597560975609756,-1.4517187500000002,,,7,111.2,565.14,7,147.8,370.99,3,23,1907
1,5,00:46:35,83871,1,0,16,3,smash,0.0,0,2.0,10,-1.59390243902439,1.3427604166666665,out,20.0,5,90.2,213.25,8,171.6,682.27,3,23,1907
