rally,ball_round,time,frame_num,roundscore_A,roundscore_B,player,server,type,aroundhead,backhand,landing_height,landing_area,landing_x,landing_y,lose_reason,getpoint_player,player_location_area,player_location_x,player_location_y,opponent_location_area,opponent_location_x,opponent_location_y,set,match_id,rally_id
31,1,00:23:25,42153,18,13,16,1,short service,0.0,1,2.0,7,0.3682926829268291,0.4173958333333332,,,8,171.0,308.38,8,216.6,684.82,1,23,1867
31,2,00:23:25,42175,18,13,20,2,net shot,0.0,0,2.0,7,-0.1426829268292681,-0.0200520833333334,,,7,197.1,592.2,8,169.1,308.34,1,23,1867
31,3,00:23:26,42200,18,13,16,2,net shot,0.0,0,2.0,7,0.1109756097560974,0.2484895833333335,,,7,162.7,407.84,8,180.2,602.19,1,23,1867
31,4,00:23:27,42223,18,13,20,2,lob,0.0,0,1.0,3,-1.0207317073170732,-1.47140625,,,7,179.7,523.94,7,171.3,368.62,1,23,1867
31,5,00:23:29,42275,18,13,16,2,drop,0.0,0,2.0,1,1.1512195121951216,0.3770833333333332,,,3,93.7,177.19,8,175.3,643.57,1,23,1867
31,6,00:23:30,42302,18,13,20,3,net shot,0.0,0,2.0,10,-1.5804878048780486,-0.2224479166666665,out,20.0,5,254.6,597.4,8,155.0,207.73,1,23,1867
