rally,ball_round,time,frame_num,roundscore_A,roundscore_B,player,server,type,aroundhead,backhand,landing_height,landing_area,landing_x,landing_y,lose_reason,getpoint_player,player_location_area,player_location_x,player_location_y,opponent_location_area,opponent_location_x,opponent_location_y,set,match_id,rally_id
11,1,00:53:39,96588,10,1,20,1,short service,0.0,1,2.0,7,0.3621951219512194,-0.3899999999999999,,,8,169.1,664.08,8,219.1,296.85,3,23,1917
11,2,00:53:40,96611,10,1,16,2,lob,0.0,0,1.0,8,-0.7134146341463414,1.4169270833333332,,,7,207.5,372.3,8,168.3,682.21,3,23,1917
11,3,00:53:41,96653,10,1,20,2,clear,1.0,0,1.0,8,0.8792682926829267,-1.3016666666666663,,,9,148.9,767.83,8,155.9,308.03,3,23,1917
11,4,00:53:42,96686,10,1,16,2,smash,1.0,0,2.0,5,1.204878048780488,1.0550520833333337,,,8,209.4,237.05,8,176.0,728.62,3,23,1917
11,5,00:53:43,96700,10,1,20,2,defensive shot,0.0,0,2.0,2,1.103658536585366,-0.45671875,,,8,228.2,702.53,8,225.2,216.54,3,23,1917
11,6,00:53:44,96727,10,1,16,3,push/rush,0.0,1,2.0,10,1.0231707317073169,1.819114583333333,out,20.0,7,227.5,386.99,8,193.7,701.95,3,23,1917
