rally,ball_round,time,frame_num,roundscore_A,roundscore_B,player,server,type,aroundhead,backhand,landing_height,landing_area,landing_x,landing_y,lose_reason,getpoint_player,player_location_area,player_location_x,player_location_y,opponent_location_area,opponent_location_x,opponent_location_y,set,match_id,rally_id
25,1,00:22:15,40071,17,8,34,1,short service,0.0,1,2.0,8,-0.4670731707317074,-0.5488020833333334,,,8,188.6,611.49,8,117.1,277.83,1,56,4727
25,2,00:22:16,40098,17,8,1,2,push/rush,0.0,0,2.0,3,1.2085365853658538,1.6592187500000002,,,8,158.8,361.82,8,185.7,636.32,1,56,4727
25,3,00:22:17,40133,17,8,34,2,drive,0.0,0,2.0,1,-1.0646341463414637,-0.4854687499999999,,,9,240.7,785.02,8,174.3,280.55,1,56,4727
25,4,00:22:18,40161,17,8,1,2,net shot,0.0,0,1.0,2,-1.3743902439024391,0.3421354166666669,,,8,114.9,355.98,8,184.0,687.7,1,56,4727
25,5,00:22:19,40190,17,8,34,2,net shot,0.0,1,2.0,1,-1.2841463414634149,-0.1790104166666667,,,2,87.2,563.36,8,144.4,320.41,1,56,4727
25,6,00:22:20,40217,17,8,1,2,lob,0.0,0,1.0,4,-0.953658536585366,1.7122916666666663,,,1,87.1,414.87,7,121.9,559.71,1,56,4727
25,7,00:22:22,40275,17,8,34,3,smash,0.0,0,2.0,6,1.25,-0.6380729166666667,opponent's ball landed,34.0,9,111.7,779.09,8,141.2,310.58,1,56,4727
