rally,ball_round,time,frame_num,roundscore_A,roundscore_B,player,server,type,aroundhead,backhand,landing_height,landing_area,landing_x,landing_y,lose_reason,getpoint_player,player_location_area,player_location_x,player_location_y,opponent_location_area,opponent_location_x,opponent_location_y,set,match_id,rally_id
14,1,00:15:23,27697,11,3,34,1,short service,0.0,1,1.0,7,0.2963414634146343,-0.4532812499999998,,,8,166.9,609.25,8,229.0,279.08,1,56,4716
14,2,00:15:23,27714,11,3,1,2,drive,0.0,0,2.0,5,1.0536585365853657,0.9088541666666666,,,7,224.6,374.89,8,183.2,610.38,1,56,4716
14,3,00:15:24,27725,11,3,34,2,defensive shot,0.0,0,1.0,8,0.8573170731707318,-0.7684895833333334,,,8,208.2,639.44,8,221.9,356.91,1,56,4716
14,4,00:15:24,27739,11,3,1,2,defensive shot,0.0,1,2.0,6,-1.026829268292683,0.7753645833333334,,,8,203.7,328.7,8,249.6,632.09,1,56,4716
14,5,00:15:25,27764,11,3,34,2,lob,0.0,1,1.0,4,0.992682926829268,-1.4536458333333335,,,6,104.0,654.88,8,169.2,294.85,1,56,4716
14,6,00:15:26,27799,11,3,1,3,smash,1.0,0,2.0,6,-1.4402439024390243,1.194114583333333,opponent's ball landed,34.0,8,212.1,213.17,8,207.3,668.64,1,56,4716
