rally,ball_round,time,frame_num,roundscore_A,roundscore_B,player,server,type,aroundhead,backhand,landing_height,landing_area,landing_x,landing_y,lose_reason,getpoint_player,player_location_area,player_location_x,player_location_y,opponent_location_area,opponent_location_x,opponent_location_y,set,match_id,rally_id
21,1,00:19:51,35731,13,8,34,1,short service,0.0,1,2.0,7,0.3646341463414634,-0.4990624999999999,,,8,170.2,611.48,8,233.1,270.75,1,56,4723
21,2,00:19:51,35754,13,8,1,2,lob,0.0,0,1.0,4,-1.1768292682926829,1.7091145833333332,,,7,232.9,373.19,8,187.9,629.97,1,56,4723
21,3,00:19:52,35789,13,8,34,2,drop,1.0,0,1.0,5,-0.9670731707317072,-0.7558333333333334,,,8,141.8,754.57,8,161.0,286.6,1,56,4723
21,4,00:19:53,35810,13,8,1,2,net shot,0.0,0,2.0,1,1.5304878048780488,0.4459375,,,8,117.8,333.62,9,131.3,775.29,1,56,4723
21,5,00:19:54,35839,13,8,34,2,net shot,0.0,0,2.0,2,1.2560975609756098,-0.2562499999999999,,,1,269.5,582.97,8,183.8,305.05,1,56,4723
21,6,00:19:55,35870,13,8,1,2,net shot,0.0,1,1.0,1,1.423170731707317,0.1841145833333334,,,2,256.3,409.41,7,241.1,566.12,1,56,4723
21,7,00:19:56,35888,13,8,34,2,drive,0.0,0,1.0,2,1.124390243902439,-0.5056770833333332,,,7,250.5,538.46,7,235.0,385.48,1,56,4723
21,8,00:19:56,35906,13,8,1,3,drive,0.0,1,2.0,9,-0.2621951219512195,1.7755729166666665,opponent's ball landed,34.0,7,218.9,383.62,1,286.8,485.35,1,56,4723
