rally,ball_round,time,frame_num,roundscore_A,roundscore_B,player,server,type,aroundhead,backhand,landing_height,landing_area,landing_x,landing_y,lose_reason,getpoint_player,player_location_area,player_location_x,player_location_y,opponent_location_area,opponent_location_x,opponent_location_y,set,match_id,rally_id
2,1,00:08:10,14724,2,0,34,1,short service,0.0,1,1.0,7,0.4146341463414634,-0.4988541666666665,,,8,167.9,608.14,8,231.3,277.02,1,56,4704
2,2,00:08:11,14744,2,0,1,2,push/rush,0.0,0,1.0,3,1.507317073170732,1.5938020833333333,,,8,223.5,349.58,8,183.1,613.7,1,56,4704
2,3,00:08:12,14777,2,0,34,2,drive,0.0,0,1.0,6,1.1878048780487802,-0.96546875,,,3,271.2,777.58,8,197.7,301.2,1,56,4704
2,4,00:08:12,14789,2,0,1,2,defensive shot,0.0,1,2.0,6,-0.8585365853658538,0.6936458333333331,,,8,191.1,305.13,5,262.2,754.86,1,56,4704
2,5,00:08:13,14816,2,0,34,2,push/rush,0.0,1,2.0,3,-1.252439024390244,-1.5177083333333332,,,8,133.7,628.91,8,182.4,288.88,1,56,4704
2,6,00:08:14,14845,2,0,1,2,drop,0.0,0,1.0,2,-1.2939024390243905,0.2938020833333332,,,8,110.0,216.43,8,146.8,638.42,1,56,4704
2,7,00:08:15,14869,2,0,34,3,net shot,0.0,1,2.0,1,-1.2048780487804878,-0.3239583333333333,opponent's ball landed,34.0,2,80.3,552.09,5,102.7,249.93,1,56,4704
