rally,ball_round,time,frame_num,roundscore_A,roundscore_B,player,server,type,aroundhead,backhand,landing_height,landing_area,landing_x,landing_y,lose_reason,getpoint_player,player_location_area,player_location_x,player_location_y,opponent_location_area,opponent_location_x,opponent_location_y,set,match_id,rally_id
2,1,00:32:30,58512,2,0,34,1,short service,0.0,1,2.0,7,-0.2585365853658535,0.6338020833333337,,,8,185.1,354.76,8,123.8,679.34,2,56,4736
2,2,00:32:31,58531,2,0,1,2,net shot,0.0,0,2.0,7,-0.1280487804878048,-0.2602083333333332,,,8,140.3,597.93,8,167.5,332.18,2,56,4736
2,3,00:32:31,58559,2,0,34,2,push/rush,0.0,1,1.0,9,-0.8268292682926829,1.57890625,,,7,154.2,398.61,8,171.9,620.28,2,56,4736
2,4,00:32:32,58586,2,0,1,3,smash,1.0,0,2.0,10,-1.6670731707317072,-1.0781770833333333,out,34.0,8,144.7,729.35,8,143.4,310.6,2,56,4736
