rally,ball_round,time,frame_num,roundscore_A,roundscore_B,player,server,type,aroundhead,backhand,landing_height,landing_area,landing_x,landing_y,lose_reason,getpoint_player,player_location_area,player_location_x,player_location_y,opponent_location_area,opponent_location_x,opponent_location_y,set,match_id,rally_id
11,1,00:12:59,23389,10,1,34,1,short service,0.0,1,1.0,7,0.3560975609756096,-0.4805729166666665,,,8,166.8,605.89,8,228.3,279.07,1,56,4713
11,2,00:13:00,23410,10,1,1,2,net shot,0.0,0,2.0,7,0.2548780487804878,0.2538541666666667,,,7,225.7,383.67,8,184.2,619.19,1,56,4713
11,3,00:13:01,23434,10,1,34,2,lob,0.0,0,1.0,3,-1.0914634146341464,-1.5551562500000002,,,7,180.4,554.85,8,199.7,353.05,1,56,4713
11,4,00:13:02,23478,10,1,1,2,clear,0.0,0,1.0,6,-1.4707317073170731,1.4411979166666669,,,9,114.5,181.07,8,172.2,647.72,1,56,4713
11,5,00:13:03,23508,10,1,34,2,smash,1.0,0,2.0,5,-1.35,-1.065416666666667,,,8,107.6,720.97,8,124.8,250.19,1,56,4713
11,6,00:13:04,23522,10,1,1,2,defensive shot,0.0,0,1.0,2,-1.181707317073171,0.3898958333333334,,,8,119.9,275.77,6,91.7,752.4,1,56,4713
11,7,00:13:04,23549,10,1,34,3,drive,0.0,1,2.0,9,0.5390243902439023,-1.481458333333333,opponent's ball landed,34.0,7,109.1,564.64,8,107.0,283.95,1,56,4713
