rally,ball_round,time,frame_num,roundscore_A,roundscore_B,player,server,type,aroundhead,backhand,landing_height,landing_area,landing_x,landing_y,lose_reason,getpoint_player,player_location_area,player_location_x,player_location_y,opponent_location_area,opponent_location_x,opponent_location_y,set,match_id,rally_id
24,1,00:47:08,84849,13,11,34,1,short service,0.0,1,2.0,6,-0.8963414634146342,0.6697395833333335,,,8,184.4,363.85,8,121.1,690.61,2,56,4758
24,2,00:47:08,84869,13,11,1,2,net shot,0.0,1,2.0,2,1.3134146341463413,-0.3338020833333332,,,8,123.5,602.47,8,167.4,326.43,2,56,4758
24,3,00:47:09,84895,13,11,34,2,net shot,0.0,1,1.0,1,1.3768292682926826,0.2200520833333333,,,2,257.0,409.41,8,155.9,661.83,2,56,4758
24,4,00:47:10,84920,13,11,1,3,push/rush,0.0,0,2.0,6,1.3524390243902435,-1.3652604166666666,opponent's ball landed,34.0,1,254.9,548.72,7,239.4,392.41,2,56,4758
