rally,ball_round,time,frame_num,player,pos,type,lose_reason,getpoint_player,ball,top,bottom
27,9,00:45:00,81017,18,bottom,clear,out,18.0,"[780, 210]","[[798.2660522460938, 280.4587097167969], [802.5834350585938, 279.0205383300781], [796.826904296875, 277.58233642578125], [808.33984375, 283.3350524902344], [793.9486694335938, 277.58233642578125], [808.33984375, 303.4696044921875], [783.8748168945312, 293.4023132324219], [796.826904296875, 322.1659851074219], [760.8489379882812, 279.0205383300781], [792.5095825195312, 314.9750671386719], [750.7750854492188, 263.2005310058594], [788.1921997070312, 339.4241638183594], [779.5574340820312, 336.54779052734375], [773.801025390625, 365.3114318847656], [804.0225219726562, 381.1314392089844], [832.804931640625, 412.7714538574219], [789.63134765625, 394.0750427246094], [811.2181396484375, 403.4232482910156]]","[[865.0402221679688, 596.674072265625], [865.0402221679688, 592.3739624023438], [866.4776000976562, 592.3739624023438], [865.0402221679688, 595.24072265625], [886.6015625, 593.8073120117188], [856.4156494140625, 623.9077758789062], [898.1010131835938, 616.7410278320312], [843.4788818359375, 655.4415283203125], [919.662353515625, 639.6746215820312], [833.4169311523438, 691.2753295898438], [936.9114379882812, 659.7415771484375], [876.5396118164062, 682.6752319335938], [905.2880859375, 678.3751831054688], [853.5408325195312, 722.8091430664062], [913.91259765625, 719.9423828125], [857.8530883789062, 775.8432006835938], [939.7862548828125, 761.5097045898438], [898.8196716308594, 768.6764526367188]]"
