rally,ball_round,time,frame_num,roundscore_A,roundscore_B,player,server,type,aroundhead,backhand,landing_height,landing_area,landing_x,landing_y,lose_reason,getpoint_player,player_location_area,player_location_x,player_location_y,opponent_location_area,opponent_location_x,opponent_location_y,set,match_id,rally_id
5,1,00:50:34,91030,4,1,3,1,long service,0.0,1,1.0,8,-0.5134146341463414,1.3456770833333334,,,8,181.1,328.52,8,125.6,683.4,3,49,4215
5,2,00:50:35,91063,4,1,15,2,smash,1.0,0,2.0,6,1.0621951219512198,-0.9291145833333332,,,8,108.3,706.43,8,178.6,313.48,3,49,4215
5,3,00:50:35,91078,4,1,3,2,defensive shot,0.0,0,2.0,1,1.3914634146341467,0.6314583333333333,,,8,212.9,311.38,8,136.9,753.91,3,49,4215
5,4,00:50:36,91108,4,1,15,2,net shot,0.0,1,2.0,2,1.4243902439024392,-0.1709374999999999,,,8,248.9,629.19,8,222.4,343.62,3,49,4215
5,5,00:50:37,91138,4,1,3,3,net shot,0.0,0,2.0,2,1.3585365853658533,-0.0592708333333333,not pass over the net,15.0,7,249.2,421.56,8,203.1,648.54,3,49,4215
