rally,ball_round,time,frame_num,roundscore_A,roundscore_B,player,server,type,aroundhead,backhand,landing_height,landing_area,landing_x,landing_y,lose_reason,getpoint_player,player_location_area,player_location_x,player_location_y,opponent_location_area,opponent_location_x,opponent_location_y,set,match_id,rally_id
15,1,00:57:20,103212,11,4,15,1,short service,0.0,0,2.0,8,-0.4158536585365853,-0.59828125,,,8,181.8,676.08,8,137.5,305.28,3,49,4225
15,2,00:57:21,103234,11,4,3,2,net shot,0.0,1,2.0,7,0.4146341463414634,0.4043749999999999,,,7,164.6,379.94,8,157.6,679.24,3,49,4225
15,3,00:57:22,103262,11,4,15,2,push/rush,0.0,1,1.0,4,1.130487804878049,-1.4416666666666669,,,7,184.5,588.79,8,175.5,364.2,3,49,4225
15,4,00:57:23,103298,11,4,3,2,drop,0.0,0,2.0,8,0.0109756097560976,0.6844270833333331,,,8,233.9,217.46,8,194.4,678.38,3,49,4225
15,5,00:57:24,103320,11,4,15,2,net shot,0.0,1,2.0,1,-0.9207317073170732,-0.3659895833333332,,,8,149.7,645.75,8,225.8,238.06,3,49,4225
15,6,00:57:24,103342,11,4,3,2,lob,0.0,1,1.0,8,0.8609756097560974,1.4556770833333337,,,8,106.5,365.67,8,148.9,668.0,3,49,4225
15,7,00:57:25,103375,11,4,15,3,smash,1.0,0,2.0,5,-1.3926829268292684,-1.2815104166666669,opponent's ball landed,15.0,8,199.9,733.36,8,182.8,331.0,3,49,4225
