rally,ball_round,time,frame_num,roundscore_A,roundscore_B,player,server,type,aroundhead,backhand,landing_height,landing_area,landing_x,landing_y,lose_reason,getpoint_player,player_location_area,player_location_x,player_location_y,opponent_location_area,opponent_location_x,opponent_location_y,set,match_id,rally_id
19,1,01:01:19,110393,11,8,3,1,short service,0.0,1,2.0,2,1.3109756097560976,-0.44625,,,8,164.1,649.46,8,216.0,293.28,3,49,4229
19,2,01:01:20,110421,11,8,15,2,push/rush,0.0,0,1.0,5,1.2304878048780483,1.1152083333333334,,,7,238.0,380.8,8,169.7,636.11,3,49,4229
19,3,01:01:21,110444,11,8,3,2,clear,0.0,1,1.0,5,-1.3085365853658537,-1.1588541666666667,,,8,233.7,689.5,8,236.3,341.39,3,49,4229
19,4,01:01:22,110477,11,8,15,2,smash,1.0,0,2.0,6,-0.9426829268292682,1.1486458333333331,,,8,133.4,267.92,8,163.0,717.77,3,49,4229
19,5,01:01:22,110489,11,8,3,2,defensive shot,0.0,0,2.0,7,-0.4158536585365853,-0.3860416666666666,,,8,124.7,719.51,5,97.1,259.09,3,49,4229
19,6,01:01:23,110516,11,8,15,2,lob,0.0,0,1.0,8,0.7341463414634145,1.3932291666666667,,,7,108.5,370.26,8,142.0,684.59,3,49,4229
19,7,01:01:25,110553,11,8,3,2,clear,1.0,0,1.0,4,1.2475609756097563,-1.4081770833333334,,,9,208.4,757.79,8,181.2,274.05,3,49,4229
19,8,01:01:26,110588,11,8,15,2,drop,0.0,0,2.0,7,0.7134146341463414,0.6291145833333331,,,6,256.4,220.79,8,185.5,700.76,3,49,4229
19,9,01:01:27,110610,11,8,3,3,push/rush,0.0,1,2.0,9,0.7292682926829269,-1.6132291666666667,misjudged,15.0,8,199.1,644.9,8,209.8,268.96,3,49,4229
