rally,ball_round,time,frame_num,roundscore_A,roundscore_B,player,server,type,aroundhead,backhand,landing_height,landing_area,landing_x,landing_y,lose_reason,getpoint_player,player_location_area,player_location_x,player_location_y,opponent_location_area,opponent_location_x,opponent_location_y,set,match_id,rally_id
8,1,00:33:06,59603,7,1,15,1,short service,0.0,0,2.0,7,-0.6353658536585365,0.4246354166666665,,,8,189.5,316.15,8,133.4,685.62,2,49,4188
8,2,00:33:07,59629,7,1,3,2,net shot,0.0,0,2.0,7,0.2219512195121949,-0.3158854166666665,,,7,145.4,585.66,8,181.1,328.52,2,49,4188
8,3,00:33:08,59652,7,1,15,2,lob,0.0,1,1.0,8,-0.3804878048780486,1.310625,,,7,207.0,402.25,8,152.8,602.3,2,49,4188
8,4,00:33:10,59700,7,1,3,2,smash,0.0,0,2.0,5,-1.1146341463414635,-1.05484375,,,8,151.0,740.51,8,181.1,310.97,2,49,4188
8,5,00:33:10,59716,7,1,15,3,defensive shot,0.0,1,2.0,7,-0.852439024390244,-0.0100520833333333,touched the net,15.0,8,189.8,282.29,8,136.8,722.5,2,49,4188
