rally,ball_round,time,frame_num,roundscore_A,roundscore_B,player,server,type,aroundhead,backhand,landing_height,landing_area,landing_x,landing_y,lose_reason,getpoint_player,player_location_area,player_location_x,player_location_y,opponent_location_area,opponent_location_x,opponent_location_y,set,match_id,rally_id
4,1,00:31:35,56861,4,0,15,1,short service,0.0,0,2.0,7,-0.6097560975609756,0.3841145833333333,,,8,186.9,321.14,8,129.6,694.14,2,49,4184
4,2,00:31:36,56884,4,0,3,2,net shot,0.0,0,2.0,7,0.397560975609756,-0.4392187499999999,,,7,145.8,565.39,8,179.5,323.54,2,49,4184
4,3,00:31:36,56903,4,0,15,2,net shot,0.0,1,2.0,1,1.0646341463414637,0.3071875000000001,,,7,218.8,393.78,8,149.2,604.97,2,49,4184
4,4,00:31:37,56929,4,0,3,2,push/rush,0.0,1,2.0,4,1.2865853658536586,-1.3755729166666668,,,7,237.7,563.21,7,214.0,398.05,2,49,4184
4,5,00:31:38,56965,4,0,15,2,clear,0.0,0,1.0,5,1.4219512195121955,1.385104166666667,,,8,231.9,260.95,8,211.9,655.72,2,49,4184
4,6,00:31:40,57013,4,0,3,3,smash,1.0,0,2.0,10,-1.6207317073170733,-1.1908333333333332,out,15.0,3,268.1,758.97,8,222.0,290.72,2,49,4184
