rally,ball_round,time,frame_num,roundscore_A,roundscore_B,player,server,type,aroundhead,backhand,landing_height,landing_area,landing_x,landing_y,lose_reason,getpoint_player,player_location_area,player_location_x,player_location_y,opponent_location_area,opponent_location_x,opponent_location_y,set,match_id,rally_id
16,1,00:37:39,67777,12,4,3,1,short service,0.0,1,2.0,8,0.4817073170731707,-0.5449999999999999,,,8,165.8,648.27,8,222.6,296.0,2,49,4196
16,2,00:37:40,67801,12,4,15,2,net shot,0.0,1,2.0,1,1.2207317073170734,0.3331250000000001,,,7,227.0,367.11,8,168.2,654.24,2,49,4196
16,3,00:37:40,67828,12,4,3,2,push/rush,0.0,1,1.0,3,-0.8902439024390244,-1.389375,,,7,248.3,566.27,7,218.8,373.84,2,49,4196
16,4,00:37:42,67865,12,4,15,2,clear,0.0,1,1.0,8,0.274390243902439,1.2552083333333333,,,8,128.3,230.82,8,167.9,670.39,2,49,4196
16,5,00:37:43,67896,12,4,3,2,drop,0.0,0,2.0,8,0.897560975609756,-0.7296875000000002,,,8,184.3,716.91,8,180.3,274.04,2,49,4196
16,6,00:37:43,67917,12,4,15,2,net shot,0.0,0,2.0,7,-0.1890243902439024,0.3021874999999999,,,8,227.2,326.63,8,180.1,738.83,2,49,4196
16,7,00:37:44,67944,12,4,3,2,net shot,0.0,0,2.0,7,0.3036585365853659,-0.0840104166666666,,,7,175.1,565.65,8,190.0,348.0,2,49,4196
16,8,00:37:45,67967,12,4,15,3,lob,0.0,0,2.0,10,-1.6439024390243904,1.5546875,out,15.0,7,179.5,454.5,7,157.9,565.5,2,49,4196
