rally,ball_round,time,frame_num,roundscore_A,roundscore_B,player,server,type,aroundhead,backhand,landing_height,landing_area,landing_x,landing_y,lose_reason,getpoint_player,player_location_area,player_location_x,player_location_y,opponent_location_area,opponent_location_x,opponent_location_y,set,match_id,rally_id
17,1,00:16:04,28943,9,8,15,1,short service,0.0,0,2.0,8,-0.3097560975609756,-0.6223958333333334,,,8,180.7,674.96,8,123.4,292.06,1,49,4160
17,2,00:16:05,28965,9,8,3,2,net shot,0.0,1,2.0,7,0.0804878048780487,0.2861979166666669,,,7,170.1,380.0,8,164.0,670.36,1,49,4160
17,3,00:16:06,28993,9,8,15,2,net shot,0.0,1,2.0,7,-0.7390243902439023,-0.1705208333333333,,,7,169.3,564.11,7,184.2,371.16,1,49,4160
17,4,00:16:07,29017,9,8,3,2,lob,0.0,1,1.0,9,0.9085365853658536,1.5514583333333334,,,7,135.0,430.47,8,163.8,605.09,1,49,4160
17,5,00:16:08,29065,9,8,15,2,drop,1.0,0,2.0,2,1.369512195121951,-0.2026041666666665,,,9,225.2,773.97,8,202.0,311.24,1,49,4160
17,6,00:16:09,29098,9,8,3,2,net shot,0.0,0,2.0,1,1.3585365853658533,0.3336979166666669,,,2,259.3,387.69,8,192.9,725.72,1,49,4160
17,7,00:16:10,29127,9,8,15,2,push/rush,0.0,1,1.0,4,1.197560975609756,-1.44125,,,1,255.0,582.31,8,205.2,352.91,1,49,4160
17,8,00:16:11,29153,9,8,3,2,clear,0.0,0,1.0,4,-1.053658536585366,1.5735416666666666,,,8,232.5,208.33,8,216.5,666.18,1,49,4160
17,9,00:16:13,29201,9,8,15,3,smash,0.0,0,2.0,6,1.4951219512195124,-0.9544791666666668,opponent's ball landed,15.0,4,99.9,774.99,8,182.9,276.8,1,49,4160
