rally,ball_round,time,frame_num,roundscore_A,roundscore_B,player,server,type,aroundhead,backhand,landing_height,landing_area,landing_x,landing_y,lose_reason,getpoint_player,player_location_area,player_location_x,player_location_y,opponent_location_area,opponent_location_x,opponent_location_y,set,match_id,rally_id
23,1,00:48:23,87116,12,11,10,1,short service,0.0,1,2.0,7,-0.4341463414634146,0.4180729166666665,,,8,182.3,321.31,8,128.1,677.73,2,32,2626
23,2,00:48:24,87139,12,11,13,2,net shot,0.0,0,2.0,7,-0.8024390243902438,-0.4922395833333333,,,7,117.8,584.85,8,161.0,296.66,2,32,2626
23,3,00:48:25,87160,12,11,10,2,net shot,0.0,0,2.0,1,1.395121951219512,0.3594791666666665,,,8,109.7,341.69,8,145.2,625.5,2,32,2626
23,4,00:48:26,87187,12,11,13,2,lob,0.0,0,1.0,8,0.75,-1.28875,,,7,249.3,570.56,8,183.9,331.08,2,32,2626
23,5,00:48:27,87224,12,11,10,2,smash,1.0,0,2.0,8,-0.6365853658536585,1.0893749999999998,,,8,231.2,225.07,8,228.5,681.59,2,32,2626
23,6,00:48:27,87236,12,11,13,2,defensive shot,0.0,1,1.0,7,-0.2597560975609757,-0.4346874999999999,,,8,203.1,700.98,8,199.6,241.64,2,32,2626
23,7,00:48:28,87259,12,11,10,3,smash,0.0,0,2.0,8,-0.7853658536585366,1.272239583333333,opponent's ball landed,10.0,8,138.1,338.92,8,172.3,701.28,2,32,2626
