rally,ball_round,time,frame_num,roundscore_A,roundscore_B,player,server,type,aroundhead,backhand,landing_height,landing_area,landing_x,landing_y,lose_reason,getpoint_player,player_location_area,player_location_x,player_location_y,opponent_location_area,opponent_location_x,opponent_location_y,set,match_id,rally_id
4,1,00:34:39,62385,2,2,13,1,short service,0.0,1,2.0,7,-0.1573170731707317,-0.4834374999999999,,,8,181.2,625.13,8,132.8,266.24,2,32,2607
4,2,00:34:40,62408,2,2,10,2,lob,0.0,0,1.0,3,1.0926829268292686,1.5981770833333335,,,8,138.2,341.34,8,182.6,632.03,2,32,2607
4,3,00:34:41,62445,2,2,13,2,smash,0.0,0,2.0,8,0.8451219512195123,-0.9322916666666666,,,9,250.5,783.9,8,167.6,296.58,2,32,2607
4,4,00:34:42,62461,2,2,10,2,net shot,0.0,1,2.0,2,-0.8707317073170733,0.4891666666666664,,,8,165.3,294.08,8,236.1,733.03,2,32,2607
4,5,00:34:42,62487,2,2,13,2,net shot,0.0,1,2.0,7,0.0719512195121951,-0.1683333333333333,,,8,122.9,611.73,8,178.0,308.99,2,32,2607
4,6,00:34:43,62512,2,2,10,2,net shot,0.0,0,2.0,7,0.2024390243902438,0.1483854166666667,,,7,191.1,373.83,8,175.3,625.19,2,32,2607
4,7,00:34:44,62537,2,2,13,3,lob,0.0,1,2.0,7,0.0634146341463413,0.1806770833333333,touched the net,10.0,7,206.5,540.78,7,179.5,371.64,2,32,2607
