rally,ball_round,time,frame_num,roundscore_A,roundscore_B,player,server,type,aroundhead,backhand,landing_height,landing_area,landing_x,landing_y,lose_reason,getpoint_player,player_location_area,player_location_x,player_location_y,opponent_location_area,opponent_location_x,opponent_location_y,set,match_id,rally_id
17,1,00:23:27,42227,13,4,10,1,short service,0.0,1,2.0,7,-0.1292682926829267,-0.3286458333333334,,,8,185.8,618.11,8,135.1,271.41,1,32,2594
17,2,00:23:28,42248,13,4,13,2,lob,0.0,1,1.0,4,-0.9060975609756096,1.6650520833333335,,,8,161.4,357.77,8,184.0,623.37,1,32,2594
17,3,00:23:29,42282,13,4,10,2,drop,1.0,0,2.0,6,1.0390243902439025,-0.7255208333333334,,,8,146.2,742.89,8,152.0,284.07,1,32,2594
17,4,00:23:30,42302,13,4,13,2,defensive shot,0.0,1,2.0,1,1.0573170731707315,0.2899479166666664,,,8,229.0,300.84,9,129.1,765.06,1,32,2594
17,5,00:23:31,42332,13,4,10,2,lob,0.0,0,1.0,9,-0.6121951219512195,-1.42515625,,,8,231.5,596.33,8,205.4,270.51,1,32,2594
17,6,00:23:32,42365,13,4,13,3,clear,0.0,0,2.0,10,-1.2439024390243902,1.8516145833333333,out,10.0,9,138.7,193.18,8,205.0,645.46,1,32,2594
