rally,ball_round,time,frame_num,roundscore_A,roundscore_B,player,server,type,aroundhead,backhand,landing_height,landing_area,landing_x,landing_y,lose_reason,getpoint_player,player_location_area,player_location_x,player_location_y,opponent_location_area,opponent_location_x,opponent_location_y,set,match_id,rally_id
32,1,01:07:06,120784,15,17,26,1,short service,0.0,1,2.0,7,0.4548780487804879,-0.4775,,,8,167.8,611.52,8,229.0,289.85,2,34,2813
32,2,01:07:06,120802,15,17,9,2,push/rush,0.0,1,1.0,5,1.125609756097561,1.3747395833333336,,,7,190.8,375.49,8,172.7,632.24,2,34,2813
32,3,01:07:07,120834,15,17,26,2,clear,0.0,0,1.0,6,1.353658536585366,-1.3633333333333333,,,8,245.1,747.6,8,190.6,298.01,2,34,2813
32,4,01:07:08,120867,15,17,9,2,smash,0.0,0,2.0,6,-1.396341463414634,1.0623958333333334,,,8,244.5,216.88,8,224.3,709.01,2,34,2813
32,5,01:07:09,120887,15,17,26,3,defensive shot,0.0,1,2.0,2,-1.3902439024390243,0.1779166666666668,touched the net,26.0,8,189.7,681.23,8,240.1,233.52,2,34,2813
