rally,ball_round,time,frame_num,roundscore_A,roundscore_B,player,server,type,aroundhead,backhand,landing_height,landing_area,landing_x,landing_y,lose_reason,getpoint_player,player_location_area,player_location_x,player_location_y,opponent_location_area,opponent_location_x,opponent_location_y,set,match_id,rally_id
25,1,00:40:38,73140,19,6,10,1,long service,0.0,1,1.0,8,0.9304878048780488,1.2475520833333331,,,8,168.7,323.18,8,226.3,670.68,2,22,1833
25,2,00:40:39,73184,19,6,17,2,smash,1.0,0,2.0,6,1.3378048780487803,-1.0505729166666666,,,8,223.3,721.29,8,162.8,294.79,2,22,1833
25,3,00:40:39,73199,19,6,10,2,defensive shot,0.0,1,2.0,1,1.3097560975609754,0.4016666666666666,,,8,181.9,279.12,8,218.7,722.88,2,22,1833
25,4,00:40:40,73224,19,6,17,2,net shot,0.0,1,2.0,2,1.409756097560976,-0.4406770833333334,,,1,253.6,574.27,8,206.2,283.0,2,22,1833
25,5,00:40:41,73249,19,6,10,2,lob,0.0,1,1.0,5,1.4597560975609756,1.3306770833333337,,,2,264.8,373.18,8,211.5,614.91,2,22,1833
25,6,00:40:42,73285,19,6,17,3,drop,1.0,0,2.0,10,-1.625609756097561,-0.5313020833333333,out,10.0,8,248.0,750.97,8,209.1,295.96,2,22,1833
