rally,ball_round,time,frame_num,roundscore_A,roundscore_B,player,server,type,aroundhead,backhand,landing_height,landing_area,landing_x,landing_y,lose_reason,getpoint_player,player_location_area,player_location_x,player_location_y,opponent_location_area,opponent_location_x,opponent_location_y,set,match_id,rally_id
14,1,00:17:09,30875,11,3,10,1,short service,0.0,1,2.0,8,0.4743902439024391,-0.5402604166666668,,,8,165.2,616.04,8,221.8,273.59,1,22,1800
14,2,00:17:10,30926,11,3,17,2,net shot,0.0,1,2.0,1,1.0280487804878051,0.2434375,,,7,220.5,366.34,8,181.3,639.88,1,22,1800
14,3,00:17:11,30951,11,3,10,2,lob,0.0,0,1.0,4,0.9365853658536588,-1.4360416666666669,,,7,250.9,547.96,8,199.7,333.12,1,22,1800
14,4,00:17:13,30990,11,3,17,2,clear,0.0,0,1.0,5,1.5414634146341462,1.5081249999999995,,,9,237.5,172.45,8,223.0,642.57,1,22,1800
14,5,00:17:14,31027,11,3,10,2,smash,0.0,0,2.0,8,0.721951219512195,-0.6770833333333334,,,5,296.9,756.48,8,220.7,263.64,1,22,1800
14,6,00:17:14,31048,11,3,17,2,drive,0.0,0,1.0,8,0.1548780487804876,0.8708333333333336,,,8,217.0,333.55,5,254.3,710.0,1,22,1800
14,7,00:17:15,31060,11,3,10,2,defensive shot,0.0,1,2.0,6,1.0353658536585364,-0.8346354166666666,,,8,225.3,672.49,8,218.1,315.11,1,22,1800
14,8,00:17:15,31078,11,3,17,2,net shot,0.0,0,2.0,7,0.1585365853658536,0.6509895833333333,,,8,232.9,321.68,8,203.0,612.74,1,22,1800
14,9,00:17:16,31104,11,3,10,3,lob,0.0,1,2.0,10,-0.8560975609756097,-1.6716666666666669,out,10.0,8,220.4,602.93,8,199.3,320.85,1,22,1800
