rally,ball_round,time,frame_num,roundscore_A,roundscore_B,player,server,type,aroundhead,backhand,landing_height,landing_area,landing_x,landing_y,lose_reason,getpoint_player,player_location_area,player_location_x,player_location_y,opponent_location_area,opponent_location_x,opponent_location_y,set,match_id,rally_id
20,1,00:37:54,68226,15,5,10,1,long service,0.0,1,1.0,5,1.419512195121951,1.38203125,,,8,169.4,326.27,8,226.8,670.69,2,22,1829
20,2,00:37:55,68279,15,5,17,2,smash,1.0,0,2.0,6,1.2646341463414632,-1.0340625,,,8,220.2,717.88,8,166.6,294.89,2,22,1829
20,3,00:37:56,68296,15,5,10,2,defensive shot,0.0,1,2.0,2,-1.1414634146341462,0.4730729166666669,,,8,206.1,289.46,8,230.0,726.39,2,22,1829
20,4,00:37:57,68324,15,5,17,2,lob,0.0,0,1.0,3,-0.8902439024390244,-1.43828125,,,2,99.9,584.0,8,177.4,298.35,2,22,1829
20,5,00:37:58,68365,15,5,10,2,smash,0.0,0,2.0,5,1.2768292682926827,1.017916666666667,,,9,127.7,165.67,8,137.3,676.37,2,22,1829
20,6,00:37:59,68381,15,5,17,2,defensive shot,0.0,1,2.0,7,0.7695121951219511,-0.3015104166666666,,,8,150.2,694.38,9,104.4,198.16,2,22,1829
20,7,00:38:00,68412,15,5,10,2,net shot,0.0,1,2.0,7,0.8902439024390244,0.2299479166666665,,,7,223.4,427.72,8,242.1,615.49,2,22,1829
20,8,00:38:01,68437,15,5,17,2,lob,0.0,1,1.0,4,1.0402439024390244,-1.47296875,,,7,231.9,545.34,7,208.7,377.6,2,22,1829
20,9,00:38:02,68483,15,5,10,3,smash,0.0,0,2.0,5,1.3524390243902435,1.1041666666666667,opponent's ball landed,10.0,4,258.8,157.99,8,168.9,682.32,2,22,1829
