rally,ball_round,time,frame_num,roundscore_A,roundscore_B,player,server,type,aroundhead,backhand,landing_height,landing_area,landing_x,landing_y,lose_reason,getpoint_player,player_location_area,player_location_x,player_location_y,opponent_location_area,opponent_location_x,opponent_location_y,set,match_id,rally_id
13,1,00:16:00,28814,11,2,10,1,short service,0.0,1,2.0,8,-0.6378048780487805,-0.6441666666666667,,,8,182.3,614.36,8,125.3,274.41,1,22,1799
13,2,00:16:01,28836,11,2,17,2,lob,0.0,1,1.0,8,0.7292682926829269,1.0711458333333332,,,8,139.1,355.61,8,179.8,620.3,1,22,1799
13,3,00:16:02,28865,11,2,10,2,smash,0.0,0,2.0,5,-1.4585365853658536,-0.8613020833333334,,,8,204.7,714.25,8,199.2,276.3,1,22,1799
13,4,00:16:02,28889,11,2,17,3,defensive shot,0.0,1,2.0,1,-1.3670731707317072,-0.0866145833333333,touched the net,10.0,5,76.7,308.47,8,217.9,717.85,1,22,1799
