rally,ball_round,time,frame_num,roundscore_A,roundscore_B,player,server,type,aroundhead,backhand,landing_height,landing_area,landing_x,landing_y,lose_reason,getpoint_player,player_location_area,player_location_x,player_location_y,opponent_location_area,opponent_location_x,opponent_location_y,set,match_id,rally_id
19,1,00:19:02,34279,15,4,10,1,short service,0.0,1,2.0,7,0.3841463414634146,-0.5108854166666665,,,8,164.7,612.02,8,222.5,270.32,1,22,1804
19,2,00:19:03,34302,15,4,17,2,net shot,0.0,1,2.0,7,0.8658536585365854,0.2664583333333332,,,7,220.5,366.34,8,186.3,628.32,1,22,1804
19,3,00:19:04,34328,15,4,10,2,lob,0.0,0,1.0,4,1.148780487804878,-1.4146354166666668,,,7,227.5,562.94,8,193.5,339.03,1,22,1804
19,4,00:19:05,34365,15,4,17,2,smash,0.0,0,2.0,6,-1.130487804878049,0.9308333333333336,,,9,231.0,161.01,8,217.4,648.19,1,22,1804
19,5,00:19:06,34381,15,4,10,2,defensive shot,0.0,1,1.0,5,-1.4073170731707318,-0.6677604166666665,,,8,220.8,688.57,4,272.2,177.13,1,22,1804
19,6,00:19:07,34414,15,4,17,2,net shot,0.0,1,2.0,2,-1.1012195121951218,0.1748437499999999,,,5,68.6,350.96,8,142.5,659.97,1,22,1804
19,7,00:19:08,34448,15,4,10,3,net shot,0.0,1,2.0,10,-1.6414634146341462,-0.0358333333333333,out,10.0,2,100.7,547.16,8,146.7,340.9,1,22,1804
