rally,ball_round,time,frame_num,roundscore_A,roundscore_B,player,server,type,aroundhead,backhand,landing_height,landing_area,landing_x,landing_y,lose_reason,getpoint_player,player_location_area,player_location_x,player_location_y,opponent_location_area,opponent_location_x,opponent_location_y,set,match_id,rally_id
22,1,00:20:36,37103,14,8,2,1,long service,0.0,0,1.0,9,0.6987804878048782,1.6516666666666666,,,8,159.1,333.41,8,225.3,689.0,1,12,951
22,2,00:20:38,37162,14,8,7,2,drop,0.0,0,2.0,6,1.104878048780488,-0.5977083333333333,,,9,231.5,797.26,8,160.4,333.4,1,12,951
22,3,00:20:39,37182,14,8,2,2,lob,0.0,1,1.0,5,0.952439024390244,1.41390625,,,8,234.6,337.87,8,218.7,742.09,1,12,951
22,4,00:20:40,37217,14,8,7,2,clear,0.0,0,1.0,5,-1.1865853658536585,-1.3135416666666666,,,9,206.5,765.36,8,185.0,343.07,1,12,951
22,5,00:20:41,37256,14,8,2,2,drop,0.0,0,2.0,1,1.1121951219512194,0.3521354166666667,,,5,84.2,232.3,8,178.7,700.66,1,12,951
22,6,00:20:42,37283,14,8,7,2,net shot,0.0,0,2.0,2,1.1621951219512197,-0.1335937499999998,,,8,234.9,595.83,8,152.9,271.13,1,12,951
22,7,00:20:43,37313,14,8,2,3,lob,0.0,1,2.0,10,1.0890243902439023,1.83,out,2.0,7,248.2,424.69,8,220.5,620.19,1,12,951
