rally,ball_round,time,frame_num,roundscore_A,roundscore_B,player,server,type,aroundhead,backhand,landing_height,landing_area,landing_x,landing_y,lose_reason,getpoint_player,player_location_area,player_location_x,player_location_y,opponent_location_area,opponent_location_x,opponent_location_y,set,match_id,rally_id
28,1,00:24:26,44006,16,12,7,1,short service,0.0,1,2.0,7,0.651219512195122,-0.4738541666666667,,,8,168.4,661.64,8,218.4,310.36,1,12,957
28,2,00:24:27,44026,16,12,2,2,net shot,0.0,1,2.0,2,-1.352439024390244,0.3493750000000002,,,7,215.8,380.7,8,179.6,674.97,1,12,957
28,3,00:24:28,44054,16,12,7,2,lob,0.0,1,1.0,9,-0.1097560975609756,-1.5065104166666667,,,2,82.3,567.96,7,175.6,367.04,1,12,957
28,4,00:24:30,44108,16,12,2,2,drop,0.0,0,2.0,8,0.8451219512195123,0.7028645833333336,,,8,166.4,205.28,8,179.1,674.98,1,12,957
28,5,00:24:30,44126,16,12,7,2,net shot,0.0,0,2.0,2,1.4268292682926829,-0.4519791666666665,,,8,214.2,666.78,8,158.1,246.12,1,12,957
28,6,00:24:31,44155,16,12,2,2,push/rush,0.0,1,1.0,5,1.340243902439024,1.3402083333333337,,,7,248.8,400.78,8,202.9,680.09,1,12,957
28,7,00:24:32,44178,16,12,7,3,drive,0.0,0,2.0,3,-1.3585365853658538,-1.585208333333333,opponent's ball landed,2.0,8,251.7,744.16,8,216.7,347.73,1,12,957
