rally,ball_round,time,frame_num,roundscore_A,roundscore_B,player,server,type,aroundhead,backhand,landing_height,landing_area,landing_x,landing_y,lose_reason,getpoint_player,player_location_area,player_location_x,player_location_y,opponent_location_area,opponent_location_x,opponent_location_y,set,match_id,rally_id
25,1,00:45:33,82001,14,11,2,1,short service,0.0,1,2.0,7,-0.6036585365853658,-0.2053645833333333,,,8,189.8,640.68,8,127.1,287.44,2,12,989
25,2,00:45:34,82027,14,11,7,2,lob,0.0,1,1.0,4,-1.2207317073170731,1.602291666666667,,,7,107.4,369.8,8,179.4,627.79,2,12,989
25,3,00:45:35,82060,14,11,2,2,drop,1.0,0,2.0,1,-1.2317073170731707,-0.2933854166666665,,,8,124.7,719.32,8,145.9,303.08,2,12,989
25,4,00:45:36,82086,14,11,7,2,lob,0.0,0,1.0,9,0.6329268292682928,1.5756249999999998,,,5,87.8,338.79,8,133.6,725.21,2,12,989
25,5,00:45:37,82121,14,11,2,2,smash,0.0,0,2.0,6,1.3560975609756096,-0.94046875,,,9,210.3,757.75,8,165.5,308.13,2,12,989
25,6,00:45:37,82136,14,11,7,2,defensive shot,0.0,1,2.0,1,1.201219512195122,0.3244270833333331,,,8,163.2,292.51,8,225.4,754.36,2,12,989
25,7,00:45:38,82161,14,11,2,3,lob,0.0,0,2.0,10,1.6512195121951216,-1.5769791666666666,out,2.0,1,252.8,579.93,8,226.1,307.75,2,12,989
