rally,ball_round,time,frame_num,roundscore_A,roundscore_B,player,server,type,aroundhead,backhand,landing_height,landing_area,landing_x,landing_y,lose_reason,getpoint_player,player_location_area,player_location_x,player_location_y,opponent_location_area,opponent_location_x,opponent_location_y,set,match_id,rally_id
24,1,00:32:58,59358,11,13,6,1,short service,0.0,1,2.0,7,-0.5304878048780488,0.3031770833333335,,,8,180.8,322.57,8,125.4,680.15,2,4,340
24,2,00:32:59,59378,11,13,0,2,push/rush,0.0,0,1.0,8,-0.801219512195122,-0.8222916666666666,,,7,134.4,577.15,8,168.6,327.5,2,4,340
24,3,00:32:59,59390,11,13,6,2,smash,0.0,0,2.0,8,-0.6951219512195121,0.7418229166666664,,,8,152.5,341.83,7,131.6,552.54,2,4,340
24,4,00:33:00,59400,11,13,0,2,defensive shot,0.0,1,2.0,8,0.0097560975609757,-0.5811458333333333,,,8,158.0,622.26,8,127.3,296.66,2,4,340
24,5,00:33:00,59420,11,13,6,2,push/rush,0.0,1,1.0,8,-0.8634146341463415,1.2481770833333332,,,8,167.5,350.92,8,179.9,653.89,2,4,340
24,6,00:33:01,59444,11,13,0,2,smash,1.0,0,2.0,5,-0.8939024390243903,-0.9367708333333334,,,8,130.8,697.82,8,143.6,311.07,2,4,340
24,7,00:33:01,59456,11,13,6,2,defensive shot,0.0,0,2.0,1,1.0060975609756098,0.5320833333333331,,,8,123.9,284.33,8,125.2,715.1,2,4,340
24,8,00:33:02,59485,11,13,0,2,lob,0.0,0,1.0,4,0.9914634146341464,-1.4557291666666667,,,8,233.5,616.8,8,156.7,268.75,2,4,340
24,9,00:33:04,59528,11,13,6,3,smash,1.0,0,2.0,2,1.1963414634146343,-0.1008333333333334,touched the net,0.0,9,233.7,196.17,8,207.9,667.57,2,4,340
