rally,ball_round,time,frame_num,roundscore_A,roundscore_B,player,server,type,aroundhead,backhand,landing_height,landing_area,landing_x,landing_y,lose_reason,getpoint_player,player_location_area,player_location_x,player_location_y,opponent_location_area,opponent_location_x,opponent_location_y,set,match_id,rally_id
20,1,00:29:37,53324,10,10,6,1,short service,0.0,1,2.0,7,-0.2585365853658535,0.4908333333333334,,,8,183.2,327.3,8,117.3,669.66,2,4,336
20,2,00:29:38,53344,10,10,0,2,push/rush,0.0,0,1.0,5,-0.8939024390243903,-0.9367708333333334,,,7,126.1,575.49,8,179.5,336.79,2,4,336
20,3,00:29:38,53359,10,10,6,2,defensive shot,0.0,0,2.0,2,-1.023170731707317,0.4844270833333333,,,8,148.6,325.39,7,143.7,577.07,2,4,336
20,4,00:29:39,53378,10,10,0,2,push/rush,0.0,1,1.0,4,0.992682926829268,-1.4702604166666664,,,8,109.8,629.07,8,134.7,294.09,2,4,336
20,5,00:29:40,53414,10,10,6,2,clear,0.0,1,1.0,9,0.7658536585365855,1.511302083333333,,,9,241.3,201.53,8,197.4,659.97,2,4,336
20,6,00:29:41,53445,10,10,0,3,smash,0.0,0,2.0,2,1.0878048780487803,0.0363541666666667,touched the net,0.0,9,218.0,763.88,8,184.9,263.23,2,4,336
