rally,ball_round,time,frame_num,roundscore_A,roundscore_B,player,server,type,aroundhead,backhand,landing_height,landing_area,landing_x,landing_y,lose_reason,getpoint_player,player_location_area,player_location_x,player_location_y,opponent_location_area,opponent_location_x,opponent_location_y,set,match_id,rally_id
12,1,00:10:48,19456,7,5,5,1,short service,0.0,1,2.0,7,-0.274390243902439,-0.5108333333333333,,,8,187.6,649.11,8,133.7,291.13,1,3,192
12,2,00:10:49,19485,7,5,4,2,lob,0.0,0,1.0,4,-1.1902439024390243,1.5877083333333335,,,8,150.2,324.9,8,169.3,633.29,1,3,192
12,3,00:10:50,19520,7,5,5,2,clear,1.0,0,1.0,4,1.0585365853658537,-1.3851041666666666,,,8,124.5,738.55,8,164.0,295.72,1,3,192
12,4,00:10:52,19566,7,5,4,2,smash,1.0,0,2.0,5,1.184146341463415,1.0368750000000002,,,4,262.9,178.88,8,179.8,701.91,1,3,192
12,5,00:10:52,19581,7,5,5,2,defensive shot,0.0,0,1.0,9,-0.6634146341463415,-1.5483854166666664,,,8,183.8,681.28,4,267.9,195.48,1,3,192
12,6,00:10:53,19606,7,5,4,3,smash,0.0,0,2.0,10,-1.6780487804878048,1.498125,out,4.0,9,168.8,194.12,8,184.8,682.78,1,3,192
