rally,ball_round,time,frame_num,roundscore_A,roundscore_B,player,server,type,aroundhead,backhand,landing_height,landing_area,landing_x,landing_y,lose_reason,getpoint_player,player_location_area,player_location_x,player_location_y,opponent_location_area,opponent_location_x,opponent_location_y,set,match_id,rally_id
2,1,00:41:24,74533,0,2,5,1,short service,0.0,1,2.0,8,0.7634146341463414,-0.6709375,,,8,168.4,649.14,8,231.0,319.27,3,3,251
2,2,00:41:25,74553,0,2,4,2,push/rush,0.0,1,1.0,5,1.2829268292682925,1.4439062500000002,,,8,215.4,333.7,8,166.0,664.64,3,3,251
2,3,00:41:26,74586,0,2,5,2,clear,0.0,0,1.0,9,0.8390243902439026,-1.4123958333333333,,,8,212.7,741.4,8,206.0,257.5,3,3,251
2,4,00:41:27,74619,0,2,4,2,drop,1.0,0,2.0,6,-0.9036585365853658,0.7135937499999999,,,9,240.9,201.35,8,196.3,681.28,3,3,251
2,5,00:41:28,74641,0,2,5,2,defensive shot,0.0,1,2.0,1,-1.078048780487805,-0.5077083333333334,,,8,134.1,650.75,9,227.7,165.28,3,3,251
2,6,00:41:29,74670,0,2,4,2,net shot,0.0,0,2.0,2,-1.0182926829268293,0.3781250000000001,,,8,139.4,329.76,8,129.0,644.48,3,3,251
2,7,00:41:30,74700,0,2,5,2,lob,0.0,1,1.0,9,-0.7170731707317073,-1.5041145833333331,,,7,138.5,585.32,8,149.4,310.52,3,3,251
2,8,00:41:31,74746,0,2,4,3,clear,0.0,0,2.0,10,-1.1292682926829267,1.8165625,out,4.0,9,137.5,191.81,7,157.0,593.78,3,3,251
