rally,ball_round,time,frame_num,roundscore_A,roundscore_B,player,server,type,aroundhead,backhand,landing_height,landing_area,landing_x,landing_y,lose_reason,getpoint_player,player_location_area,player_location_x,player_location_y,opponent_location_area,opponent_location_x,opponent_location_y,set,match_id,rally_id
30,1,00:18:09,32688,19,11,4,1,short service,0.0,1,2.0,7,-0.8512195121951219,0.6167708333333332,,,8,185.4,314.96,8,133.4,644.47,1,3,210
30,2,00:18:10,32708,19,11,5,2,push/rush,0.0,1,1.0,4,1.2146341463414636,-1.5455208333333337,,,8,126.6,615.53,8,186.9,283.06,1,3,210
30,3,00:18:11,32740,19,11,4,2,clear,1.0,0,1.0,3,1.2219512195121949,1.6170833333333334,,,9,236.8,190.4,8,173.8,650.7,1,3,210
30,4,00:18:12,32776,19,11,5,2,smash,0.0,0,2.0,5,-1.503658536585366,-0.8854687499999999,,,3,266.5,797.87,8,211.3,247.09,1,3,210
30,5,00:18:13,32797,19,11,4,3,defensive shot,0.0,0,2.0,5,-1.4500000000000002,-0.8222916666666666,misjudged,4.0,8,139.3,327.39,10,269.5,820.07,1,3,210
