rally,ball_round,time,frame_num,roundscore_A,roundscore_B,player,server,type,aroundhead,backhand,landing_height,landing_area,landing_x,landing_y,lose_reason,getpoint_player,player_location_area,player_location_x,player_location_y,opponent_location_area,opponent_location_x,opponent_location_y,set,match_id,rally_id
6,1,00:43:01,77450,2,4,5,1,short service,0.0,1,2.0,7,-0.3609756097560975,-0.5222916666666665,,,8,184.1,650.68,8,140.8,305.76,3,3,255
6,2,00:43:02,77470,2,4,4,2,net shot,0.0,1,2.0,2,-0.975609756097561,0.4157812500000002,,,8,132.7,353.15,8,174.3,638.07,3,3,255
6,3,00:43:03,77492,2,4,5,2,lob,0.0,1,1.0,4,1.0,-1.4277083333333334,,,8,138.0,607.25,8,142.7,310.59,3,3,255
6,4,00:43:04,77530,2,4,4,2,drop,1.0,0,2.0,6,-1.0695121951219513,0.7138020833333331,,,9,249.4,201.23,8,175.7,658.47,3,3,255
6,5,00:43:05,77557,2,4,5,2,push/rush,0.0,1,1.0,9,-0.7085365853658536,-1.3888541666666665,,,8,123.6,660.07,9,225.9,182.21,3,3,255
6,6,00:43:06,77587,2,4,4,2,clear,0.0,0,1.0,6,-1.1524390243902438,1.4845833333333331,,,8,146.5,234.83,8,134.3,641.31,3,3,255
6,7,00:43:07,77624,2,4,5,2,smash,1.0,0,2.0,6,1.0817073170731706,-1.1217708333333334,,,4,87.6,756.06,8,162.6,260.6,3,3,255
6,8,00:43:08,77641,2,4,4,3,defensive shot,0.0,1,2.0,1,1.3634146341463416,0.3353645833333332,opponent's ball landed,4.0,8,197.9,252.44,6,74.4,749.34,3,3,255
