rally,ball_round,time,frame_num,roundscore_A,roundscore_B,player,server,type,aroundhead,backhand,landing_height,landing_area,landing_x,landing_y,lose_reason,getpoint_player,player_location_area,player_location_x,player_location_y,opponent_location_area,opponent_location_x,opponent_location_y,set,match_id,rally_id
27,1,00:53:55,97067,15,12,4,1,short service,0.0,1,2.0,8,-0.3182926829268292,-0.5342708333333333,,,8,182.7,636.46,8,146.0,286.03,3,3,276
27,2,00:53:56,97086,15,12,5,2,push/rush,0.0,0,1.0,9,0.8902439024390244,1.6436458333333337,,,8,149.1,336.72,8,171.3,612.14,3,3,276
27,3,00:53:57,97120,15,12,4,2,smash,0.0,0,2.0,6,1.326829268292683,-0.84796875,,,9,212.0,762.93,8,197.8,302.7,3,3,276
27,4,00:53:58,97141,15,12,5,2,defensive shot,0.0,1,1.0,3,1.1743902439024392,1.6102604166666663,,,8,222.5,277.64,8,213.6,712.01,3,3,276
27,5,00:53:59,97170,15,12,4,2,drop,0.0,0,2.0,6,1.0280487804878051,-0.6114062499999999,,,8,222.7,733.15,8,213.1,252.25,3,3,276
27,6,00:53:59,97198,15,12,5,2,net shot,0.0,1,1.0,7,-0.8621951219512195,0.3301562499999999,,,8,235.0,309.59,8,190.7,667.68,3,3,276
27,7,00:54:00,97223,15,12,4,2,push/rush,0.0,1,2.0,8,0.2573170731707316,-1.1715104166666668,,,7,125.7,571.54,8,229.4,257.21,3,3,276
27,8,00:54:01,97234,15,12,5,3,defensive shot,0.0,0,2.0,7,0.1048780487804877,-0.0443749999999999,not pass over the net,4.0,8,216.8,254.79,2,103.1,504.16,3,3,276
