rally,ball_round,time,frame_num,roundscore_A,roundscore_B,player,server,type,aroundhead,backhand,landing_height,landing_area,landing_x,landing_y,lose_reason,getpoint_player,player_location_area,player_location_x,player_location_y,opponent_location_area,opponent_location_x,opponent_location_y,set,match_id,rally_id
32,1,00:37:04,66728,14,18,4,1,short service,0.0,1,2.0,8,0.3878048780487806,-0.6571354166666667,,,8,165.9,636.49,8,228.0,335.92,2,3,245
32,2,00:37:04,66748,14,18,5,2,push/rush,0.0,0,1.0,3,0.9817073170731708,1.6168229166666663,,,8,221.7,324.15,8,157.9,634.91,2,3,245
32,3,00:37:06,66781,14,18,4,2,drop,0.0,0,2.0,5,-1.1853658536585363,-0.7238020833333335,,,8,207.0,746.84,8,207.3,254.91,2,3,245
32,4,00:37:06,66805,14,18,5,2,push/rush,0.0,0,1.0,6,-0.9280487804878048,1.0613541666666666,,,8,141.6,355.36,8,203.6,700.46,2,3,245
32,5,00:37:07,66828,14,18,4,2,defensive shot,0.0,1,2.0,8,-0.8390243902439024,-0.7130208333333332,,,8,127.4,685.77,8,151.7,295.86,2,3,245
32,6,00:37:08,66844,14,18,5,2,push/rush,0.0,0,1.0,6,-1.075609756097561,1.4846354166666664,,,8,151.8,305.64,8,136.4,646.04,2,3,245
32,7,00:37:09,66872,14,18,4,2,smash,1.0,0,2.0,8,0.147560975609756,-1.0899479166666666,,,6,102.2,734.39,8,160.7,265.73,2,3,245
32,8,00:37:09,66887,14,18,5,3,defensive shot,0.0,1,2.0,1,1.2280487804878046,0.1182291666666666,touched the net,4.0,8,157.1,278.41,4,92.4,767.96,2,3,245
