rally,ball_round,time,frame_num,roundscore_A,roundscore_B,player,server,type,aroundhead,backhand,landing_height,landing_area,landing_x,landing_y,lose_reason,getpoint_player,player_location_area,player_location_x,player_location_y,opponent_location_area,opponent_location_x,opponent_location_y,set,match_id,rally_id
18,1,00:48:56,88097,8,10,4,1,short service,0.0,1,2.0,7,-0.4378048780487805,0.6340104166666668,,,8,192.8,305.19,8,129.7,618.8,3,3,267
18,2,00:48:57,88116,8,10,5,2,push/rush,0.0,0,1.0,4,1.1573170731707314,-1.5452083333333333,,,8,130.5,612.23,8,185.4,312.55,3,3,267
18,3,00:48:58,88151,8,10,4,2,clear,1.0,0,1.0,3,1.3682926829268292,1.5490104166666665,,,4,253.1,190.16,8,179.2,647.56,3,3,267
18,4,00:48:59,88182,8,10,5,2,smash,0.0,0,2.0,5,-1.201219512195122,-1.15,,,8,247.2,734.56,8,224.4,209.74,3,3,267
18,5,00:49:00,88207,8,10,4,2,defensive shot,0.0,0,1.0,6,-1.0695121951219513,1.3709895833333334,,,8,146.7,290.98,8,242.9,737.32,3,3,267
18,6,00:49:01,88231,8,10,5,3,drive,0.0,1,2.0,10,1.7890243902439025,-1.505104166666667,out,4.0,8,119.5,716.23,8,163.9,275.81,3,3,267
