rally,ball_round,time,frame_num,roundscore_A,roundscore_B,player,server,type,aroundhead,backhand,landing_height,landing_area,landing_x,landing_y,lose_reason,getpoint_player,player_location_area,player_location_x,player_location_y,opponent_location_area,opponent_location_x,opponent_location_y,set,match_id,rally_id
22,1,00:51:30,92707,10,12,4,1,short service,0.0,1,2.0,8,-0.4134146341463415,-0.5694791666666665,,,8,186.6,647.55,8,133.6,313.1,3,3,271
22,2,00:51:30,92728,10,12,5,2,push/rush,0.0,0,1.0,3,0.9780487804878047,1.6033333333333335,,,8,144.0,357.63,8,173.8,623.6,3,3,271
22,3,00:51:31,92757,10,12,4,2,smash,0.0,0,1.0,8,-0.3804878048780486,-0.8399479166666666,,,8,196.3,733.12,8,191.3,275.49,3,3,271
22,4,00:51:32,92772,10,12,5,2,drive,0.0,0,1.0,8,-0.7939024390243902,1.1083854166666665,,,8,202.3,287.87,8,214.3,749.56,3,3,271
22,5,00:51:32,92788,10,12,4,2,defensive shot,0.0,1,1.0,5,-0.9109756097560976,-0.6273958333333333,,,8,158.0,693.15,8,184.2,305.28,3,3,271
22,6,00:51:33,92809,10,12,5,2,push/rush,0.0,0,1.0,6,-1.1121951219512196,1.3127083333333331,,,8,149.7,336.72,8,151.4,666.18,3,3,271
22,7,00:51:34,92832,10,12,4,3,drop,1.0,0,2.0,2,-1.2719512195121951,0.1545833333333333,touched the net,4.0,8,118.7,720.47,8,153.5,298.29,3,3,271
