rally,ball_round,time,frame_num,roundscore_A,roundscore_B,player,server,type,aroundhead,backhand,landing_height,landing_area,landing_x,landing_y,lose_reason,getpoint_player,player_location_area,player_location_x,player_location_y,opponent_location_area,opponent_location_x,opponent_location_y,set,match_id,rally_id
34,1,00:52:17,94117,19,15,14,1,short service,0.0,1,2.0,7,-0.5609756097560976,0.6395312499999998,,,8,184.1,327.78,8,134.3,682.68,2,54,4636
34,2,00:52:17,94135,19,15,3,2,lob,0.0,1,1.0,3,-0.902439024390244,-1.377916666666667,,,7,107.6,585.38,8,167.5,315.09,2,54,4636
34,3,00:52:18,94169,19,15,14,2,smash,0.0,0,2.0,5,1.2414634146341466,1.0481770833333333,,,9,138.2,187.19,8,148.9,650.79,2,54,4636
34,4,00:52:19,94189,19,15,3,2,defensive shot,0.0,1,1.0,6,1.146341463414634,-1.1811458333333331,,,8,235.1,673.56,9,129.4,199.65,2,54,4636
34,5,00:52:20,94212,19,15,14,2,drop,0.0,1,2.0,1,1.1268292682926826,0.4069270833333333,,,8,230.8,259.78,8,208.6,669.95,2,54,4636
34,6,00:52:21,94238,19,15,3,2,net shot,0.0,1,2.0,2,1.2646341463414632,-0.08203125,,,7,249.4,572.24,8,213.9,294.92,2,54,4636
34,7,00:52:22,94266,19,15,14,3,net shot,0.0,1,2.0,2,1.2768292682926827,0.0070833333333334,touched the net,3.0,2,268.7,425.31,7,224.7,583.59,2,54,4636
