rally,ball_round,time,frame_num,roundscore_A,roundscore_B,player,server,type,aroundhead,backhand,landing_height,landing_area,landing_x,landing_y,lose_reason,getpoint_player,player_location_area,player_location_x,player_location_y,opponent_location_area,opponent_location_x,opponent_location_y,set,match_id,rally_id
37,1,00:54:32,98165,20,17,14,1,short service,0.0,1,2.0,7,0.5060975609756098,0.6142708333333337,,,8,168.5,327.62,8,215.7,684.47,2,54,4639
37,2,00:54:33,98191,20,17,3,2,push/rush,0.0,1,1.0,3,-1.0853658536585369,-1.4603645833333332,,,7,192.2,588.96,8,177.5,310.1,2,54,4639
37,3,00:54:34,98226,20,17,14,2,drop,0.0,0,2.0,6,-1.2402439024390244,0.7297395833333334,,,9,107.3,183.67,8,143.6,659.02,2,54,4639
37,4,00:54:34,98248,20,17,3,2,lob,0.0,0,1.0,3,-1.2402439024390244,-1.444583333333333,,,8,109.6,633.32,8,133.5,232.91,2,54,4639
37,5,00:54:36,98282,20,17,14,2,drop,0.0,0,2.0,1,0.9817073170731708,0.6600000000000001,,,3,81.4,186.56,8,129.4,657.73,2,54,4639
37,6,00:54:36,98306,20,17,3,2,net shot,0.0,1,2.0,1,-0.9792682926829268,-0.2260416666666665,,,8,232.8,609.86,8,154.3,244.76,2,54,4639
37,7,00:54:37,98335,20,17,14,2,net shot,0.0,0,2.0,2,-1.275609756097561,0.2279166666666666,,,7,112.8,392.11,8,184.3,653.48,2,54,4639
37,8,00:54:38,98362,20,17,3,2,push/rush,0.0,0,1.0,8,0.3463414634146342,-1.2459895833333332,,,2,104.9,540.49,8,144.1,337.18,2,54,4639
37,9,00:54:39,98387,20,17,14,3,smash,0.0,0,2.0,8,0.5939024390243901,1.0517708333333335,opponent's ball landed,3.0,8,155.5,256.17,7,130.6,584.16,2,54,4639
