rally,ball_round,time,frame_num,roundscore_A,roundscore_B,player,server,type,aroundhead,backhand,landing_height,landing_area,landing_x,landing_y,lose_reason,getpoint_player,player_location_area,player_location_x,player_location_y,opponent_location_area,opponent_location_x,opponent_location_y,set,match_id,rally_id
14,1,00:38:58,70142,6,8,3,1,short service,0.0,1,2.0,7,-0.545121951219512,-0.4934375,,,8,180.9,633.95,8,125.7,275.25,2,54,4616
14,2,00:38:58,70166,6,8,14,2,lob,0.0,1,1.0,9,-0.6280487804878049,1.73125,,,8,129.7,358.45,8,174.5,640.1,2,54,4616
14,3,00:39:00,70224,6,8,3,2,clear,0.0,0,1.0,3,-1.3646341463414635,-1.44515625,,,10,126.5,816.43,8,160.5,296.98,2,54,4616
14,4,00:39:01,70259,6,8,14,2,drop,0.0,0,2.0,2,-1.3512195121951218,0.4296354166666667,,,5,74.9,208.3,8,139.7,726.82,2,54,4616
14,5,00:39:02,70285,6,8,3,2,net shot,0.0,0,2.0,1,-1.298780487804878,-0.195625,,,2,89.7,569.33,8,114.7,264.13,2,54,4616
14,6,00:39:03,70314,6,8,14,2,lob,0.0,0,1.0,4,-1.3597560975609757,1.59640625,,,1,86.4,398.34,8,130.8,598.13,2,54,4616
14,7,00:39:05,70359,6,8,3,2,drop,0.0,0,2.0,5,-1.123170731707317,-0.7305208333333333,,,4,73.9,778.52,8,141.2,299.39,2,54,4616
14,8,00:39:06,70382,6,8,14,2,net shot,0.0,0,2.0,2,-0.8536585365853658,0.2645312499999998,,,8,105.6,309.35,8,119.1,736.13,2,54,4616
14,9,00:39:07,70412,6,8,3,3,net shot,0.0,0,2.0,2,-0.9585365853658536,0.1210416666666667,touched the net,3.0,7,113.7,543.72,8,132.6,334.62,2,54,4616
