rally,ball_round,time,frame_num,roundscore_A,roundscore_B,player,server,type,aroundhead,backhand,landing_height,landing_area,landing_x,landing_y,lose_reason,getpoint_player,player_location_area,player_location_x,player_location_y,opponent_location_area,opponent_location_x,opponent_location_y,set,match_id,rally_id
12,1,00:14:09,25497,8,4,14,1,short service,0.0,1,2.0,7,0.7817073170731706,-0.4995833333333334,,,8,168.6,630.07,8,214.3,281.6,1,54,4579
12,2,00:14:10,25517,8,4,3,2,net shot,0.0,1,2.0,1,1.15,0.2464062499999997,,,7,236.4,375.59,8,180.3,640.15,1,54,4579
12,3,00:14:11,25544,8,4,14,2,net shot,0.0,0,2.0,2,1.1536585365853662,-0.0623958333333334,,,1,255.8,535.52,7,225.1,366.37,1,54,4579
12,4,00:14:12,25570,8,4,3,2,net shot,0.0,0,2.0,1,1.0841463414634145,0.3152083333333332,,,7,238.4,433.12,7,209.1,565.97,1,54,4579
12,5,00:14:13,25590,8,4,14,2,lob,0.0,0,2.0,4,1.1,-1.4832291666666666,,,7,232.7,555.64,7,239.1,408.4,1,54,4579
12,6,00:14:14,25626,8,4,3,3,clear,0.0,0,2.0,10,1.9670731707317075,1.45890625,out,3.0,9,224.4,197.58,8,226.4,635.59,1,54,4579
