rally,ball_round,time,frame_num,roundscore_A,roundscore_B,player,server,type,aroundhead,backhand,landing_height,landing_area,landing_x,landing_y,lose_reason,getpoint_player,player_location_area,player_location_x,player_location_y,opponent_location_area,opponent_location_x,opponent_location_y,set,match_id,rally_id
11,1,00:36:36,65886,5,6,14,1,short service,0.0,1,2.0,7,0.3609756097560975,0.62109375,,,8,165.8,312.53,8,214.3,678.96,2,54,4613
11,2,00:36:36,65909,5,6,3,2,lob,0.0,1,1.0,9,-0.8378048780487806,-1.4757291666666668,,,7,185.3,587.49,8,174.2,317.69,2,54,4613
11,3,00:36:38,65944,5,6,14,2,clear,0.0,0,1.0,4,-0.9414634146341464,1.522708333333333,,,9,125.0,183.86,8,146.6,651.97,2,54,4613
11,4,00:36:39,65987,5,6,3,2,smash,0.0,0,2.0,5,-1.095121951219512,-0.9447395833333332,,,9,118.2,768.93,8,153.9,267.31,2,54,4613
11,5,00:36:40,66001,5,6,14,2,defensive shot,0.0,0,2.0,2,-1.1451219512195123,0.3733854166666669,,,8,136.4,286.15,4,90.8,771.23,2,54,4613
11,6,00:36:41,66034,5,6,3,2,lob,0.0,0,1.0,9,-0.675609756097561,-1.5591666666666668,,,2,100.0,557.47,8,127.4,312.13,2,54,4613
11,7,00:36:42,66089,5,6,14,2,clear,0.0,0,1.0,5,1.3341463414634145,1.4329166666666666,,,9,134.6,164.52,8,148.0,657.89,2,54,4613
11,8,00:36:44,66128,5,6,3,2,smash,0.0,0,2.0,6,1.173170731707317,-1.0335416666666666,,,8,229.9,739.82,8,176.5,247.87,2,54,4613
11,9,00:36:44,66142,5,6,14,3,defensive shot,0.0,1,2.0,1,-0.9878048780487804,0.0267708333333332,touched the net,3.0,8,182.6,283.96,8,244.9,740.87,2,54,4613
