rally,ball_round,time,frame_num,roundscore_A,roundscore_B,player,server,type,aroundhead,backhand,landing_height,landing_area,landing_x,landing_y,lose_reason,getpoint_player,player_location_area,player_location_x,player_location_y,opponent_location_area,opponent_location_x,opponent_location_y,set,match_id,rally_id
10,1,00:13:30,24317,8,2,3,1,short service,0.0,1,2.0,8,0.401219512195122,0.6793750000000003,,,8,170.9,325.17,8,222.2,676.81,1,54,4577
10,2,00:13:31,24338,8,2,14,2,lob,0.0,1,1.0,4,1.0670731707317074,-1.56796875,,,8,218.2,601.64,8,176.7,317.71,1,54,4577
10,3,00:13:32,24375,8,2,3,2,clear,0.0,0,1.0,5,1.3451219512195125,1.403958333333333,,,9,245.7,162.46,8,204.1,656.02,1,54,4577
10,4,00:13:33,24406,8,2,14,2,clear,0.0,0,1.0,6,1.423170731707317,-1.3509895833333332,,,5,265.8,745.62,8,213.3,227.88,1,54,4577
10,5,00:13:34,24437,8,2,3,2,clear,0.0,0,1.0,3,1.074390243902439,1.520625,,,6,264.8,213.43,8,225.8,711.79,1,54,4577
10,6,00:13:35,24475,8,2,14,2,clear,0.0,0,2.0,4,1.2646341463414632,-1.4492708333333333,,,9,251.2,760.6,8,218.7,278.95,1,54,4577
10,7,00:13:37,24512,8,2,3,3,drop,0.0,0,2.0,10,1.6536585365853662,0.6333854166666667,out,3.0,9,245.8,194.69,8,241.6,699.62,1,54,4577
