rally,ball_round,time,frame_num,roundscore_A,roundscore_B,player,server,type,aroundhead,backhand,landing_height,landing_area,landing_x,landing_y,lose_reason,getpoint_player,player_location_area,player_location_x,player_location_y,opponent_location_area,opponent_location_x,opponent_location_y,set,match_id,rally_id
20,1,00:16:14,29227,12,8,5,1,short service,0.0,1,2.0,7,-0.3158536585365854,-0.2225520833333334,,,8,183.0,635.22,8,125.6,298.96,1,45,3776
20,2,00:16:14,29246,12,8,33,2,lob,0.0,1,1.0,6,-1.053658536585366,1.5063541666666669,,,7,118.4,366.35,8,177.0,632.53,1,45,3776
20,3,00:16:16,29280,12,8,5,2,clear,0.0,1,1.0,9,0.0317073170731706,-1.3921354166666664,,,9,111.8,759.56,8,147.2,293.05,1,45,3776
20,4,00:16:17,29321,12,8,33,2,clear,0.0,0,2.0,5,1.0682926829268296,1.10875,,,9,163.9,199.76,8,195.6,683.07,1,45,3776
20,5,00:16:17,29332,12,8,5,2,defensive shot,0.0,0,2.0,2,1.1207317073170728,-0.4815104166666666,,,8,237.6,685.28,8,175.0,230.99,1,45,3776
20,6,00:16:18,29358,12,8,33,2,lob,0.0,1,1.0,6,-0.9085365853658536,1.4557291666666667,,,8,242.9,336.31,8,217.6,678.98,1,45,3776
20,7,00:16:19,29389,12,8,5,2,smash,0.0,0,2.0,5,-0.9560975609756098,-0.97609375,,,8,166.4,705.11,8,174.5,281.21,1,45,3776
20,8,00:16:20,29400,12,8,33,2,defensive shot,0.0,0,2.0,5,1.1317073170731708,0.7351041666666666,,,8,120.2,267.61,8,151.5,742.38,1,45,3776
20,9,00:16:21,29432,12,8,5,3,lob,0.0,0,2.0,10,1.75,-1.329114583333333,out,5.0,8,221.2,634.9,8,185.2,288.98,1,45,3776
