rally,ball_round,time,frame_num,roundscore_A,roundscore_B,player,server,type,aroundhead,backhand,landing_height,landing_area,landing_x,landing_y,lose_reason,getpoint_player,player_location_area,player_location_x,player_location_y,opponent_location_area,opponent_location_x,opponent_location_y,set,match_id,rally_id
15,1,00:31:33,56802,5,10,33,1,short service,0.0,1,2.0,7,0.352439024390244,-0.3140625000000001,,,8,171.1,625.69,8,218.1,284.93,2,45,3808
15,2,00:31:34,56823,5,10,5,2,lob,0.0,0,1.0,6,-1.2402439024390244,1.4255729166666669,,,8,208.5,354.94,8,169.8,625.7,2,45,3808
15,3,00:31:35,56863,5,10,33,2,clear,0.0,1,1.0,4,0.971951219512195,-1.493385416666667,,,6,87.7,755.03,8,151.7,325.54,2,45,3808
15,4,00:31:36,56901,5,10,5,2,clear,1.0,0,1.0,6,-1.119512195121951,1.4879166666666663,,,8,193.1,247.24,8,189.7,696.0,2,45,3808
15,5,00:31:38,56950,5,10,33,2,smash,0.0,0,2.0,5,-1.126829268292683,-1.006614583333333,,,8,105.6,753.66,8,156.5,261.48,2,45,3808
15,6,00:31:38,56962,5,10,5,2,defensive shot,0.0,0,1.0,7,0.3329268292682928,0.6489583333333334,,,8,110.8,261.67,6,92.0,729.52,2,45,3808
15,7,00:31:39,56987,5,10,33,3,push/rush,0.0,0,2.0,6,1.065853658536585,-1.317135416666667,opponent's ball landed,5.0,8,166.4,631.24,8,117.1,263.64,2,45,3808
