rally,ball_round,time,frame_num,roundscore_A,roundscore_B,player,server,type,aroundhead,backhand,landing_height,landing_area,landing_x,landing_y,lose_reason,getpoint_player,player_location_area,player_location_x,player_location_y,opponent_location_area,opponent_location_x,opponent_location_y,set,match_id,rally_id
10,1,00:46:45,84166,7,3,5,1,short service,0.0,1,2.0,7,-0.2829268292682925,-0.2583854166666667,,,8,182.6,631.11,8,124.1,298.96,3,45,3837
10,2,00:46:46,84186,7,3,33,2,net shot,0.0,0,2.0,7,0.1134146341463416,0.1952604166666667,,,7,173.2,371.47,8,185.1,626.95,3,45,3837
10,3,00:46:46,84206,7,3,5,2,net shot,0.0,0,2.0,7,-0.496341463414634,-0.1074999999999999,,,7,187.3,552.11,8,171.2,353.31,3,45,3837
10,4,00:46:47,84232,7,3,33,2,lob,0.0,0,1.0,8,-0.8500000000000001,1.1092708333333334,,,7,163.0,387.61,8,176.2,610.29,3,45,3837
10,5,00:46:48,84256,7,3,5,3,smash,0.0,1,2.0,3,-1.3792682926829267,-1.4454166666666666,opponent's ball landed,5.0,8,135.0,671.86,8,159.2,331.13,3,45,3837
