rally,ball_round,time,frame_num,roundscore_A,roundscore_B,player,server,type,aroundhead,backhand,landing_height,landing_area,landing_x,landing_y,lose_reason,getpoint_player,player_location_area,player_location_x,player_location_y,opponent_location_area,opponent_location_x,opponent_location_y,set,match_id,rally_id
20,1,00:34:18,61758,7,13,33,1,short service,0.0,1,2.0,7,0.3536585365853658,-0.3595833333333334,,,8,170.6,624.3,8,215.6,286.9,2,45,3813
20,2,00:34:19,61782,7,13,5,2,lob,0.0,1,1.0,5,1.079268292682927,1.2747916666666663,,,8,185.4,353.23,8,167.6,621.55,2,45,3813
20,3,00:34:20,61804,7,13,33,2,drop,0.0,0,2.0,2,1.3451219512195125,-0.2446354166666668,,,8,204.6,689.45,8,187.4,355.06,2,45,3813
20,4,00:34:20,61827,7,13,5,2,lob,0.0,1,1.0,4,-0.9426829268292682,1.549166666666667,,,6,254.4,358.35,8,226.5,685.38,2,45,3813
20,5,00:34:22,61870,7,13,33,2,drop,0.0,1,2.0,5,-0.95,-0.5710416666666666,,,9,129.7,778.17,8,149.8,296.91,2,45,3813
20,6,00:34:23,61893,7,13,5,3,lob,0.0,0,2.0,4,-1.2573170731707315,1.7606770833333332,opponent's ball landed,5.0,8,115.3,325.72,8,166.7,684.63,2,45,3813
