rally,ball_round,time,frame_num,roundscore_A,roundscore_B,player,server,type,aroundhead,backhand,landing_height,landing_area,landing_x,landing_y,lose_reason,getpoint_player,player_location_area,player_location_x,player_location_y,opponent_location_area,opponent_location_x,opponent_location_y,set,match_id,rally_id
22,1,00:35:07,63212,9,13,5,1,long service,0.0,1,1.0,9,0.4548780487804879,1.58,,,8,173.1,321.66,8,228.3,667.09,2,45,3815
22,2,00:35:08,63245,9,13,33,2,drop,0.0,0,2.0,7,0.8926829268292682,-0.4437499999999999,,,9,213.2,765.65,8,172.6,310.26,2,45,3815
22,3,00:35:08,63267,9,13,5,2,lob,0.0,1,1.0,5,1.4048780487804875,1.4020833333333336,,,8,214.3,330.86,8,197.5,728.52,2,45,3815
22,4,00:35:09,63294,9,13,33,2,drop,0.0,0,2.0,1,-1.0341463414634149,-0.4484375000000001,,,5,270.4,747.26,8,182.1,304.47,2,45,3815
22,5,00:35:10,63318,9,13,5,2,lob,0.0,0,1.0,3,1.1853658536585363,1.552447916666667,,,8,114.0,316.26,8,215.3,707.18,2,45,3815
22,6,00:35:11,63353,9,13,33,3,clear,0.0,0,2.0,10,0.9634146341463414,-1.7918229166666666,out,5.0,3,252.9,766.44,8,192.5,319.67,2,45,3815
