rally,ball_round,time,frame_num,roundscore_A,roundscore_B,player,server,type,aroundhead,backhand,landing_height,landing_area,landing_x,landing_y,lose_reason,getpoint_player,player_location_area,player_location_x,player_location_y,opponent_location_area,opponent_location_x,opponent_location_y,set,match_id,rally_id
26,1,00:37:33,67613,10,16,5,1,short service,0.0,1,2.0,7,0.5256097560975609,0.4029166666666667,,,8,172.6,323.55,8,229.9,669.71,2,45,3819
26,2,00:37:34,67632,10,16,33,2,net shot,0.0,1,2.0,2,1.1902439024390246,-0.0001041666666665,,,7,225.7,592.85,8,181.6,321.62,2,45,3819
26,3,00:37:35,67657,10,16,5,2,net shot,0.0,1,2.0,1,1.1268292682926826,0.1676041666666667,,,7,250.7,418.52,8,210.8,600.11,2,45,3819
26,4,00:37:36,67685,10,16,33,3,net shot,0.0,0,2.0,7,0.828048780487805,0.0094270833333333,opponent's ball landed,5.0,1,252.3,533.48,7,217.9,397.88,2,45,3819
