rally,ball_round,time,frame_num,roundscore_A,roundscore_B,player,server,type,aroundhead,backhand,landing_height,landing_area,landing_x,landing_y,lose_reason,getpoint_player,player_location_area,player_location_x,player_location_y,opponent_location_area,opponent_location_x,opponent_location_y,set,match_id,rally_id
4,1,00:26:17,47325,1,3,5,1,short service,0.0,1,2.0,7,-0.4939024390243902,0.2704687499999997,,,8,183.6,317.82,8,131.8,662.64,2,45,3797
4,2,00:26:18,47344,1,3,33,2,net shot,0.0,0,2.0,1,-0.996341463414634,-0.0713541666666666,,,7,126.7,582.09,8,179.6,321.63,2,45,3797
4,3,00:26:18,47368,1,3,5,2,lob,0.0,0,1.0,9,0.8353658536585366,1.6086979166666666,,,7,108.5,405.51,7,136.6,593.56,2,45,3797
4,4,00:26:20,47426,1,3,33,2,lob,0.0,0,2.0,6,1.2939024390243905,-1.02140625,,,9,224.4,787.6,8,161.4,291.04,2,45,3797
4,5,00:26:21,47440,1,3,5,2,defensive shot,0.0,1,1.0,1,1.5109756097560971,0.5923958333333333,,,8,156.7,277.36,9,237.5,779.41,2,45,3797
4,6,00:26:22,47466,1,3,33,3,push/rush,0.0,0,2.0,8,-0.5304878048780488,-1.1644270833333332,opponent's ball landed,5.0,5,256.4,615.25,8,225.7,263.18,2,45,3797
