rally,ball_round,time,frame_num,roundscore_A,roundscore_B,player,server,type,aroundhead,backhand,landing_height,landing_area,landing_x,landing_y,lose_reason,getpoint_player,player_location_area,player_location_x,player_location_y,opponent_location_area,opponent_location_x,opponent_location_y,set,match_id,rally_id
28,1,00:38:12,68778,12,16,5,1,short service,0.0,1,2.0,7,-0.5548780487804879,0.2544270833333334,,,8,182.5,332.89,8,131.8,659.97,2,45,3821
28,2,00:38:13,68798,12,16,33,2,net shot,0.0,0,2.0,1,-1.1585365853658536,-0.0795833333333331,,,7,128.5,567.43,8,178.1,319.74,2,45,3821
28,3,00:38:14,68823,12,16,5,2,lob,0.0,0,1.0,3,1.2280487804878046,1.6551041666666666,,,7,110.1,408.99,7,136.9,584.91,2,45,3821
28,4,00:38:15,68879,12,16,33,2,drop,0.0,0,2.0,6,1.180487804878049,-0.5473958333333334,,,9,247.9,799.86,8,175.1,323.54,2,45,3821
28,5,00:38:16,68900,12,16,5,3,lob,0.0,1,2.0,3,1.5012195121951222,1.6896354166666665,opponent's ball landed,5.0,6,254.9,319.37,8,215.3,727.12,2,45,3821
