rally,ball_round,time,frame_num,roundscore_A,roundscore_B,player,server,type,aroundhead,backhand,landing_height,landing_area,landing_x,landing_y,lose_reason,getpoint_player,player_location_area,player_location_x,player_location_y,opponent_location_area,opponent_location_x,opponent_location_y,set,match_id,rally_id
2,1,00:08:05,14553,2,0,5,1,short service,0.0,1,2.0,7,0.6353658536585365,-0.2696874999999998,,,8,170.6,625.69,8,225.7,288.8,1,45,3758
2,2,00:08:05,14576,2,0,33,2,lob,0.0,1,1.0,5,0.9853658536585368,1.4978125000000002,,,7,207.3,367.68,8,170.6,625.69,1,45,3758
2,3,00:08:06,14602,2,0,5,2,drop,0.0,0,2.0,2,1.1780487804878053,-0.2531770833333334,,,8,222.0,745.33,8,211.9,327.12,1,45,3758
2,4,00:08:07,14621,2,0,33,2,lob,0.0,1,1.0,8,-0.5256097560975609,1.3653125,,,2,252.0,371.04,8,221.9,734.41,1,45,3758
2,5,00:08:08,14649,2,0,5,2,drop,1.0,0,2.0,7,0.3329268292682928,-0.4703125000000001,,,8,192.3,681.81,8,194.1,313.97,1,45,3758
2,6,00:08:09,14674,2,0,33,2,net shot,0.0,1,2.0,2,-1.1109756097560974,0.1327604166666667,,,8,191.9,338.43,8,173.7,671.52,1,45,3758
2,7,00:08:10,14701,2,0,5,2,net shot,0.0,1,2.0,1,-1.079268292682927,-0.0366145833333331,,,7,125.3,528.27,8,172.1,332.94,1,45,3758
2,8,00:08:10,14724,2,0,33,2,lob,0.0,0,1.0,8,0.7207317073170731,1.4301562500000002,,,7,107.4,400.27,7,137.6,559.95,1,45,3758
2,9,00:08:12,14763,2,0,5,3,smash,0.0,0,2.0,9,-0.2353658536585367,-1.53671875,opponent's ball landed,5.0,8,198.2,744.35,8,163.9,291.03,1,45,3758
