rally,ball_round,time,frame_num,roundscore_A,roundscore_B,player,server,type,aroundhead,backhand,landing_height,landing_area,landing_x,landing_y,lose_reason,getpoint_player,player_location_area,player_location_x,player_location_y,opponent_location_area,opponent_location_x,opponent_location_y,set,match_id,rally_id
20,1,00:51:41,93050,12,8,33,1,short service,0.0,1,2.0,7,-0.3256097560975608,-0.1517187499999999,,,8,189.3,637.9,8,132.4,287.27,3,45,3847
20,2,00:51:42,93071,12,8,5,2,net shot,0.0,0,2.0,7,0.1195121951219513,0.1870312500000001,,,7,163.0,380.49,8,177.0,620.08,3,45,3847
20,3,00:51:42,93089,12,8,33,2,net shot,0.0,0,2.0,1,-0.9073170731707316,-0.0284895833333334,,,7,186.7,574.33,7,164.4,369.72,3,45,3847
20,4,00:51:43,93111,12,8,5,2,lob,0.0,0,1.0,3,1.3121951219512198,1.533489583333333,,,7,124.2,419.28,8,174.0,604.66,3,45,3847
20,5,00:51:44,93146,12,8,33,2,drive,0.0,0,2.0,6,1.1292682926829272,-0.8585937500000002,,,3,258.0,758.13,8,172.6,336.67,3,45,3847
20,6,00:51:45,93159,12,8,5,2,defensive shot,0.0,1,2.0,7,0.7487804878048782,0.6100520833333333,,,8,176.1,298.72,8,249.7,730.48,3,45,3847
20,7,00:51:46,93183,12,8,33,2,lob,0.0,0,1.0,8,-0.4195121951219513,-0.7758854166666668,,,8,224.6,632.13,8,203.1,312.02,3,45,3847
20,8,00:51:46,93201,12,8,5,3,smash,0.0,0,2.0,9,0.4317073170731708,1.6705208333333337,opponent's ball landed,5.0,8,177.1,306.41,8,212.1,641.79,3,45,3847
