rally,ball_round,time,frame_num,roundscore_A,roundscore_B,player,server,type,aroundhead,backhand,landing_height,landing_area,landing_x,landing_y,lose_reason,getpoint_player,player_location_area,player_location_x,player_location_y,opponent_location_area,opponent_location_x,opponent_location_y,set,match_id,rally_id
14,1,00:15:52,28564,9,5,2,1,short service,0.0,1,2.0,7,0.4195121951219513,-0.5235937499999999,,,8,166.4,629.76,8,226.3,270.57,1,27,2213
14,2,00:15:52,28588,9,5,16,2,lob,0.0,1,1.0,6,-1.246341463414634,1.3760416666666668,,,8,199.5,357.76,8,165.0,631.64,1,27,2213
14,3,00:15:54,28626,9,5,2,2,clear,1.0,0,1.0,3,-1.201219512195122,-1.426197916666667,,,8,129.4,739.77,8,149.6,287.91,1,27,2213
14,4,00:15:55,28658,9,5,16,2,clear,0.0,0,1.0,5,0.9621951219512196,1.2947916666666668,,,3,94.0,186.51,8,139.0,687.28,1,27,2213
14,5,00:15:56,28688,9,5,2,2,drop,0.0,0,2.0,8,-0.6951219512195121,-0.5330729166666668,,,8,236.0,731.53,8,159.6,249.6,1,27,2213
14,6,00:15:57,28713,9,5,16,2,lob,0.0,0,1.0,5,1.065853658536585,1.164479166666667,,,8,130.6,353.5,8,201.5,711.67,1,27,2213
14,7,00:15:57,28734,9,5,2,2,clear,0.0,0,1.0,5,-0.8804878048780488,-1.0878125,,,8,200.0,693.2,8,153.1,345.29,1,27,2213
14,8,00:15:58,28754,9,5,16,2,drop,0.0,0,2.0,2,-1.068292682926829,0.3731770833333332,,,8,161.3,281.87,8,246.6,708.92,1,27,2213
14,9,00:15:59,28782,9,5,2,3,push/rush,0.0,1,2.0,10,-1.751219512195122,-1.6005208333333334,out,2.0,2,100.9,571.01,8,124.7,252.1,1,27,2213
