rally,ball_round,time,frame_num,roundscore_A,roundscore_B,player,server,type,aroundhead,backhand,landing_height,landing_area,landing_x,landing_y,lose_reason,getpoint_player,player_location_area,player_location_x,player_location_y,opponent_location_area,opponent_location_x,opponent_location_y,set,match_id,rally_id
29,1,00:23:24,42122,16,13,2,1,short service,0.0,1,2.0,7,-0.5719512195121952,-0.4446354166666666,,,8,182.4,626.18,8,124.7,287.37,1,27,2227
29,2,00:23:24,42143,16,13,16,2,net shot,0.0,0,2.0,7,0.0792682926829268,0.2530208333333335,,,8,129.3,364.87,8,181.9,635.65,1,27,2227
29,3,00:23:25,42165,16,13,2,2,net shot,0.0,1,2.0,7,0.7390243902439023,-0.1172395833333332,,,7,188.8,540.28,8,155.9,336.59,1,27,2227
29,4,00:23:26,42189,16,13,16,3,lob,0.0,1,2.0,9,-0.7731707317073171,1.74328125,opponent's ball landed,2.0,7,207.3,412.91,7,188.6,568.18,1,27,2227
