rally,ball_round,time,frame_num,roundscore_A,roundscore_B,player,server,type,aroundhead,backhand,landing_height,landing_area,landing_x,landing_y,lose_reason,getpoint_player,player_location_area,player_location_x,player_location_y,opponent_location_area,opponent_location_x,opponent_location_y,set,match_id,rally_id
12,1,00:14:48,26651,8,4,16,1,long service,0.0,0,1.0,3,1.2341463414634144,1.603177083333333,,,8,158.2,281.8,8,218.5,700.21,1,27,2211
12,2,00:14:50,26712,8,4,2,2,clear,0.0,0,1.0,6,1.0085365853658534,-1.2954166666666669,,,3,257.5,781.91,8,167.5,282.01,1,27,2211
12,3,00:14:51,26746,8,4,16,2,smash,1.0,0,2.0,5,1.2036585365853658,0.93359375,,,8,223.1,227.69,8,209.7,691.62,1,27,2211
12,4,00:14:52,26762,8,4,2,2,defensive shot,0.0,0,2.0,6,0.9853658536585368,-0.5779687500000001,,,8,227.1,667.4,8,228.9,207.27,1,27,2211
12,5,00:14:53,26791,8,4,16,2,lob,0.0,1,1.0,5,1.3597560975609757,1.462552083333333,,,8,224.2,363.94,8,195.7,641.46,1,27,2211
12,6,00:14:54,26822,8,4,2,2,clear,0.0,0,1.0,6,1.434146341463415,-1.2911458333333334,,,8,249.2,745.83,8,199.6,304.48,1,27,2211
12,7,00:14:54,26849,8,4,16,3,drop,1.0,0,2.0,10,-1.6207317073170733,0.8485416666666664,out,2.0,8,229.8,241.26,8,222.9,693.49,1,27,2211
