rally,ball_round,time,frame_num,roundscore_A,roundscore_B,player,server,type,aroundhead,backhand,landing_height,landing_area,landing_x,landing_y,lose_reason,getpoint_player,player_location_area,player_location_x,player_location_y,opponent_location_area,opponent_location_x,opponent_location_y,set,match_id,rally_id
25,1,00:44:19,79783,16,9,30,1,short service,0.0,1,2.0,7,0.4024390243902439,-0.5031250000000002,,,8,167.8,618.47,8,215.2,280.74,2,42,3485
25,2,00:44:20,79805,16,9,5,2,net shot,0.0,1,2.0,2,-0.9609756097560976,0.2415624999999999,,,8,195.8,350.65,8,179.1,629.64,2,42,3485
25,3,00:44:20,79826,16,9,30,2,push/rush,0.0,1,1.0,5,-1.1134146341463411,-0.9390104166666668,,,7,124.2,572.36,8,167.4,312.58,2,42,3485
25,4,00:44:21,79841,16,9,5,3,smash,0.0,0,2.0,5,1.2365853658536583,1.4752604166666667,opponent's ball landed,5.0,8,139.1,281.11,7,134.7,589.91,2,42,3485
