rally,ball_round,time,frame_num,roundscore_A,roundscore_B,player,server,type,aroundhead,backhand,landing_height,landing_area,landing_x,landing_y,lose_reason,getpoint_player,player_location_area,player_location_x,player_location_y,opponent_location_area,opponent_location_x,opponent_location_y,set,match_id,rally_id
16,1,00:59:57,107914,5,11,30,1,short service,0.0,1,2.0,7,0.4804878048780489,-0.49046875,,,8,166.9,612.85,8,214.0,286.09,3,42,3504
16,2,00:59:57,107933,5,11,5,2,net shot,0.0,1,2.0,2,-0.8841463414634146,0.2851041666666667,,,7,188.6,370.45,8,179.6,622.24,3,42,3504
16,3,00:59:58,107953,5,11,30,2,net shot,0.0,1,2.0,7,0.3573170731707318,-0.3522916666666666,,,7,125.0,566.44,8,164.7,338.19,3,42,3504
16,4,00:59:59,107970,5,11,5,2,net shot,0.0,1,2.0,2,-1.0304878048780488,0.2742187499999999,,,7,167.1,382.67,7,141.5,593.78,3,42,3504
16,5,00:59:59,107992,5,11,30,2,lob,0.0,1,1.0,9,0.4987804878048781,-1.4358854166666666,,,7,122.0,578.23,8,160.3,328.05,3,42,3504
16,6,01:00:00,108024,5,11,5,2,smash,0.0,0,2.0,5,1.218292682926829,1.0372916666666665,,,9,175.3,203.18,8,196.8,669.35,3,42,3504
16,7,01:00:01,108038,5,11,30,3,defensive shot,0.0,0,2.0,1,1.079268292682927,0.1534895833333334,touched the net,5.0,8,217.4,717.32,9,189.4,194.4,3,42,3504
