rally,ball_round,time,frame_num,roundscore_A,roundscore_B,player,server,type,aroundhead,backhand,landing_height,landing_area,landing_x,landing_y,lose_reason,getpoint_player,player_location_area,player_location_x,player_location_y,opponent_location_area,opponent_location_x,opponent_location_y,set,match_id,rally_id
21,1,00:42:35,76650,13,8,5,1,short service,0.0,1,2.0,7,0.5292682926829269,0.4773437499999999,,,8,170.7,317.74,8,220.1,669.45,2,42,3482
21,2,00:42:35,76669,13,8,30,2,net shot,0.0,0,2.0,7,0.1195121951219513,-0.0286458333333333,,,7,207.7,580.38,8,171.3,315.15,2,42,3482
21,3,00:42:36,76696,13,8,5,2,net shot,0.0,1,2.0,7,0.0365853658536585,0.1421875,,,7,165.5,406.54,8,183.5,597.72,2,42,3482
21,4,00:42:37,76719,13,8,30,2,net shot,0.0,0,2.0,7,-0.196341463414634,-0.1815625,,,7,165.4,494.3,8,161.1,365.62,2,42,3482
21,5,00:42:38,76746,13,8,5,2,lob,0.0,1,1.0,8,-0.578048780487805,1.3440624999999995,,,7,148.5,399.48,7,173.0,564.55,2,42,3482
21,6,00:42:39,76790,13,8,30,3,smash,0.0,0,2.0,7,0.7012195121951219,0.0859375,touched the net,5.0,8,140.5,754.15,8,149.2,275.7,2,42,3482
