rally,ball_round,time,frame_num,roundscore_A,roundscore_B,player,server,type,aroundhead,backhand,landing_height,landing_area,landing_x,landing_y,lose_reason,getpoint_player,player_location_area,player_location_x,player_location_y,opponent_location_area,opponent_location_x,opponent_location_y,set,match_id,rally_id
12,1,00:12:18,22156,6,6,5,1,short service,0.0,1,2.0,7,-0.3390243902439026,-0.4641666666666666,,,8,181.0,622.24,8,133.9,273.09,1,42,3439
12,2,00:12:19,22183,6,6,30,2,net shot,0.0,0,2.0,7,0.2560975609756097,0.2419270833333335,,,8,140.2,343.32,8,181.0,627.81,1,42,3439
12,3,00:12:20,22207,6,6,5,2,lob,0.0,0,1.0,9,-0.7658536585365854,-1.4777083333333334,,,7,199.0,546.52,8,165.8,343.23,1,42,3439
12,4,00:12:21,22246,6,6,30,2,smash,0.0,0,2.0,6,-1.0646341463414637,0.9589583333333334,,,9,119.5,171.43,8,195.3,646.14,1,42,3439
12,5,00:12:21,22257,6,6,5,2,defensive shot,0.0,1,2.0,7,-0.4609756097560977,-0.4012500000000001,,,8,210.4,672.92,3,97.2,159.67,1,42,3439
12,6,00:12:22,22285,6,6,30,2,net shot,0.0,0,2.0,7,-0.45,0.2526562499999999,,,8,159.9,353.26,8,174.8,658.63,1,42,3439
12,7,00:12:23,22307,6,6,5,3,net shot,0.0,1,2.0,7,-0.5963414634146342,0.1421354166666667,touched the net,5.0,7,167.5,528.03,8,164.8,363.15,1,42,3439
