rally,ball_round,time,frame_num,roundscore_A,roundscore_B,player,server,type,aroundhead,backhand,landing_height,landing_area,landing_x,landing_y,lose_reason,getpoint_player,player_location_area,player_location_x,player_location_y,opponent_location_area,opponent_location_x,opponent_location_y,set,match_id,rally_id
28,1,00:22:54,41249,13,15,5,1,short service,0.0,1,2.0,8,0.6134146341463416,-0.61953125,,,8,171.1,618.48,8,220.0,269.95,1,42,3454
28,2,00:22:55,41272,13,15,30,2,push/rush,0.0,1,2.0,5,1.169512195121951,1.2266666666666666,,,8,203.5,345.62,8,169.7,616.61,1,42,3454
28,3,00:22:56,41293,13,15,5,2,drive,0.0,0,1.0,6,1.2146341463414636,-0.8473958333333332,,,8,226.3,717.37,8,187.9,309.9,1,42,3454
28,4,00:22:56,41306,13,15,30,2,drive,0.0,1,2.0,5,1.0634146341463413,0.7415104166666667,,,8,193.6,296.78,8,229.5,717.39,1,42,3454
28,5,00:22:57,41319,13,15,5,2,defensive shot,0.0,0,1.0,6,1.048780487804878,-0.9019270833333334,,,8,227.9,640.82,8,202.1,291.46,1,42,3454
28,6,00:22:57,41334,13,15,30,2,smash,1.0,0,2.0,8,0.5170731707317073,0.8573958333333334,,,8,178.6,280.92,8,231.4,635.35,1,42,3454
28,7,00:22:58,41345,13,15,5,2,defensive shot,0.0,0,1.0,9,0.7231707317073172,-1.4517708333333337,,,8,234.7,671.28,8,178.5,299.48,1,42,3454
28,8,00:22:59,41370,13,15,30,2,clear,1.0,0,1.0,5,0.9487804878048782,1.1370312499999995,,,8,190.7,245.47,8,207.0,660.54,1,42,3454
28,9,00:22:59,41399,13,15,5,3,smash,0.0,0,2.0,10,1.6768292682926829,-1.2303125,out,5.0,8,244.8,681.8,8,178.0,264.74,1,42,3454
