rally,ball_round,time,frame_num,roundscore_A,roundscore_B,player,server,type,aroundhead,backhand,landing_height,landing_area,landing_x,landing_y,lose_reason,getpoint_player,player_location_area,player_location_x,player_location_y,opponent_location_area,opponent_location_x,opponent_location_y,set,match_id,rally_id
29,1,00:45:54,82624,19,10,5,1,short service,0.0,1,2.0,7,0.3292682926829268,0.5495833333333332,,,8,170.2,320.32,8,217.7,672.95,2,42,3488
29,2,00:45:54,82646,19,10,30,2,lob,0.0,1,1.0,5,-0.9585365853658536,-1.122291666666667,,,8,217.5,613.01,8,181.2,322.84,2,42,3488
29,3,00:45:55,82667,19,10,5,2,clear,0.0,0,2.0,5,1.146341463414634,1.391041666666667,,,8,166.8,288.97,8,207.5,635.26,2,42,3488
29,4,00:45:56,82703,19,10,30,2,drive,0.0,0,1.0,8,0.921951219512195,-0.9293229166666668,,,8,234.4,738.74,8,171.2,280.95,2,42,3488
29,5,00:45:57,82721,19,10,5,2,defensive shot,0.0,1,2.0,1,1.19390243902439,0.3615104166666665,,,8,191.5,280.85,8,225.8,692.06,2,42,3488
29,6,00:45:58,82744,19,10,30,2,net shot,0.0,0,2.0,1,-0.8780487804878049,-0.2654687500000001,,,8,246.9,599.81,8,206.5,296.72,2,42,3488
29,7,00:45:59,82770,19,10,5,3,lob,0.0,0,2.0,3,1.5597560975609754,1.5667187499999995,misjudged,5.0,7,131.7,380.34,8,190.4,624.13,2,42,3488
