rally,ball_round,time,frame_num,roundscore_A,roundscore_B,player,server,type,aroundhead,backhand,landing_height,landing_area,landing_x,landing_y,lose_reason,getpoint_player,player_location_area,player_location_x,player_location_y,opponent_location_area,opponent_location_x,opponent_location_y,set,match_id,rally_id
29,1,01:21:26,146603,15,14,21,1,short service,0.0,1,1.0,7,0.3365853658536584,-0.3320833333333333,,,8,170.4,629.26,8,224.7,255.06,3,25,2111
29,2,01:21:27,146624,15,14,22,2,net shot,0.0,0,2.0,7,0.7829268292682925,0.21515625,,,7,225.9,376.09,8,195.2,623.77,3,25,2111
29,3,01:21:28,146647,15,14,21,2,lob,0.0,0,1.0,8,0.7036585365853657,-1.367604166666667,,,7,247.5,561.6,8,197.5,302.41,3,25,2111
29,4,01:21:29,146686,15,14,22,2,smash,1.0,0,2.0,8,0.0902439024390244,1.084322916666667,,,8,215.2,224.89,8,216.9,670.22,3,25,2111
29,5,01:21:29,146695,15,14,21,2,defensive shot,0.0,1,1.0,7,0.5939024390243901,-0.4015625000000001,,,8,216.3,703.05,8,205.2,204.09,3,25,2111
29,6,01:21:30,146718,15,14,22,2,drive,0.0,0,1.0,8,0.0792682926829268,0.93375,,,8,223.4,361.96,8,217.4,699.69,3,25,2111
29,7,01:21:31,146733,15,14,21,3,drive,0.0,1,2.0,7,-0.0158536585365855,0.0514583333333333,touched the net,21.0,8,210.9,670.16,7,224.6,378.87,3,25,2111
