rally,ball_round,time,frame_num,roundscore_A,roundscore_B,player,server,type,aroundhead,backhand,landing_height,landing_area,landing_x,landing_y,lose_reason,getpoint_player,player_location_area,player_location_x,player_location_y,opponent_location_area,opponent_location_x,opponent_location_y,set,match_id,rally_id
23,1,00:47:33,85607,11,12,22,1,short service,0.0,1,2.0,7,-0.2317073170731707,0.4543229166666667,,,8,180.9,296.03,8,122.7,671.07,2,25,2062
23,2,00:47:34,85626,11,12,21,2,net shot,0.0,0,2.0,7,-0.0268292682926827,-0.3760937499999999,,,7,134.6,556.15,8,162.2,273.74,2,25,2062
23,3,00:47:35,85650,11,12,22,2,net shot,0.0,0,2.0,7,0.270731707317073,0.2248437500000001,,,7,176.2,386.62,7,159.3,564.92,2,25,2062
23,4,00:47:35,85674,11,12,21,2,lob,0.0,0,1.0,8,0.2487804878048781,-1.3337500000000002,,,7,186.9,543.71,8,182.7,326.51,2,25,2062
23,5,00:47:37,85713,11,12,22,2,drop,0.0,0,2.0,1,1.1097560975609757,0.5595312499999997,,,8,196.0,207.46,8,200.2,640.88,2,25,2062
23,6,00:47:37,85735,11,12,21,2,defensive shot,0.0,0,1.0,7,0.7512195121951218,-0.4151041666666666,,,5,253.3,641.41,9,184.3,203.83,2,25,2062
23,7,00:47:38,85760,11,12,22,3,smash,0.0,0,2.0,8,0.2475609756097562,1.1395833333333332,opponent's ball landed,21.0,8,236.8,350.64,8,224.2,675.6,2,25,2062
