rally,ball_round,time,frame_num,roundscore_A,roundscore_B,player,server,type,aroundhead,backhand,landing_height,landing_area,landing_x,landing_y,lose_reason,getpoint_player,player_location_area,player_location_x,player_location_y,opponent_location_area,opponent_location_x,opponent_location_y,set,match_id,rally_id
21,1,00:17:40,31823,9,12,22,1,short service,0.0,1,2.0,7,0.3121951219512194,-0.2354166666666666,,,8,172.9,627.38,8,229.7,277.73,1,25,2019
21,2,00:17:41,31844,9,12,21,2,smash,0.0,0,2.0,2,-1.1280487804878048,0.4052083333333331,,,7,227.5,381.68,8,192.1,635.17,1,25,2019
21,3,00:17:42,31874,9,12,22,2,net shot,0.0,1,2.0,1,-1.2829268292682927,-0.1619270833333332,,,7,106.7,579.01,8,157.4,289.51,1,25,2019
21,4,00:17:43,31900,9,12,21,2,net shot,0.0,0,2.0,2,-1.2682926829268293,0.1328645833333332,,,1,86.9,396.55,8,132.2,601.59,1,25,2019
21,5,00:17:44,31920,9,12,22,2,net shot,0.0,1,2.0,2,1.1573170731707314,-0.4854687499999999,,,2,94.4,544.93,7,116.5,388.7,1,25,2019
21,6,00:17:44,31945,9,12,21,3,net shot,0.0,1,2.0,10,1.8975609756097565,-0.02890625,not pass over the net,21.0,8,234.8,356.37,8,140.8,607.63,1,25,2019
