rally,ball_round,time,frame_num,roundscore_A,roundscore_B,player,server,type,aroundhead,backhand,landing_height,landing_area,landing_x,landing_y,lose_reason,getpoint_player,player_location_area,player_location_x,player_location_y,opponent_location_area,opponent_location_x,opponent_location_y,set,match_id,rally_id
27,1,00:21:34,38828,13,14,21,1,short service,0.0,1,2.0,7,0.721951219512195,0.3678125,,,8,167.0,329.31,8,223.3,663.12,1,25,2025
27,2,00:21:35,38853,13,14,22,2,net shot,0.0,1,2.0,2,0.9634146341463414,-0.1380729166666666,,,7,246.1,570.03,8,181.5,317.48,1,25,2025
27,3,00:21:35,38874,13,14,21,2,net shot,0.0,1,2.0,1,1.2890243902439025,0.2174479166666666,,,7,243.5,401.0,8,215.5,608.39,1,25,2025
27,4,00:21:36,38898,13,14,22,2,lob,0.0,0,1.0,3,-0.8853658536585365,-1.4678125,,,7,250.5,544.38,7,218.1,384.34,1,25,2025
27,5,00:21:37,38936,13,14,21,3,smash,0.0,0,2.0,6,-1.1402439024390243,1.325833333333333,opponent's ball landed,21.0,9,143.7,199.84,8,194.2,661.03,1,25,2025
