rally,ball_round,time,frame_num,roundscore_A,roundscore_B,player,server,type,aroundhead,backhand,landing_height,landing_area,landing_x,landing_y,lose_reason,getpoint_player,player_location_area,player_location_x,player_location_y,opponent_location_area,opponent_location_x,opponent_location_y,set,match_id,rally_id
27,1,01:11:15,128264,19,8,16,1,short service,0.0,1,2.0,7,0.4170731707317072,0.5494791666666666,,,8,170.6,323.23,8,220.0,678.71,3,47,4036
27,2,01:11:16,128286,19,8,15,2,net shot,0.0,1,2.0,7,-0.1853658536585364,-0.3501041666666668,,,8,197.8,602.47,8,169.9,316.02,3,47,4036
27,3,01:11:17,128311,19,8,16,2,lob,0.0,1,1.0,8,0.7000000000000001,1.4759375,,,8,145.7,365.2,8,174.8,628.01,3,47,4036
27,4,01:11:18,128344,19,8,15,2,smash,0.0,0,2.0,5,-1.1609756097560977,-0.8685416666666667,,,8,196.8,718.87,8,172.0,308.68,3,47,4036
27,5,01:11:18,128366,19,8,16,2,drop,0.0,0,2.0,2,-1.1829268292682926,0.2311979166666666,,,8,114.1,287.18,8,195.0,734.37,3,47,4036
27,6,01:11:19,128398,19,8,15,2,net shot,0.0,0,2.0,1,-1.328048780487805,-0.05203125,,,2,96.1,552.81,8,120.5,316.75,3,47,4036
27,7,01:11:20,128422,19,8,16,2,net shot,0.0,0,2.0,2,-1.275609756097561,0.1119791666666666,,,1,94.9,423.28,7,126.1,591.1,3,47,4036
27,8,01:11:21,128449,19,8,15,2,lob,0.0,0,1.0,9,-0.7365853658536586,-1.4776041666666666,,,2,94.9,529.95,7,131.1,391.63,3,47,4036
27,9,01:11:23,128505,19,8,16,3,clear,0.0,0,2.0,10,0.4914634146341465,1.8038020833333333,out,15.0,9,125.4,159.06,8,154.3,638.96,3,47,4036
