rally,ball_round,time,frame_num,roundscore_A,roundscore_B,player,server,type,aroundhead,backhand,landing_height,landing_area,landing_x,landing_y,lose_reason,getpoint_player,player_location_area,player_location_x,player_location_y,opponent_location_area,opponent_location_x,opponent_location_y,set,match_id,rally_id
37,1,00:27:04,48745,18,19,15,1,short service,0.0,0,2.0,1,1.2621951219512195,0.5068229166666663,,,8,167.0,303.84,8,232.0,679.92,1,47,3973
37,2,00:27:05,48773,18,19,16,2,lob,0.0,0,1.0,4,1.0402439024390244,-1.446302083333333,,,7,249.1,575.35,8,193.4,300.97,1,47,3973
37,3,00:27:06,48805,18,19,15,2,drive,0.0,0,2.0,5,1.173170731707317,0.9421354166666666,,,4,255.5,177.58,8,220.9,648.06,1,47,3973
37,4,00:27:07,48818,18,19,16,2,defensive shot,0.0,0,1.0,7,0.0987804878048779,-0.5095312499999999,,,8,248.9,664.84,9,242.0,180.82,1,47,3973
37,5,00:27:08,48841,18,19,15,2,net shot,0.0,0,2.0,2,-0.8609756097560974,0.3361458333333331,,,8,154.7,337.65,8,213.9,677.49,1,47,3973
37,6,00:27:08,48865,18,19,16,2,net shot,0.0,1,2.0,1,-1.14390243902439,-0.0828124999999998,,,7,114.1,576.12,8,158.8,328.17,1,47,3973
37,7,00:27:09,48888,18,19,15,3,lob,0.0,1,2.0,10,1.1292682926829272,1.7997916666666665,out,15.0,7,114.3,410.77,7,131.2,582.1,1,47,3973
