rally,ball_round,time,frame_num,roundscore_A,roundscore_B,player,server,type,aroundhead,backhand,landing_height,landing_area,landing_x,landing_y,lose_reason,getpoint_player,player_location_area,player_location_x,player_location_y,opponent_location_area,opponent_location_x,opponent_location_y,set,match_id,rally_id
21,1,00:46:10,83108,8,13,16,1,short service,0.0,1,2.0,7,0.5670731707317073,0.5651562499999999,,,8,170.7,325.61,8,220.5,666.19,2,47,3998
21,2,00:46:11,83130,8,13,15,2,lob,0.0,1,1.0,8,0.7280487804878047,-1.1792708333333333,,,8,209.1,609.62,8,165.6,313.66,2,47,3998
21,3,00:46:11,83153,8,13,16,2,smash,0.0,0,2.0,5,1.246341463414634,0.95578125,,,8,199.1,262.58,8,198.9,649.45,2,47,3998
21,4,00:46:12,83168,8,13,15,2,defensive shot,0.0,1,2.0,7,0.6646341463414634,-0.3106770833333332,,,8,185.1,668.81,8,211.2,249.09,2,47,3998
21,5,00:46:13,83196,8,13,16,3,lob,0.0,1,2.0,4,-1.2280487804878049,1.721458333333333,opponent's ball landed,15.0,7,228.9,375.22,8,198.9,646.81,2,47,3998
