rally,ball_round,time,frame_num,roundscore_A,roundscore_B,player,server,type,aroundhead,backhand,landing_height,landing_area,landing_x,landing_y,lose_reason,getpoint_player,player_location_area,player_location_x,player_location_y,opponent_location_area,opponent_location_x,opponent_location_y,set,match_id,rally_id
14,1,00:13:26,24191,5,9,15,1,short service,0.0,0,2.0,7,-0.2597560975609757,0.5189583333333333,,,8,191.2,310.84,8,127.3,672.71,1,47,3951
14,2,00:13:27,24215,5,9,16,2,lob,0.0,1,1.0,9,0.7817073170731706,-1.428958333333333,,,7,172.0,584.89,8,181.2,303.63,1,47,3951
14,3,00:13:28,24248,5,9,15,2,smash,0.0,0,2.0,8,0.3573170731707318,0.9156249999999998,,,9,225.8,195.8,8,198.4,668.77,1,47,3951
14,4,00:13:28,24266,5,9,16,2,defensive shot,0.0,0,2.0,7,-0.6365853658536585,-0.4368749999999999,,,8,205.8,662.4,8,209.4,232.82,1,47,3951
14,5,00:13:29,24294,5,9,15,2,net shot,0.0,1,2.0,2,-1.0841463414634147,0.3281770833333333,,,8,157.9,360.55,8,192.4,659.87,1,47,3951
14,6,00:13:30,24323,5,9,16,2,net shot,0.0,1,2.0,1,-1.0426829268292683,-0.0732291666666666,,,2,90.8,583.83,8,164.8,296.43,1,47,3951
14,7,00:13:31,24354,5,9,15,2,net shot,0.0,1,1.0,2,-0.9792682926829268,0.1574479166666667,,,7,132.2,418.79,7,140.1,582.05,1,47,3951
14,8,00:13:32,24374,5,9,16,3,push/rush,0.0,1,2.0,9,0.5756097560975608,-1.58234375,opponent's ball landed,15.0,7,119.0,498.8,7,140.4,410.47,1,47,3951
