rally,ball_round,time,frame_num,roundscore_A,roundscore_B,player,server,type,aroundhead,backhand,landing_height,landing_area,landing_x,landing_y,lose_reason,getpoint_player,player_location_area,player_location_x,player_location_y,opponent_location_area,opponent_location_x,opponent_location_y,set,match_id,rally_id
26,1,00:48:24,87130,10,16,16,1,short service,0.0,1,2.0,7,0.4402439024390243,0.5971874999999999,,,8,172.0,318.4,8,217.9,668.72,2,47,4002
26,2,00:48:25,87151,10,16,15,2,lob,0.0,1,1.0,3,-1.3792682926829267,-1.411354166666667,,,8,204.6,613.92,8,170.6,316.01,2,47,4002
26,3,00:48:26,87191,10,16,16,2,drop,0.0,0,2.0,1,1.1,0.4073958333333334,,,5,79.5,204.33,8,150.6,672.66,2,47,4002
26,4,00:48:27,87220,10,16,15,2,net shot,0.0,1,2.0,2,1.2036585365853658,-0.0329166666666666,,,7,246.5,572.28,8,161.4,252.62,2,47,4002
26,5,00:48:28,87248,10,16,16,3,lob,0.0,1,2.0,10,1.6853658536585363,1.3752604166666664,out,15.0,2,260.9,411.15,7,232.8,573.9,2,47,4002
