rally,ball_round,time,frame_num,roundscore_A,roundscore_B,player,server,type,aroundhead,backhand,landing_height,landing_area,landing_x,landing_y,lose_reason,getpoint_player,player_location_area,player_location_x,player_location_y,opponent_location_area,opponent_location_x,opponent_location_y,set,match_id,rally_id
17,1,00:43:15,77875,6,11,15,1,short service,0.0,0,2.0,7,0.1304878048780486,-0.4296875,,,8,161.4,652.19,8,226.7,275.15,2,47,3994
17,2,00:43:16,77898,6,11,16,2,net shot,0.0,1,2.0,2,-1.3134146341463415,0.2316145833333334,,,8,183.1,360.22,8,172.8,645.57,2,47,3994
17,3,00:43:17,77926,6,11,15,2,lob,0.0,0,1.0,3,-1.3951219512195123,-1.3961458333333334,,,2,104.1,544.7,8,151.3,340.03,2,47,3994
17,4,00:43:18,77966,6,11,16,2,drop,0.0,0,1.0,7,-0.0170731707317073,0.6217708333333333,,,3,83.1,189.79,8,147.5,654.83,2,47,3994
17,5,00:43:19,77986,6,11,15,2,net shot,0.0,0,2.0,7,0.8951219512195122,-0.2901041666666666,,,8,190.8,595.2,9,128.4,200.54,2,47,3994
17,6,00:43:20,78010,6,11,16,2,lob,0.0,1,1.0,9,-0.5841463414634147,1.5767187500000002,,,7,243.6,366.16,8,197.3,627.92,2,47,3994
17,7,00:43:21,78054,6,11,15,3,smash,0.0,0,2.0,6,1.5060975609756098,-1.0870833333333334,opponent's ball landed,15.0,9,124.7,793.89,8,170.5,293.84,2,47,3994
