rally,ball_round,time,frame_num,roundscore_A,roundscore_B,player,server,type,aroundhead,backhand,landing_height,landing_area,landing_x,landing_y,lose_reason,getpoint_player,player_location_area,player_location_x,player_location_y,opponent_location_area,opponent_location_x,opponent_location_y,set,match_id,rally_id
16,1,00:42:55,77272,5,11,15,1,short service,0.0,0,1.0,7,-0.4939024390243902,-0.3816666666666665,,,8,185.9,645.53,8,126.9,281.89,2,47,3993
16,2,00:42:56,77296,5,11,16,2,push/rush,0.0,1,2.0,8,0.2865853658536585,0.9157291666666668,,,7,134.5,374.22,8,173.8,640.23,2,47,3993
16,3,00:42:56,77306,5,11,15,2,drive,0.0,0,1.0,8,0.5,-0.6904166666666667,,,8,158.3,652.2,8,136.8,360.83,2,47,3993
16,4,00:42:57,77321,5,11,16,2,drive,0.0,0,1.0,8,0.1902439024390243,0.9366666666666668,,,8,148.9,325.93,8,163.6,657.38,2,47,3993
16,5,00:42:57,77332,5,11,15,2,defensive shot,0.0,1,2.0,7,-0.8646341463414635,-0.4926562499999998,,,8,163.7,668.86,8,153.6,311.4,2,47,3993
16,6,00:42:58,77356,5,11,16,2,lob,0.0,0,1.0,8,0.7609756097560977,1.4540104166666663,,,8,118.0,323.99,8,172.9,659.93,2,47,3993
16,7,00:42:59,77397,5,11,15,2,smash,0.0,0,2.0,8,0.7634146341463414,-1.1654166666666663,,,8,214.4,746.17,8,160.7,260.59,2,47,3993
16,8,00:43:00,77410,5,11,16,3,defensive shot,0.0,1,2.0,10,1.826829268292683,0.6486979166666664,out,15.0,8,151.1,258.11,8,232.9,721.09,2,47,3993
