rally,ball_round,time,frame_num,roundscore_A,roundscore_B,player,server,type,aroundhead,backhand,landing_height,landing_area,landing_x,landing_y,lose_reason,getpoint_player,player_location_area,player_location_x,player_location_y,opponent_location_area,opponent_location_x,opponent_location_y,set,match_id,rally_id
10,1,00:11:04,19932,4,6,16,1,short service,0.0,1,2.0,7,-0.3560975609756096,-0.3823437500000001,,,8,185.4,640.19,8,137.9,284.26,1,47,3947
10,2,00:11:05,19955,4,6,15,2,lob,0.0,1,1.0,3,1.1085365853658533,1.5722395833333334,,,8,163.2,351.4,8,183.2,650.81,1,47,3947
10,3,00:11:06,19990,4,6,16,2,clear,0.0,0,1.0,4,0.9378048780487804,-1.46078125,,,9,241.0,777.77,8,197.9,290.9,1,47,3947
10,4,00:11:07,20023,4,6,15,2,clear,0.0,0,1.0,9,-0.6817073170731708,1.5505729166666669,,,9,248.6,189.53,8,210.1,698.07,1,47,3947
10,5,00:11:08,20054,4,6,16,3,smash,0.0,0,2.0,10,-1.5658536585365854,-1.1202604166666668,out,15.0,8,149.9,715.52,8,201.4,216.27,1,47,3947
