rally,ball_round,time,frame_num,roundscore_A,roundscore_B,player,server,type,aroundhead,backhand,landing_height,landing_area,landing_x,landing_y,lose_reason,getpoint_player,player_location_area,player_location_x,player_location_y,opponent_location_area,opponent_location_x,opponent_location_y,set,match_id,rally_id
16,1,00:14:22,25875,6,10,15,1,short service,0.0,0,2.0,7,0.7695121951219511,0.3397395833333334,,,8,168.4,311.18,8,232.8,676.2,1,47,3953
16,2,00:14:23,25898,6,10,16,2,net shot,0.0,0,2.0,7,0.0707317073170733,-0.1083333333333333,,,7,241.0,578.45,8,190.6,298.53,1,47,3953
16,3,00:14:24,25925,6,10,15,2,net shot,0.0,1,1.0,7,0.0536585365853659,0.1814062499999999,,,7,190.7,411.96,7,191.0,581.77,1,47,3953
16,4,00:14:24,25945,6,10,16,3,push/rush,0.0,1,2.0,8,0.1158536585365853,-0.54453125,opponent's ball landed,15.0,7,189.2,542.48,7,193.1,380.06,1,47,3953
