rally,ball_round,time,frame_num,roundscore_A,roundscore_B,player,server,type,aroundhead,backhand,landing_height,landing_area,landing_x,landing_y,lose_reason,getpoint_player,player_location_area,player_location_x,player_location_y,opponent_location_area,opponent_location_x,opponent_location_y,set,match_id,rally_id
9,1,00:10:30,18908,3,6,16,1,short service,0.0,1,2.0,7,0.5609756097560976,-0.5005208333333334,,,8,170.6,637.56,8,241.2,277.49,1,47,3946
9,2,00:10:31,18932,3,6,15,2,net shot,0.0,1,2.0,2,-1.0621951219512191,0.2217708333333332,,,8,237.6,336.48,8,203.2,663.69,1,47,3946
9,3,00:10:32,18961,3,6,16,2,net shot,0.0,1,2.0,1,-1.2451219512195122,0.0163541666666665,,,7,108.6,543.04,8,184.9,298.61,1,47,3946
9,4,00:10:32,18987,3,6,15,2,lob,0.0,1,1.0,9,0.5609756097560976,1.6738541666666666,,,1,94.1,429.33,7,126.9,549.39,1,47,3946
9,5,00:10:34,19046,3,6,16,2,drop,0.0,0,2.0,6,1.2170731707317075,-0.8842187499999999,,,9,202.5,796.84,8,177.0,315.91,1,47,3946
9,6,00:10:35,19066,3,6,15,2,lob,0.0,0,1.0,5,1.2658536585365856,1.2396874999999998,,,8,227.9,280.27,8,204.3,738.7,1,47,3946
9,7,00:10:36,19090,3,6,16,2,drive,0.0,0,2.0,8,-0.3804878048780486,-0.9127604166666666,,,8,225.4,699.23,8,242.4,267.1,1,47,3946
9,8,00:10:36,19103,3,6,15,3,defensive shot,0.0,1,2.0,1,-1.068292682926829,-0.0038541666666667,touched the net,15.0,8,223.2,270.02,5,286.3,719.93,1,47,3946
