rally,ball_round,time,frame_num,roundscore_A,roundscore_B,player,server,type,aroundhead,backhand,landing_height,landing_area,landing_x,landing_y,lose_reason,getpoint_player,player_location_area,player_location_x,player_location_y,opponent_location_area,opponent_location_x,opponent_location_y,set,match_id,rally_id
9,1,00:38:34,69436,2,7,16,1,short service,0.0,1,2.0,7,0.4878048780487805,0.6049479166666666,,,8,168.5,313.61,8,219.3,671.24,2,47,3986
9,2,00:38:35,69457,2,7,15,2,net shot,0.0,1,2.0,7,-0.2914634146341464,-0.2204166666666666,,,8,195.5,608.26,8,169.1,301.34,2,47,3986
9,3,00:38:36,69484,2,7,16,2,net shot,0.0,1,2.0,7,-0.0048780487804878,0.1723958333333334,,,7,161.6,382.63,8,183.5,616.84,2,47,3986
9,4,00:38:37,69510,2,7,15,2,lob,0.0,1,1.0,8,-0.1036585365853658,-0.6990625000000001,,,7,171.7,531.05,7,164.3,389.08,2,47,3986
9,5,00:38:39,69587,2,7,16,3,smash,0.0,0,2.0,9,-0.8158536585365854,1.57140625,opponent's ball landed,15.0,8,158.7,325.79,8,215.4,690.91,2,47,3986
