rally,ball_round,time,frame_num,roundscore_A,roundscore_B,player,server,type,aroundhead,backhand,landing_height,landing_area,landing_x,landing_y,lose_reason,getpoint_player,player_location_area,player_location_x,player_location_y,opponent_location_area,opponent_location_x,opponent_location_y,set,match_id,rally_id
11,1,00:35:30,63900,5,6,7,1,short service,0.0,1,2.0,7,-0.4231707317073169,0.5325520833333334,,,8,178.8,325.82,8,126.1,681.84,2,12,975
11,2,00:35:30,63924,5,6,2,2,net shot,0.0,1,2.0,2,1.232926829268293,-0.0279166666666667,,,7,151.0,591.65,8,173.3,318.3,2,12,975
11,3,00:35:31,63953,5,6,7,2,lob,0.0,1,1.0,9,-0.0926829268292682,1.6907291666666666,,,2,251.6,409.57,8,196.6,632.04,2,12,975
11,4,00:35:33,64001,5,6,2,2,smash,0.0,0,2.0,8,-0.7951219512195122,-0.7723958333333334,,,9,169.6,791.61,8,168.1,289.83,2,12,975
11,5,00:35:33,64017,5,6,7,2,defensive shot,0.0,0,2.0,2,-1.053658536585366,0.5933333333333332,,,8,130.7,308.35,8,162.5,750.29,2,12,975
11,6,00:35:34,64045,5,6,2,2,lob,0.0,1,1.0,5,-1.2000000000000002,-1.2828125,,,8,113.1,608.85,8,153.6,303.03,2,12,975
11,7,00:35:35,64070,5,6,7,2,drop,0.0,0,2.0,1,1.1097560975609757,0.6537499999999999,,,8,121.1,234.95,8,155.7,643.71,2,12,975
11,8,00:35:36,64093,5,6,2,2,net shot,0.0,0,1.0,7,0.7999999999999999,-0.5105729166666665,,,8,246.6,624.46,5,98.2,232.21,2,12,975
11,9,00:35:37,64123,5,6,7,3,push/rush,0.0,0,2.0,8,0.3439024390243901,1.3732812499999998,opponent's ball landed,2.0,8,219.9,352.53,8,234.1,643.25,2,12,975
