rally,ball_round,time,frame_num,roundscore_A,roundscore_B,player,server,type,aroundhead,backhand,landing_height,landing_area,landing_x,landing_y,lose_reason,getpoint_player,player_location_area,player_location_x,player_location_y,opponent_location_area,opponent_location_x,opponent_location_y,set,match_id,rally_id
24,1,00:22:20,40206,15,9,7,1,short service,0.0,1,2.0,2,0.9621951219512196,-0.3915625,,,8,171.2,646.44,8,217.3,323.07,1,12,953
24,2,00:22:21,40234,15,9,2,2,push/rush,0.0,1,2.0,5,1.3621951219512194,1.4658854166666668,,,7,217.8,380.69,8,187.5,682.78,1,12,953
24,3,00:22:22,40265,15,9,7,2,drive,0.0,0,1.0,6,1.125609756097561,-0.8442187499999999,,,9,245.9,767.28,8,193.8,338.12,1,12,953
24,4,00:22:22,40281,15,9,2,2,defensive shot,0.0,1,2.0,7,0.3853658536585365,0.5979687499999997,,,8,181.6,318.24,8,219.4,736.37,1,12,953
24,5,00:22:23,40300,15,9,7,2,net shot,0.0,1,2.0,2,1.1073170731707318,-0.3569791666666668,,,8,207.3,641.99,8,177.5,328.33,1,12,953
24,6,00:22:24,40325,15,9,2,2,push/rush,0.0,1,2.0,3,1.4365853658536587,1.568072916666667,,,7,240.0,396.39,8,206.7,665.48,1,12,953
24,7,00:22:25,40358,15,9,7,2,clear,0.0,0,1.0,8,0.545121951219512,-1.3648958333333334,,,3,257.5,772.52,8,197.9,340.55,1,12,953
24,8,00:22:26,40395,15,9,2,2,smash,0.0,0,2.0,6,-1.0573170731707318,1.0303645833333337,,,8,201.4,228.66,8,205.2,707.93,1,12,953
24,9,00:22:27,40412,15,9,7,3,defensive shot,0.0,1,2.0,7,-0.6902439024390243,0.3293229166666667,not pass over the net,2.0,8,200.7,687.87,8,173.6,262.77,1,12,953
