rally,ball_round,time,frame_num,roundscore_A,roundscore_B,player,server,type,aroundhead,backhand,landing_height,landing_area,landing_x,landing_y,lose_reason,getpoint_player,player_location_area,player_location_x,player_location_y,opponent_location_area,opponent_location_x,opponent_location_y,set,match_id,rally_id
7,1,00:09:00,16207,6,1,2,1,long service,0.0,0,1.0,9,-0.8329268292682926,1.5847916666666666,,,8,187.7,335.7,8,117.3,689.64,1,12,936
7,2,00:09:02,16265,6,1,7,2,drop,0.0,0,2.0,1,-0.9560975609756098,-0.4218229166666667,,,4,92.7,781.84,8,142.1,315.95,1,12,936
7,3,00:09:02,16286,6,1,2,2,lob,0.0,0,1.0,8,0.9317073170731708,1.4669791666666665,,,8,111.6,350.8,8,122.1,736.94,1,12,936
7,4,00:09:04,16320,6,1,7,2,clear,0.0,0,1.0,9,0.7134146341463414,-1.508802083333333,,,9,225.5,762.01,8,152.5,315.89,1,12,936
7,5,00:09:05,16361,6,1,2,2,drop,1.0,0,2.0,1,1.3146341463414637,0.4763020833333335,,,8,206.6,222.8,8,186.9,701.85,1,12,936
7,6,00:09:06,16391,6,1,7,2,lob,0.0,0,1.0,4,0.9634146341463414,-1.4132291666666668,,,5,255.0,624.41,8,196.9,231.58,1,12,936
7,7,00:09:07,16433,6,1,2,3,smash,1.0,0,2.0,6,-1.3926829268292684,0.9159375,opponent's ball landed,2.0,8,228.4,213.83,8,194.4,680.14,1,12,936
