rally,ball_round,time,frame_num,roundscore_A,roundscore_B,player,server,type,aroundhead,backhand,landing_height,landing_area,landing_x,landing_y,lose_reason,getpoint_player,player_location_area,player_location_x,player_location_y,opponent_location_area,opponent_location_x,opponent_location_y,set,match_id,rally_id
13,1,00:54:44,98527,7,6,28,1,short service,0.0,0,2.0,7,-0.4329268292682927,0.5433854166666668,,,8,188.7,301.3,8,119.3,691.25,3,40,3330
13,2,00:54:45,98550,7,6,7,2,net shot,0.0,1,2.0,2,1.1512195121951216,-0.2855208333333333,,,7,163.9,592.55,8,182.1,298.85,3,40,3330
13,3,00:54:45,98573,7,6,28,2,lob,0.0,0,1.0,8,-0.5012195121951218,1.4936458333333331,,,8,245.6,364.96,8,183.9,628.48,3,40,3330
13,4,00:54:47,98620,7,6,7,2,smash,1.0,0,2.0,5,-1.221951219512195,-0.9132812500000002,,,8,141.9,743.44,8,184.2,324.9,3,40,3330
13,5,00:54:47,98635,7,6,28,2,defensive shot,0.0,1,2.0,2,-1.2634146341463417,0.2806770833333332,,,8,178.6,298.97,8,147.9,745.46,3,40,3330
13,6,00:54:48,98667,7,6,7,2,net shot,0.0,1,2.0,1,-1.3085365853658537,-0.0936979166666667,,,2,82.4,570.79,8,124.0,358.96,3,40,3330
13,7,00:54:49,98694,7,6,28,3,net shot,0.0,1,2.0,7,0.921951219512195,-0.0749479166666666,not pass over the net,28.0,1,92.0,436.03,7,123.7,584.1,3,40,3330
