rally,ball_round,time,frame_num,roundscore_A,roundscore_B,player,server,type,aroundhead,backhand,landing_height,landing_area,landing_x,landing_y,lose_reason,getpoint_player,player_location_area,player_location_x,player_location_y,opponent_location_area,opponent_location_x,opponent_location_y,set,match_id,rally_id
8,1,00:09:36,17303,7,1,28,1,short service,0.0,0,2.0,1,1.225609756097561,0.4111979166666669,,,8,171.5,288.43,8,232.4,675.2,1,40,3256
8,2,00:09:37,17328,7,1,7,2,lob,0.0,0,1.0,4,1.398780487804878,-1.4584895833333331,,,7,248.9,574.07,8,195.5,287.63,1,40,3256
8,3,00:09:38,17362,7,1,28,2,drop,0.0,0,2.0,5,1.1670731707317072,0.8121354166666664,,,4,265.3,181.49,8,207.3,670.52,1,40,3256
8,4,00:09:39,17381,7,1,7,2,net shot,0.0,0,2.0,2,1.2121951219512193,-0.438125,,,8,247.9,653.24,8,222.3,220.63,1,40,3256
8,5,00:09:40,17411,7,1,28,2,net shot,0.0,0,2.0,1,1.204878048780488,0.2397916666666665,,,8,249.3,352.82,8,211.1,660.27,1,40,3256
8,6,00:09:41,17439,7,1,7,3,lob,0.0,0,2.0,10,-0.801219512195122,-1.7509375,out,28.0,1,254.5,548.03,8,226.1,338.74,1,40,3256
