rally,ball_round,time,frame_num,roundscore_A,roundscore_B,player,server,type,aroundhead,backhand,landing_height,landing_area,landing_x,landing_y,lose_reason,getpoint_player,player_location_area,player_location_x,player_location_y,opponent_location_area,opponent_location_x,opponent_location_y,set,match_id,rally_id
29,1,00:42:21,76245,12,17,7,1,short service,0.0,1,2.0,1,1.0268292682926827,0.4984895833333335,,,8,171.4,309.78,8,224.8,679.02,2,40,3312
29,2,00:42:22,76272,12,17,28,2,lob,0.0,1,1.0,6,1.340243902439024,-1.29515625,,,7,229.7,566.48,8,179.1,304.27,2,40,3312
29,3,00:42:23,76300,12,17,7,2,clear,1.0,0,1.0,4,-0.8951219512195122,1.5470833333333331,,,8,206.6,236.18,8,205.5,626.75,2,40,3312
29,4,00:42:24,76335,12,17,28,2,drop,0.0,0,1.0,7,-0.823170731707317,-0.3781770833333334,,,9,129.3,762.83,8,187.1,245.69,2,40,3312
29,5,00:42:25,76359,12,17,7,2,push/rush,0.0,0,1.0,8,-0.7219512195121952,1.1114583333333332,,,8,120.0,356.67,8,146.9,699.19,2,40,3312
29,6,00:42:25,76371,12,17,28,2,defensive shot,0.0,0,1.0,8,0.069512195121951,-1.0765104166666666,,,8,145.5,677.56,8,121.0,341.95,2,40,3312
29,7,00:42:26,76395,12,17,7,3,smash,0.0,0,2.0,8,-0.7902439024390243,1.2236979166666668,opponent's ball landed,28.0,8,157.8,299.65,8,143.8,687.35,2,40,3312
