rally,ball_round,time,frame_num,roundscore_A,roundscore_B,player,server,type,aroundhead,backhand,landing_height,landing_area,landing_x,landing_y,lose_reason,getpoint_player,player_location_area,player_location_x,player_location_y,opponent_location_area,opponent_location_x,opponent_location_y,set,match_id,rally_id
18,1,00:32:45,58976,9,9,28,1,short service,0.0,0,2.0,7,-0.302439024390244,-0.4923958333333334,,,8,183.8,659.35,8,122.2,284.63,2,40,3301
18,2,00:32:46,58999,9,9,7,2,lob,0.0,1,1.0,5,1.2768292682926827,1.37765625,,,8,120.7,361.45,8,162.7,662.21,2,40,3301
18,3,00:32:47,59026,9,9,28,2,clear,1.0,0,1.0,4,1.2439024390243902,-1.523125,,,8,191.5,693.95,8,174.5,288.33,2,40,3301
18,4,00:32:48,59065,9,9,7,2,smash,0.0,0,2.0,5,1.3012195121951218,0.9606770833333336,,,4,264.9,168.49,8,182.6,656.77,2,40,3301
18,5,00:32:49,59082,9,9,28,2,defensive shot,0.0,1,2.0,7,-0.6109756097560974,-0.5131770833333332,,,8,190.0,660.55,4,262.4,184.82,2,40,3301
18,6,00:32:50,59111,9,9,7,2,lob,0.0,0,1.0,4,-1.1048780487804877,1.5478124999999998,,,8,151.5,353.3,8,232.3,665.12,2,40,3301
18,7,00:32:51,59145,9,9,28,2,drop,0.0,0,2.0,8,-0.8475609756097561,-0.6103645833333333,,,4,97.9,769.93,8,157.0,283.46,2,40,3301
18,8,00:32:52,59166,9,9,7,2,net shot,0.0,0,2.0,2,-0.946341463414634,0.4119791666666668,,,8,127.7,321.55,8,139.5,720.9,2,40,3301
18,9,00:32:52,59189,9,9,28,3,net shot,0.0,0,2.0,2,1.2878048780487807,-0.3561979166666666,opponent's ball landed,28.0,8,114.7,605.29,8,145.2,292.01,2,40,3301
