rally,ball_round,time,frame_num,roundscore_A,roundscore_B,player,server,type,aroundhead,backhand,landing_height,landing_area,landing_x,landing_y,lose_reason,getpoint_player,player_location_area,player_location_x,player_location_y,opponent_location_area,opponent_location_x,opponent_location_y,set,match_id,rally_id
31,1,01:05:34,118040,21,10,28,1,short service,0.0,0,2.0,8,-0.4463414634146341,-0.6028125000000001,,,8,184.5,667.03,8,116.3,273.79,3,40,3348
31,2,01:05:35,118063,21,10,7,2,push/rush,0.0,1,1.0,6,-0.9475609756097562,1.4900520833333335,,,7,118.0,387.28,8,156.2,669.93,3,40,3348
31,3,01:05:36,118094,21,10,28,2,drive,0.0,0,2.0,5,-1.0207317073170732,-0.8741666666666665,,,9,116.2,770.75,8,149.7,313.09,3,40,3348
31,4,01:05:37,118115,21,10,7,2,defensive shot,0.0,0,2.0,1,1.0097560975609758,0.5485937500000002,,,5,100.6,314.66,8,140.4,742.41,3,40,3348
31,5,01:05:38,118141,21,10,28,2,push/rush,0.0,1,1.0,6,1.0878048780487803,-1.323020833333333,,,8,227.2,604.89,8,165.0,328.04,3,40,3348
31,6,01:05:38,118169,21,10,7,2,drop,0.0,1,2.0,2,-0.8963414634146342,0.4028645833333334,,,8,220.5,217.65,8,187.7,648.81,3,40,3348
31,7,01:05:39,118195,21,10,28,2,net shot,0.0,0,2.0,2,1.2658536585365856,-0.3793749999999998,,,8,120.0,613.92,8,173.9,271.82,3,40,3348
31,8,01:05:40,118220,21,10,7,3,lob,0.0,1,2.0,10,-0.4317073170731708,1.8125520833333333,out,28.0,7,239.0,372.25,8,164.5,625.98,3,40,3348
