rally,ball_round,time,frame_num,roundscore_A,roundscore_B,player,server,type,aroundhead,backhand,landing_height,landing_area,landing_x,landing_y,lose_reason,getpoint_player,player_location_area,player_location_x,player_location_y,opponent_location_area,opponent_location_x,opponent_location_y,set,match_id,rally_id
9,1,00:52:53,95197,4,5,28,1,short service,0.0,0,2.0,7,0.5060975609756098,0.4942187499999999,,,8,165.0,317.8,8,227.7,699.43,3,40,3326
9,2,00:52:53,95218,4,5,7,2,push/rush,0.0,1,1.0,4,1.4158536585365855,-1.425625,,,8,233.7,600.35,8,187.4,306.64,3,40,3326
9,3,00:52:54,95248,4,5,28,2,drive,0.0,0,2.0,5,1.0817073170731706,1.0888020833333332,,,6,275.3,218.68,8,199.8,685.45,3,40,3326
9,4,00:52:55,95261,4,5,7,2,defensive shot,0.0,0,2.0,8,-0.7024390243902439,-0.6766666666666667,,,8,228.9,694.7,8,249.5,243.47,3,40,3326
9,5,00:52:56,95285,4,5,28,3,push/rush,0.0,1,2.0,10,1.725609756097561,1.6240104166666665,out,28.0,8,129.4,351.53,8,201.4,685.43,3,40,3326
