rally,ball_round,time,frame_num,roundscore_A,roundscore_B,player,server,type,aroundhead,backhand,landing_height,landing_area,landing_x,landing_y,lose_reason,getpoint_player,player_location_area,player_location_x,player_location_y,opponent_location_area,opponent_location_x,opponent_location_y,set,match_id,rally_id
25,1,00:39:32,71179,11,14,7,1,short service,0.0,1,2.0,7,-0.3170731707317073,0.2905208333333332,,,8,185.0,309.35,8,126.1,677.8,2,40,3308
25,2,00:39:33,71207,11,14,28,2,net shot,0.0,0,2.0,2,1.2036585365853658,-0.056875,,,7,164.5,549.78,8,172.6,291.1,2,40,3308
25,3,00:39:34,71232,11,14,7,2,lob,0.0,1,1.0,9,-0.7682926829268293,1.6318229166666665,,,2,252.5,392.62,8,195.4,600.99,2,40,3308
25,4,00:39:36,71286,11,14,28,2,smash,0.0,0,2.0,5,-0.9743902439024392,-0.8609375,,,9,120.6,793.18,8,152.3,289.07,2,40,3308
25,5,00:39:36,71299,11,14,7,2,defensive shot,0.0,0,2.0,2,-1.0499999999999998,0.4899479166666669,,,8,132.3,300.48,4,104.1,807.48,2,40,3308
25,6,00:39:37,71330,11,14,28,2,lob,0.0,0,1.0,6,1.130487804878049,-1.213645833333333,,,7,115.5,582.7,8,153.5,294.43,2,40,3308
25,7,00:39:38,71360,11,14,7,2,smash,1.0,0,2.0,8,-0.3536585365853658,0.9774479166666664,,,8,176.6,231.32,8,165.9,650.44,2,40,3308
25,8,00:39:39,71374,11,14,28,3,defensive shot,0.0,0,2.0,10,1.7304878048780483,-0.4929166666666666,out,28.0,8,163.7,681.02,8,199.2,233.48,2,40,3308
