rally,ball_round,time,frame_num,roundscore_A,roundscore_B,player,server,type,aroundhead,backhand,landing_height,landing_area,landing_x,landing_y,lose_reason,getpoint_player,player_location_area,player_location_x,player_location_y,opponent_location_area,opponent_location_x,opponent_location_y,set,match_id,rally_id
8,1,00:28:23,51111,3,5,28,1,short service,0.0,0,2.0,7,0.4829268292682926,-0.4534375,,,8,160.6,654.46,8,224.4,272.89,2,40,3291
8,2,00:28:24,51137,3,5,7,2,lob,0.0,1,1.0,5,1.0097560975609758,1.4232291666666663,,,7,193.7,368.84,8,168.9,646.42,2,40,3291
8,3,00:28:25,51166,3,5,28,2,smash,0.0,0,2.0,8,-0.8500000000000001,-1.0188541666666666,,,8,199.6,722.49,8,187.7,285.17,2,40,3291
8,4,00:28:26,51183,3,5,7,2,defensive shot,0.0,0,2.0,2,-1.2195121951219512,0.4143229166666664,,,8,159.3,269.52,8,220.9,740.6,2,40,3291
8,5,00:28:27,51214,3,5,28,2,lob,0.0,0,1.0,3,-1.380487804878049,-1.4626041666666667,,,2,98.8,581.46,8,128.0,295.28,2,40,3291
8,6,00:28:28,51251,3,5,7,2,clear,0.0,0,1.0,5,1.2073170731707317,1.3495833333333334,,,3,71.0,179.37,8,143.0,652.09,2,40,3291
8,7,00:28:29,51280,3,5,28,3,smash,1.0,0,2.0,2,0.9987804878048778,0.0175,touched the net,28.0,8,207.0,685.36,8,149.7,238.23,2,40,3291
