rally,ball_round,time,frame_num,roundscore_A,roundscore_B,player,server,type,aroundhead,backhand,landing_height,landing_area,landing_x,landing_y,lose_reason,getpoint_player,player_location_area,player_location_x,player_location_y,opponent_location_area,opponent_location_x,opponent_location_y,set,match_id,rally_id
22,1,01:00:12,108380,13,9,28,1,short service,0.0,0,2.0,7,0.6975609756097559,-0.4925,,,8,161.1,668.6,8,223.4,308.11,3,40,3339
22,2,01:00:13,108403,13,9,7,2,push/rush,0.0,1,1.0,4,-1.1804878048780487,1.58859375,,,7,201.7,382.62,8,162.2,653.13,3,40,3339
22,3,01:00:14,108438,13,9,28,2,drop,0.0,0,2.0,5,-1.1353658536585365,-0.6322395833333333,,,4,102.0,779.44,8,153.3,315.58,3,40,3339
22,4,01:00:15,108463,13,9,7,2,lob,0.0,0,1.0,8,0.6121951219512194,1.3860416666666666,,,5,103.3,342.49,8,139.4,718.68,3,40,3339
22,5,01:00:16,108495,13,9,28,2,clear,1.0,0,1.0,8,-0.7378048780487805,-1.2941145833333334,,,8,199.5,733.37,8,161.9,291.46,3,40,3339
22,6,01:00:17,108525,13,9,7,2,clear,0.0,0,2.0,3,1.2134146341463414,1.5907291666666663,,,8,134.6,256.21,8,186.9,724.82,3,40,3339
22,7,01:00:18,108565,13,9,28,2,drop,0.0,1,2.0,6,1.395121951219512,-0.5756249999999999,,,9,246.1,771.67,8,177.9,312.19,3,40,3339
22,8,01:00:19,108591,13,9,7,2,drive,0.0,1,2.0,5,1.2073170731707317,1.0685937499999998,,,6,265.5,349.9,8,209.8,724.58,3,40,3339
22,9,01:00:20,108606,13,9,28,3,defensive shot,0.0,1,2.0,10,-1.803658536585366,0.1346354166666667,not pass over the net,28.0,8,188.2,666.98,8,248.3,343.04,3,40,3339
