rally,ball_round,time,frame_num,roundscore_A,roundscore_B,player,server,type,aroundhead,backhand,landing_height,landing_area,landing_x,landing_y,lose_reason,getpoint_player,player_location_area,player_location_x,player_location_y,opponent_location_area,opponent_location_x,opponent_location_y,set,match_id,rally_id
17,1,00:56:39,101988,10,7,28,1,short service,0.0,0,2.0,7,-0.3804878048780486,0.4929687499999999,,,8,185.4,322.3,8,119.7,691.24,3,40,3334
17,2,00:56:40,102009,10,7,7,2,lob,0.0,1,1.0,8,-0.7329268292682927,-1.0942708333333335,,,8,147.0,614.92,8,187.0,334.94,3,40,3334
17,3,00:56:41,102034,10,7,28,2,drop,1.0,0,2.0,7,-0.6402439024390244,0.4440104166666667,,,8,168.4,266.4,8,167.3,688.27,3,40,3334
17,4,00:56:41,102059,10,7,7,2,net shot,0.0,1,2.0,2,1.19390243902439,-0.2973958333333334,,,8,131.5,618.03,8,170.3,283.01,3,40,3334
17,5,00:56:42,102084,10,7,28,2,push/rush,0.0,0,1.0,5,1.353658536585366,1.4491145833333334,,,7,239.1,388.45,8,187.5,660.59,3,40,3334
17,6,00:56:43,102116,10,7,7,2,drop,0.0,0,2.0,6,1.340243902439024,-0.6385416666666668,,,3,259.2,767.67,8,212.4,318.88,3,40,3334
17,7,00:56:44,102140,10,7,28,2,push/rush,0.0,0,1.0,8,-0.7048780487804878,1.282916666666667,,,8,250.6,325.37,8,222.5,723.35,3,40,3334
17,8,00:56:45,102163,10,7,7,3,clear,1.0,0,2.0,10,-1.6439024390243904,-1.5769791666666666,out,28.0,8,166.6,696.62,8,206.2,311.28,3,40,3334
