rally,ball_round,time,frame_num,roundscore_A,roundscore_B,player,server,type,aroundhead,backhand,landing_height,landing_area,landing_x,landing_y,lose_reason,getpoint_player,player_location_area,player_location_x,player_location_y,opponent_location_area,opponent_location_x,opponent_location_y,set,match_id,rally_id
5,1,00:08:40,15624,4,1,17,1,short service,0.0,1,2.0,7,0.3987804878048779,0.4928645833333333,,,8,171.4,341.99,8,218.3,683.48,1,20,1616
5,2,00:08:41,15646,4,1,13,2,lob,0.0,0,1.0,8,-0.4621951219512196,-1.3686458333333331,,,7,180.5,580.42,8,170.1,326.88,1,20,1616
5,3,00:08:42,15684,4,1,17,2,smash,0.0,0,2.0,5,0.9609756097560976,1.083645833333333,,,8,144.2,222.01,8,177.1,675.72,1,20,1616
5,4,00:08:43,15697,4,1,13,2,defensive shot,0.0,0,2.0,2,1.1378048780487806,-0.2427083333333334,,,8,210.9,676.22,9,141.7,197.18,1,20,1616
5,5,00:08:44,15729,4,1,17,2,net shot,0.0,0,2.0,1,1.3426829268292686,0.2901562500000001,,,6,259.9,349.83,8,215.9,654.33,1,20,1616
5,6,00:08:45,15756,4,1,13,2,net shot,0.0,0,2.0,1,-1.0634146341463415,-0.1783333333333333,,,1,262.6,562.57,8,226.4,331.14,1,20,1616
5,7,00:08:46,15786,4,1,17,3,net shot,0.0,1,2.0,1,-1.0182926829268293,-0.0171354166666667,touched the net,17.0,7,117.4,398.3,8,189.6,607.36,1,20,1616
