rally,ball_round,time,frame_num,roundscore_A,roundscore_B,player,server,type,aroundhead,backhand,landing_height,landing_area,landing_x,landing_y,lose_reason,getpoint_player,player_location_area,player_location_x,player_location_y,opponent_location_area,opponent_location_x,opponent_location_y,set,match_id,rally_id
23,1,00:19:15,34675,14,9,17,1,short service,0.0,1,2.0,7,0.1390243902439025,0.3876041666666664,,,8,171.4,341.99,8,219.0,690.54,1,20,1634
23,2,00:19:16,34694,14,9,13,2,net shot,0.0,0,2.0,1,-0.9146341463414634,-0.0691145833333332,,,7,172.8,578.18,8,170.1,320.76,1,20,1634
23,3,00:19:17,34717,14,9,17,2,net shot,0.0,1,2.0,2,-0.8914634146341462,0.2488020833333332,,,7,116.4,401.04,8,158.4,612.88,1,20,1634
23,4,00:19:18,34745,14,9,13,2,lob,0.0,1,1.0,9,-0.823170731707317,-1.4662499999999998,,,7,124.7,515.18,7,144.1,379.25,1,20,1634
23,5,00:19:20,34807,14,9,17,2,smash,0.0,0,2.0,6,-1.1048780487804877,1.1540625000000002,,,9,106.1,185.45,8,173.8,679.26,1,20,1634
23,6,00:19:20,34822,14,9,13,2,defensive shot,0.0,1,1.0,3,-1.0865853658536584,-1.4500520833333332,,,8,191.3,693.63,9,121.0,203.83,1,20,1634
23,7,00:19:22,34860,14,9,17,3,smash,0.0,0,2.0,1,-1.2890243902439025,0.0067708333333333,touched the net,17.0,8,109.2,210.64,8,168.6,677.39,1,20,1634
