rally,ball_round,time,frame_num,roundscore_A,roundscore_B,player,server,type,aroundhead,backhand,landing_height,landing_area,landing_x,landing_y,lose_reason,getpoint_player,player_location_area,player_location_x,player_location_y,opponent_location_area,opponent_location_x,opponent_location_y,set,match_id,rally_id
6,1,00:13:11,23753,3,3,16,1,long service,0.0,0,1.0,9,-0.1987804878048782,-1.4125520833333336,,,8,193.7,672.91,8,118.2,282.27,1,17,1361
6,2,00:13:13,23812,3,3,15,2,drop,0.0,0,2.0,6,-0.9378048780487804,0.9313541666666668,,,9,150.9,191.27,8,190.5,677.12,1,17,1361
6,3,00:13:14,23829,3,3,16,2,net shot,0.0,1,2.0,7,-0.0817073170731706,-0.3741666666666665,,,8,149.2,659.56,8,170.6,234.49,1,17,1361
6,4,00:13:15,23858,3,3,15,2,net shot,0.0,0,2.0,2,-1.0097560975609756,0.2635416666666668,,,7,143.3,383.03,8,161.0,688.33,1,17,1361
6,5,00:13:16,23885,3,3,16,2,net shot,0.0,1,2.0,1,-0.9207317073170732,-0.1919270833333334,,,2,100.8,575.86,7,146.4,367.58,1,17,1361
6,6,00:13:17,23913,3,3,15,2,net shot,0.0,1,1.0,7,-0.2475609756097562,0.1794791666666665,,,7,112.7,449.09,7,130.6,584.93,1,17,1361
6,7,00:13:17,23933,3,3,16,3,push/rush,0.0,1,2.0,6,1.2073170731707317,-0.820625,opponent's ball landed,16.0,7,175.7,521.31,7,147.7,404.87,1,17,1361
