rally,ball_round,time,frame_num,roundscore_A,roundscore_B,player,server,type,aroundhead,backhand,landing_height,landing_area,landing_x,landing_y,lose_reason,getpoint_player,player_location_area,player_location_x,player_location_y,opponent_location_area,opponent_location_x,opponent_location_y,set,match_id,rally_id
2,1,00:36:13,65195,1,1,15,1,short service,0.0,0,2.0,7,0.3402439024390244,-0.406875,,,8,158.3,659.65,8,221.4,275.85,2,17,1395
2,2,00:36:14,65222,1,1,16,2,lob,0.0,1,1.0,9,-0.8426829268292683,1.63265625,,,8,177.6,364.5,8,169.9,638.67,2,17,1395
2,3,00:36:15,65260,1,1,15,2,drop,0.0,0,2.0,5,-0.9658536585365854,-0.8038541666666665,,,9,114.6,780.55,8,145.5,278.73,2,17,1395
2,4,00:36:16,65280,1,1,16,2,net shot,0.0,0,2.0,7,-0.0512195121951218,0.6549999999999999,,,8,116.8,286.16,8,139.2,738.4,2,17,1395
2,5,00:36:16,65307,1,1,15,3,lob,0.0,1,2.0,10,-0.9707317073170731,-1.8131770833333332,out,16.0,8,138.5,619.95,8,160.1,309.77,2,17,1395
