rally,ball_round,time,frame_num,roundscore_A,roundscore_B,player,server,type,aroundhead,backhand,landing_height,landing_area,landing_x,landing_y,lose_reason,getpoint_player,player_location_area,player_location_x,player_location_y,opponent_location_area,opponent_location_x,opponent_location_y,set,match_id,rally_id
24,1,00:23:58,43168,11,13,15,1,short service,0.0,0,2.0,7,0.6463414634146342,0.419583333333333,,,8,170.9,311.8,8,233.0,682.78,1,17,1379
24,2,00:23:59,43192,11,13,16,2,net shot,0.0,0,2.0,7,0.151219512195122,-0.1370833333333333,,,7,237.8,589.78,8,191.0,308.3,1,17,1379
24,3,00:24:00,43218,11,13,15,2,lob,0.0,1,1.0,8,0.648780487804878,1.461354166666667,,,7,187.7,397.08,8,166.7,597.6,1,17,1379
24,4,00:24:01,43257,11,13,16,2,smash,0.0,0,2.0,6,0.9731707317073172,-0.96234375,,,9,204.6,779.58,8,197.7,310.28,1,17,1379
24,5,00:24:02,43273,11,13,15,2,defensive shot,0.0,0,2.0,7,0.4890243902439024,0.6189062500000002,,,8,210.8,275.7,8,206.4,756.54,1,17,1379
24,6,00:24:03,43297,11,13,16,2,push/rush,0.0,0,1.0,9,-0.5231707317073171,-1.4032291666666663,,,8,188.1,614.58,8,195.4,328.88,1,17,1379
24,7,00:24:04,43331,11,13,15,2,smash,1.0,0,2.0,8,0.8414634146341463,1.0077604166666667,,,8,152.9,215.2,8,196.1,688.66,1,17,1379
24,8,00:24:04,43345,11,13,16,3,defensive shot,0.0,0,2.0,1,1.0597560975609754,0.1261458333333334,touched the net,16.0,8,195.1,702.93,8,133.6,212.78,1,17,1379
