rally,ball_round,time,frame_num,roundscore_A,roundscore_B,player,server,type,aroundhead,backhand,landing_height,landing_area,landing_x,landing_y,lose_reason,getpoint_player,player_location_area,player_location_x,player_location_y,opponent_location_area,opponent_location_x,opponent_location_y,set,match_id,rally_id
1,1,00:10:33,18996,0,1,16,1,long service,0.0,0,1.0,9,-0.4268292682926829,-1.5065104166666667,,,8,190.8,658.87,8,121.2,276.41,1,17,1356
1,2,00:10:35,19052,0,1,15,2,smash,0.0,0,2.0,8,-0.3670731707317072,0.8572395833333335,,,9,143.8,197.75,8,194.5,670.79,1,17,1356
1,3,00:10:35,19068,0,1,16,2,defensive shot,0.0,1,2.0,8,0.8804878048780487,-0.5565104166666668,,,8,190.6,676.06,8,142.0,240.31,1,17,1356
1,4,00:10:36,19094,0,1,15,2,push/rush,0.0,0,1.0,5,1.1634146341463412,1.065208333333333,,,7,221.1,368.56,8,200.6,694.87,1,17,1356
1,5,00:10:37,19110,0,1,16,3,smash,0.0,0,2.0,7,0.3390243902439026,0.2338541666666665,touched the net,16.0,8,210.7,685.69,8,222.7,349.19,1,17,1356
