rally,ball_round,time,frame_num,roundscore_A,roundscore_B,player,server,type,aroundhead,backhand,landing_height,landing_area,landing_x,landing_y,lose_reason,getpoint_player,player_location_area,player_location_x,player_location_y,opponent_location_area,opponent_location_x,opponent_location_y,set,match_id,rally_id
25,1,00:52:29,94471,17,8,16,1,long service,0.0,0,1.0,9,0.5560975609756097,1.7988541666666666,,,8,163.6,580.3,8,218.0,759.36,2,17,1418
25,2,00:52:30,94528,17,8,15,2,smash,0.0,0,2.0,5,-0.852439024390244,0.5408333333333335,,,9,213.5,811.51,8,163.5,568.93,2,17,1418
25,3,00:52:31,94548,17,8,16,2,defensive shot,0.0,0,2.0,2,-0.723170731707317,1.1558854166666663,,,8,136.4,582.51,9,198.3,797.39,2,17,1418
25,4,00:52:32,94576,17,8,15,2,lob,0.0,0,1.0,5,-0.7219512195121952,0.4199999999999999,,,8,131.3,716.25,8,149.4,581.4,2,17,1418
25,5,00:52:33,94600,17,8,16,2,smash,0.0,0,2.0,8,-0.2426829268292683,1.3946354166666666,,,8,144.6,559.72,8,141.1,741.23,2,17,1418
25,6,00:52:33,94612,17,8,15,2,defensive shot,0.0,1,2.0,1,-0.8365853658536585,0.7581249999999997,,,8,140.9,755.06,3,122.1,534.35,2,17,1418
25,7,00:52:34,94642,17,8,16,2,lob,0.0,0,1.0,4,-0.7463414634146341,1.7603125000000002,,,8,138.9,605.75,8,153.8,739.47,2,17,1418
25,8,00:52:36,94681,17,8,15,3,smash,0.0,0,2.0,10,1.2146341463414636,0.5238020833333336,out,16.0,9,127.5,807.55,8,150.3,567.51,2,17,1418
