rally,ball_round,time,frame_num,roundscore_A,roundscore_B,player,server,type,aroundhead,backhand,landing_height,landing_area,landing_x,landing_y,lose_reason,getpoint_player,player_location_area,player_location_x,player_location_y,opponent_location_area,opponent_location_x,opponent_location_y,set,match_id,rally_id
12,1,00:16:35,29853,4,8,15,1,short service,0.0,0,2.0,7,-0.1524390243902439,0.6608854166666666,,,8,191.6,302.61,8,124.5,698.23,1,17,1367
12,2,00:16:35,29879,4,8,16,2,push/rush,0.0,1,1.0,9,0.6463414634146342,-1.4646875,,,8,182.3,626.21,8,177.1,315.64,1,17,1367
12,3,00:16:37,29914,4,8,15,2,drop,0.0,0,2.0,8,0.224390243902439,0.7504687500000001,,,8,203.5,209.51,8,207.2,702.03,1,17,1367
12,4,00:16:37,29934,4,8,16,3,net shot,0.0,0,2.0,7,-0.6329268292682928,0.1997395833333334,touched the net,16.0,8,173.1,651.01,8,195.5,232.76,1,17,1367
