rally,ball_round,time,frame_num,roundscore_A,roundscore_B,player,server,type,aroundhead,backhand,landing_height,landing_area,landing_x,landing_y,lose_reason,getpoint_player,player_location_area,player_location_x,player_location_y,opponent_location_area,opponent_location_x,opponent_location_y,set,match_id,rally_id
34,1,00:30:57,55736,18,16,15,1,short service,0.0,0,2.0,7,0.6609756097560974,0.4742187499999997,,,8,166.8,315.5,8,224.3,698.15,1,17,1389
34,2,00:30:58,55760,18,16,16,2,net shot,0.0,0,2.0,7,0.2268292682926828,-0.2024479166666667,,,7,202.0,590.63,8,184.8,317.62,1,17,1389
34,3,00:30:59,55784,18,16,15,2,net shot,0.0,0,2.0,7,0.4987804878048781,0.2708854166666666,,,7,167.9,408.41,8,188.5,615.77,1,17,1389
34,4,00:31:00,55811,18,16,16,2,lob,0.0,0,1.0,9,0.5597560975609757,-1.3963020833333335,,,7,186.9,552.37,7,166.7,366.1,1,17,1389
34,5,00:31:02,55868,18,16,15,2,smash,0.0,0,2.0,5,1.1865853658536587,1.20625,,,8,230.0,209.9,8,206.6,709.04,1,17,1389
34,6,00:31:02,55881,18,16,16,2,defensive shot,0.0,0,2.0,2,1.069512195121951,-0.3505208333333334,,,8,213.9,723.82,8,226.1,209.84,1,17,1389
34,7,00:31:03,55905,18,16,15,2,push/rush,0.0,0,1.0,6,-0.924390243902439,1.1818229166666665,,,7,229.6,390.91,8,231.8,713.23,1,17,1389
34,8,00:31:04,55931,18,16,16,2,clear,1.0,0,2.0,8,0.0182926829268292,-0.9273958333333332,,,8,157.5,704.59,8,200.1,317.83,1,17,1389
34,9,00:31:04,55942,18,16,15,3,defensive shot,0.0,1,2.0,10,2.6682926829268294,-0.5009895833333333,not pass over the net,16.0,8,186.4,304.45,8,128.2,743.91,1,17,1389
