rally,ball_round,time,frame_num,roundscore_A,roundscore_B,player,server,type,aroundhead,backhand,landing_height,landing_area,landing_x,landing_y,lose_reason,getpoint_player,player_location_area,player_location_x,player_location_y,opponent_location_area,opponent_location_x,opponent_location_y,set,match_id,rally_id
32,1,00:19:18,34740,12,20,6,1,short service,0.0,1,2.0,7,0.2048780487804879,-0.3041666666666665,,,8,170.6,633.46,8,231.2,287.76,1,4,315
32,2,00:19:18,34762,12,20,0,2,net shot,0.0,0,2.0,2,-0.9036585365853658,0.2949479166666666,,,7,221.5,401.76,8,184.5,633.36,1,4,315
32,3,00:19:19,34789,12,20,6,2,lob,0.0,1,1.0,4,1.3146341463414637,-1.59015625,,,7,132.7,571.96,8,205.6,327.0,1,4,315
32,4,00:19:20,34828,12,20,0,2,clear,0.0,1,1.0,5,1.1085365853658533,1.4828125000000003,,,6,258.0,206.72,8,184.7,660.05,1,4,315
32,5,00:19:22,34864,12,20,6,2,drop,0.0,0,2.0,6,1.4414634146341463,-0.835625,,,9,238.7,774.26,8,193.7,260.54,1,4,315
32,6,00:19:22,34885,12,20,0,2,push/rush,0.0,1,1.0,8,-0.7341463414634146,1.44421875,,,6,269.8,318.96,8,227.0,731.41,1,4,315
32,7,00:19:24,34921,12,20,6,2,clear,1.0,0,1.0,3,-1.1829268292682926,-1.4116666666666664,,,8,163.2,727.56,8,164.3,298.59,1,4,315
32,8,00:19:25,34960,12,20,0,3,drop,0.0,0,2.0,2,1.003658536585366,-0.0999479166666666,touched the net,0.0,3,89.0,181.91,8,178.7,693.16,1,4,315
