rally,ball_round,time,frame_num,roundscore_A,roundscore_B,player,server,type,aroundhead,backhand,landing_height,landing_area,landing_x,landing_y,lose_reason,getpoint_player,player_location_area,player_location_x,player_location_y,opponent_location_area,opponent_location_x,opponent_location_y,set,match_id,rally_id
9,1,00:24:43,44517,4,5,0,1,short service,0.0,1,2.0,1,-1.0865853658536584,-0.4689583333333334,,,8,187.5,633.34,8,144.4,284.03,2,4,325
9,2,00:24:45,44567,4,5,6,2,lob,0.0,0,1.0,6,-1.0804878048780486,1.4378124999999995,,,7,128.2,378.67,8,161.7,644.63,2,4,325
9,3,00:24:46,44598,4,5,0,2,drop,1.0,0,2.0,5,-1.424390243902439,-0.8059895833333334,,,8,108.0,726.44,8,145.4,308.62,2,4,325
9,4,00:24:47,44618,4,5,6,2,net shot,0.0,0,2.0,2,-1.2841463414634149,0.4015104166666668,,,5,96.3,304.45,8,111.8,729.21,2,4,325
9,5,00:24:48,44645,4,5,0,2,net shot,0.0,1,2.0,7,0.7597560975609757,-0.2845312499999999,,,8,109.3,594.45,8,134.1,325.59,2,4,325
9,6,00:24:49,44671,4,5,6,2,lob,0.0,1,1.0,3,1.3475609756097562,1.592552083333333,,,7,202.5,421.3,8,148.9,649.42,2,4,325
9,7,00:24:50,44719,4,5,0,2,drop,0.0,0,2.0,8,-0.0256097560975609,-0.6169791666666665,,,3,258.4,780.63,8,171.7,293.57,2,4,325
9,8,00:24:51,44738,4,5,6,2,net shot,0.0,0,2.0,1,1.1829268292682926,0.3348958333333331,,,8,183.9,317.74,8,222.5,730.04,2,4,325
9,9,00:24:52,44762,4,5,0,3,push/rush,0.0,0,2.0,10,1.1512195121951216,-1.78625,out,0.0,7,244.4,589.99,8,187.6,312.87,2,4,325
