rally,ball_round,time,frame_num,roundscore_A,roundscore_B,player,server,type,aroundhead,backhand,landing_height,landing_area,landing_x,landing_y,lose_reason,getpoint_player,player_location_area,player_location_x,player_location_y,opponent_location_area,opponent_location_x,opponent_location_y,set,match_id,rally_id
3,1,00:45:02,81076,2,1,6,1,short service,0.0,1,2.0,8,0.0682926829268292,-0.5814583333333333,,,8,169.0,625.42,8,233.3,262.51,3,4,358
3,2,00:45:03,81097,2,1,0,2,push/rush,0.0,0,1.0,5,1.0158536585365856,1.50390625,,,7,220.5,375.28,8,172.0,652.39,3,4,358
3,3,00:45:04,81129,2,1,6,2,clear,0.0,0,1.0,6,1.0621951219512198,-1.24390625,,,8,237.4,746.43,8,188.6,334.32,3,4,358
3,4,00:45:05,81165,2,1,0,2,drop,1.0,0,2.0,5,1.1158536585365857,0.7618229166666666,,,8,236.9,233.86,8,203.9,673.66,3,4,358
3,5,00:45:06,81186,2,1,6,2,net shot,0.0,0,2.0,1,-0.8951219512195122,-0.4120833333333333,,,8,247.3,650.33,8,233.2,228.62,3,4,358
3,6,00:45:07,81216,2,1,0,2,net shot,0.0,0,2.0,2,-1.023170731707317,0.2270833333333334,,,7,122.7,392.03,8,185.5,630.14,3,4,358
3,7,00:45:08,81243,2,1,6,3,lob,0.0,1,2.0,7,-0.1390243902439025,0.3782291666666666,touched the net,0.0,7,122.0,563.28,8,151.9,346.5,3,4,358
