rally,ball_round,time,frame_num,roundscore_A,roundscore_B,player,server,type,aroundhead,backhand,landing_height,landing_area,landing_x,landing_y,lose_reason,getpoint_player,player_location_area,player_location_x,player_location_y,opponent_location_area,opponent_location_x,opponent_location_y,set,match_id,rally_id
23,1,00:42:11,75955,14,9,13,1,short service,0.0,1,2.0,7,-0.5378048780487804,0.4972916666666667,,,8,183.8,317.98,8,130.8,660.46,2,20,1666
23,2,00:42:12,75978,14,9,17,2,net shot,0.0,1,2.0,1,-1.1207317073170733,-0.0975000000000001,,,7,128.0,581.64,8,171.9,305.28,2,20,1666
23,3,00:42:13,76002,14,9,13,2,net shot,0.0,0,2.0,2,-1.4695121951219512,0.2443749999999998,,,1,98.5,408.89,8,139.3,596.37,2,20,1666
23,4,00:42:14,76027,14,9,17,2,lob,0.0,0,1.0,9,0.278048780487805,-1.511875,,,2,77.2,525.89,7,116.1,381.5,2,20,1666
23,5,00:42:15,76068,14,9,13,2,smash,0.0,0,2.0,8,0.8548780487804878,0.9585416666666664,,,8,178.0,208.77,8,159.7,626.73,2,20,1666
23,6,00:42:16,76085,14,9,17,2,defensive shot,0.0,1,2.0,7,0.25,-0.1536458333333333,,,8,166.4,649.83,9,188.2,180.16,2,20,1666
23,7,00:42:17,76111,14,9,13,2,net shot,0.0,0,2.0,1,1.1085365853658533,0.2763020833333331,,,7,228.3,366.69,8,180.0,638.66,2,20,1666
23,8,00:42:17,76135,14,9,17,2,lob,0.0,1,1.0,9,-0.6951219512195121,-1.50296875,,,7,240.9,544.61,8,207.9,327.7,2,20,1666
23,9,00:42:18,76169,14,9,13,3,smash,0.0,0,2.0,1,-0.8695121951219512,-0.0422395833333334,touched the net,17.0,9,127.0,182.32,8,161.4,644.09,2,20,1666
