rally,ball_round,time,frame_num,roundscore_A,roundscore_B,player,server,type,aroundhead,backhand,landing_height,landing_area,landing_x,landing_y,lose_reason,getpoint_player,player_location_area,player_location_x,player_location_y,opponent_location_area,opponent_location_x,opponent_location_y,set,match_id,rally_id
7,1,00:30:07,54229,6,1,17,1,short service,0.0,1,2.0,7,0.5109756097560977,-0.3044270833333333,,,8,174.4,598.99,8,224.0,261.3,2,20,1650
7,2,00:30:08,54253,6,1,13,2,lob,0.0,1,1.0,5,0.9914634146341464,1.3951041666666668,,,7,202.6,391.71,8,173.0,613.12,2,20,1650
7,3,00:30:09,54282,6,1,17,2,smash,0.0,1,2.0,8,0.6170731707317072,-0.9018229166666666,,,5,256.2,729.98,8,183.8,324.12,2,20,1650
7,4,00:30:09,54295,6,1,13,2,defensive shot,0.0,1,2.0,7,-0.0585365853658537,0.5567187499999999,,,8,173.2,317.75,8,213.3,692.21,2,20,1650
7,5,00:30:10,54314,6,1,17,2,net shot,0.0,0,2.0,2,1.0109756097560971,-0.1883333333333334,,,8,187.0,623.25,8,174.4,308.47,2,20,1650
7,6,00:30:11,54337,6,1,13,2,lob,0.0,1,1.0,5,1.2829268292682925,1.4716666666666665,,,7,244.8,375.65,8,193.9,625.32,2,20,1650
7,7,00:30:12,54370,6,1,17,2,smash,1.0,0,2.0,6,1.180487804878049,-1.0140625,,,8,216.4,726.15,8,195.8,302.68,2,20,1650
7,8,00:30:12,54382,6,1,13,3,defensive shot,0.0,1,2.0,10,-1.5609756097560976,0.6444270833333334,out,17.0,8,171.8,292.64,8,230.1,724.7,2,20,1650
